,user,regularitynbFollowing,nbVideos,regularitynbCatchup,regularitynbIndependant,intensitybinge,intensityregular,orderseq,orderjump,orderoutOfOrder,pcaInput,_1,_2,features,prediction
0,003136ec-fd3a-908e-de7e-45301e3b,0.4,5.0,0.6,0.0,0.8,0.2,0.2,0.0,0.6,"[0.4,0.6,0.0,0.8,0.2,0.2,0.0,0.6]",0.35348312262884946,-0.4936103476212519,"[0.35348312262884946,-0.4936103476212519]",3
1,0064c3fd-7e6e-425c-f754-34b889c8,0.0,6.0,0.0,1.0,1.0,0.0,0.6666666666666666,0.16666666666666666,0.0,"(8,[2,3,5,6],[1.0,1.0,0.6666666666666666,0.16666666666666666])",0.7927731461920755,0.6346876957287124,"[0.7927731461920755,0.6346876957287124]",2
2,037820a7-a143-422c-3ebd-3553d373,0.14285714285714285,7.0,0.8571428571428571,0.0,1.0,0.0,0.2857142857142857,0.14285714285714285,0.42857142857142855,"[0.14285714285714285,0.8571428571428571,0.0,1.0,0.0,0.2857142857142857,0.14285714285714285,0.42857142857142855]",0.7440415894993094,-0.636667276404051,"[0.7440415894993094,-0.636667276404051]",4
3,04745589-295d-158e-c6c0-ef24f730,1.0,4.0,0.0,0.0,0.0,1.0,0.75,0.0,0.0,"(8,[0,4,5],[1.0,1.0,0.75])",-1.0440365784742387,-0.14093905567449028,"[-1.0440365784742387,-0.14093905567449028]",0
4,04a7d779-f053-b1a3-386e-82d69979,0.0,7.0,0.0,1.0,1.0,0.0,0.42857142857142855,0.2857142857142857,0.14285714285714285,"[0.0,0.0,1.0,1.0,0.0,0.42857142857142855,0.2857142857142857,0.14285714285714285]",0.8025984574589519,0.6567591058091738,"[0.8025984574589519,0.6567591058091738]",2
5,068616a9-816f-e8e4-d737-6ddba1df,0.0,4.0,0.0,1.0,1.0,0.0,0.5,0.0,0.25,"(8,[2,3,5,7],[1.0,1.0,0.5,0.25])",0.8174871489384505,0.6419342364529051,"[0.8174871489384505,0.6419342364529051]",2
6,06f2e041-7a2d-a0ab-5f48-fd01f0a2,0.09090909090909091,11.0,0.9090909090909091,0.0,1.0,0.0,0.9090909090909091,0.0,0.0,"(8,[0,1,3,5],[0.09090909090909091,0.9090909090909091,1.0,0.9090909090909091])",0.7438357519917393,-0.7089506869352984,"[0.7438357519917393,-0.7089506869352984]",4
7,0781bbba-c179-f93c-1116-8d684911,0.0,5.0,0.0,1.0,0.8,0.2,0.2,0.4,0.2,"[0.0,0.0,1.0,0.8,0.2,0.2,0.4,0.2]",0.5688520840962914,0.7169932902961037,"[0.5688520840962914,0.7169932902961037]",2
8,08ee9ac0-7656-2b25-ce41-b44d758e,1.0,4.0,0.0,0.0,0.0,1.0,0.5,0.25,0.0,"(8,[0,4,5,6],[1.0,1.0,0.5,0.25])",-1.0477415594433535,-0.11436060717246724,"[-1.0477415594433535,-0.11436060717246724]",0
9,0a84077c-d3fa-56fc-803c-a863ca7e,0.0,4.0,0.0,1.0,1.0,0.0,0.25,0.25,0.25,"[0.0,0.0,1.0,1.0,0.0,0.25,0.25,0.25]",0.8137821679693357,0.6685126849549282,"[0.8137821679693357,0.6685126849549282]",2
10,0c9621b0-ff94-77e8-727f-5420882d,1.0,6.0,0.0,0.0,0.0,1.0,0.8333333333333334,0.0,0.0,"(8,[0,4,5],[1.0,1.0,0.8333333333333334])",-1.0453447361913515,-0.14659855289877022,"[-1.0453447361913515,-0.14659855289877022]",0
11,0e59235e-e51a-a5cd-e0ba-0fffe847,0.09090909090909091,11.0,0.9090909090909091,0.0,1.0,0.0,0.8181818181818182,0.09090909090909091,0.0,"[0.09090909090909091,0.9090909090909091,0.0,1.0,0.0,0.8181818181818182,0.09090909090909091,0.0]",0.7424884861847886,-0.6992857965709264,"[0.7424884861847886,-0.6992857965709264]",4
12,101c246c-3f77-d919-ca38-8d19141e,0.0,4.0,0.0,1.0,1.0,0.0,0.75,0.0,0.0,"(8,[2,3,5],[1.0,1.0,0.75])",0.7965512912219316,0.622628227284977,"[0.7965512912219316,0.622628227284977]",2
13,10355f7a-f86a-830c-cbf1-fb3c40b6,0.0,4.0,0.0,1.0,0.75,0.25,0.25,0.25,0.25,"[0.0,0.0,1.0,0.75,0.25,0.25,0.25,0.25]",0.5166133815718309,0.7182507304650722,"[0.5166133815718309,0.7182507304650722]",2
14,135b42ab-ac52-d14a-c37c-6ffeca28,0.0,8.0,0.0,1.0,1.0,0.0,0.875,0.0,0.0,"(8,[2,3,5],[1.0,1.0,0.875])",0.7945890546462624,0.6141389814485572,"[0.7945890546462624,0.6141389814485572]",2
15,1459b8fd-ecab-4e30-1fc9-3d649648,0.14285714285714285,7.0,0.8571428571428571,0.0,1.0,0.0,0.14285714285714285,0.14285714285714285,0.5714285714285714,"[0.14285714285714285,0.8571428571428571,0.0,1.0,0.0,0.14285714285714285,0.14285714285714285,0.5714285714285714]",0.7560049367658916,-0.625635271165235,"[0.7560049367658916,-0.625635271165235]",4
16,1496b095-5b5f-4c47-5066-49bcf5d6,0.25,4.0,0.75,0.0,1.0,0.0,0.25,0.5,0.0,"[0.25,0.75,0.0,1.0,0.0,0.25,0.5,0.0]",0.6336266311046693,-0.5822946781894707,"[0.6336266311046693,-0.5822946781894707]",4
17,14a5fec5-bb5b-cac7-e40e-9a363e5c,0.25,4.0,0.5,0.25,0.75,0.25,0.25,0.25,0.25,"[0.25,0.5,0.25,0.75,0.25,0.25,0.25,0.25]",0.3586108557769633,-0.2006790932705939,"[0.3586108557769633,-0.2006790932705939]",3
18,16ba8f74-d9b7-c724-98c5-f31f43be,0.8333333333333334,6.0,0.16666666666666666,0.0,0.0,1.0,0.5,0.16666666666666666,0.16666666666666666,"[0.8333333333333334,0.16666666666666666,0.0,0.0,1.0,0.5,0.16666666666666666,0.16666666666666666]",-0.923546812598167,-0.1816889894473473,"[-0.923546812598167,-0.1816889894473473]",0
19,17b4a5d5-5e2a-5bc2-a4e6-25e3d1d4,0.125,8.0,0.875,0.0,1.0,0.0,0.75,0.0,0.125,"[0.125,0.875,0.0,1.0,0.0,0.75,0.0,0.125]",0.732275289646676,-0.6835478726923812,"[0.732275289646676,-0.6835478726923812]",4
20,195b9f52-3731-37a7-2c74-19d11cb6,0.0,7.0,0.0,1.0,1.0,0.0,0.5714285714285714,0.2857142857142857,0.0,"(8,[2,3,5,6],[1.0,1.0,0.5714285714285714,0.2857142857142857])",0.7906351101923695,0.6457271005703578,"[0.7906351101923695,0.6457271005703578]",2
21,196bc15c-4aac-31e9-7c5d-3599ce10,0.2,5.0,0.0,0.8,0.8,0.2,0.0,0.0,0.8,"[0.2,0.0,0.8,0.8,0.2,0.0,0.0,0.8]",0.4946435673452906,0.5282983016958858,"[0.4946435673452906,0.5282983016958858]",2
22,1acb1c12-47e9-e408-eaf9-8167947a,1.0,4.0,0.0,0.0,0.0,1.0,0.5,0.25,0.0,"(8,[0,4,5,6],[1.0,1.0,0.5,0.25])",-1.0477415594433535,-0.11436060717246724,"[-1.0477415594433535,-0.11436060717246724]",0
23,1b1cd7ac-2f24-1493-5d7e-d7873af1,0.75,4.0,0.0,0.25,0.0,1.0,0.5,0.25,0.0,"[0.75,0.0,0.25,0.0,1.0,0.5,0.25,0.0]",-0.884763378416816,0.12626925907754358,"[-0.884763378416816,0.12626925907754358]",0
24,1beb31a1-0aea-018e-a7e1-82085ffa,0.0,4.0,0.0,1.0,1.0,0.0,0.25,0.5,0.0,"(8,[2,3,5,6],[1.0,1.0,0.25,0.5])",0.7891413292837017,0.6757851242890232,"[0.7891413292837017,0.6757851242890232]",2
25,1c09a110-d9c3-2442-9f5d-aee802c0,0.25,4.0,0.75,0.0,1.0,0.0,0.5,0.0,0.25,"[0.25,0.75,0.0,1.0,0.0,0.5,0.0,0.25]",0.6619724507594181,-0.6161455660255887,"[0.6619724507594181,-0.6161455660255887]",4
26,1cb07e56-7b73-0087-0a17-3e9c1f88,0.5,8.0,0.5,0.0,0.5,0.5,0.5,0.25,0.125,"[0.5,0.5,0.0,0.5,0.5,0.5,0.25,0.125]",-0.1139662770810079,-0.40971316443084477,"[-0.1139662770810079,-0.40971316443084477]",3
27,1d3ed189-1162-0dd0-bcb2-fda83a50,0.8333333333333334,6.0,0.0,0.16666666666666666,0.0,1.0,0.5,0.16666666666666666,0.16666666666666666,"[0.8333333333333334,0.0,0.16666666666666666,0.0,1.0,0.5,0.16666666666666666,0.16666666666666666]",-0.925205364342057,0.044410996381204444,"[-0.925205364342057,0.044410996381204444]",0
28,1d66d118-9cc1-c6cd-c61c-02ca2ddc,0.4,5.0,0.6,0.0,0.6,0.4,0.4,0.2,0.2,"[0.4,0.6,0.0,0.6,0.4,0.4,0.2,0.2]",0.07928673638912329,-0.4634467670802033,"[0.07928673638912329,-0.4634467670802033]",3
29,1d90b45b-4d8d-42a1-43cd-38e1a241,0.8,5.0,0.0,0.2,0.0,1.0,0.4,0.2,0.2,"[0.8,0.0,0.2,0.0,1.0,0.4,0.2,0.2]",-0.9006542268853529,0.08487670512691135,"[-0.9006542268853529,0.08487670512691135]",0
30,1e81aa64-c3c9-ee4f-ce3c-c4248be0,0.0,5.0,0.0,1.0,1.0,0.0,0.0,0.0,0.8,"(8,[2,3,7],[1.0,1.0,0.8])",0.8627611412845246,0.6810117582877792,"[0.8627611412845246,0.6810117582877792]",2
31,1f7f3fd7-7087-1461-cf43-9add2172,0.75,4.0,0.25,0.0,0.0,1.0,0.25,0.25,0.25,"[0.75,0.25,0.0,0.0,1.0,0.25,0.25,0.25]",-0.8613396930844617,-0.19357471049735597,"[-0.8613396930844617,-0.19357471049735597]",0
32,1f96865d-62d4-b049-1788-cfccf324,1.0,4.0,0.0,0.0,0.0,1.0,0.25,0.5,0.0,"(8,[0,4,5,6],[1.0,1.0,0.25,0.5])",-1.0514465404124687,-0.0877821586704442,"[-1.0514465404124687,-0.0877821586704442]",0
33,20e2fc85-7d0f-8a2c-b651-4b811a97,0.3333333333333333,6.0,0.16666666666666666,0.5,0.5,0.5,0.3333333333333333,0.0,0.5,"[0.3333333333333333,0.16666666666666666,0.5,0.5,0.5,0.3333333333333333,0.0,0.5]",0.027131586518020216,0.20811703192160852,"[0.027131586518020216,0.20811703192160852]",2
34,23e6f6c8-2cd0-ac1c-e8a1-f2338caa,0.08333333333333333,12.0,0.9166666666666666,0.0,1.0,0.0,0.75,0.08333333333333333,0.08333333333333333,"[0.08333333333333333,0.9166666666666666,0.0,1.0,0.0,0.75,0.08333333333333333,0.08333333333333333]",0.7544745756193902,-0.6971558254139709,"[0.7544745756193902,-0.6971558254139709]",4
35,258d2e1f-e3e8-2612-8285-895fb96d,0.75,4.0,0.25,0.0,0.0,1.0,0.75,0.0,0.0,"(8,[0,1,4,5],[0.75,0.25,1.0,0.75])",-0.8785705698318658,-0.23945916816730717,"[-0.8785705698318658,-0.23945916816730717]",0
36,269144fa-ef0e-c81e-52ff-df9a348a,0.23076923076923078,13.0,0.6923076923076923,0.07692307692307693,0.7692307692307693,0.23076923076923078,0.6923076923076923,0.07692307692307693,0.15384615384615385,"[0.23076923076923078,0.6923076923076923,0.07692307692307693,0.7692307692307693,0.23076923076923078,0.6923076923076923,0.07692307692307693,0.15384615384615385]",0.3877162808046394,-0.48445989897073366,"[0.3877162808046394,-0.48445989897073366]",3
37,270174bf-baf8-aab4-48e3-139fcf47,0.0,4.0,0.0,1.0,0.0,1.0,0.0,0.25,0.5,"(8,[2,4,6,7],[1.0,1.0,0.25,0.5])",-0.3539571199041646,0.8867708761634324,"[-0.3539571199041646,0.8867708761634324]",1
38,27080783-250a-3521-f816-6e7b29cf,1.0,5.0,0.0,0.0,0.0,1.0,0.4,0.4,0.0,"(8,[0,4,5,6],[1.0,1.0,0.4,0.4])",-1.05074944265509,-0.10180923640582136,"[-1.05074944265509,-0.10180923640582136]",0
39,2c1d08f2-a1ba-6915-db46-1a7721b9,0.0,5.0,0.0,1.0,1.0,0.0,0.8,0.0,0.0,"(8,[2,3,5],[1.0,1.0,0.8])",0.7957663965916639,0.619232528950409,"[0.7957663965916639,0.619232528950409]",2
40,2ee1d86b-74ed-47f3-5733-61cc4821,0.0,4.0,0.0,1.0,0.75,0.25,0.75,0.0,0.0,"(8,[2,3,4,5],[1.0,0.75,0.25,0.75])",0.4993825048244268,0.672366272795121,"[0.4993825048244268,0.672366272795121]",2
41,2f7f0e40-1234-75db-2bcf-bdfbdfbc,1.0,6.0,0.0,0.0,0.0,1.0,0.8333333333333334,0.0,0.0,"(8,[0,4,5],[1.0,1.0,0.8333333333333334])",-1.0453447361913515,-0.14659855289877022,"[-1.0453447361913515,-0.14659855289877022]",0
42,31a88be4-13ad-06c2-119c-3551a490,0.1,10.0,0.2,0.7,1.0,0.0,0.7,0.2,0.0,"[0.1,0.2,0.7,1.0,0.0,0.7,0.2,0.0]",0.7280316122378896,0.26613196158862507,"[0.7280316122378896,0.26613196158862507]",2
43,3244a4c0-3f85-3017-5694-2f5647cb,0.8571428571428571,7.0,0.0,0.14285714285714285,0.0,1.0,0.5714285714285714,0.14285714285714285,0.14285714285714285,"[0.8571428571428571,0.0,0.14285714285714285,0.0,1.0,0.5714285714285714,0.14285714285714285,0.14285714285714285]",-0.9427418910968455,0.015506918705699516,"[-0.9427418910968455,0.015506918705699516]",0
44,3447bacb-f54d-55c2-592f-3a3ff765,0.25,8.0,0.75,0.0,0.75,0.25,0.875,0.0,0.0,"[0.25,0.75,0.0,0.75,0.25,0.875,0.0,0.0]",0.3419055700697253,-0.5942027755197927,"[0.3419055700697253,-0.5942027755197927]",3
45,34a3d1d8-74eb-8a4e-0506-b9ca1551,0.25,4.0,0.0,0.75,0.75,0.25,0.5,0.25,0.0,"[0.25,0.0,0.75,0.75,0.25,0.5,0.25,0.0]",0.33269934282877406,0.45831485504713326,"[0.33269934282877406,0.45831485504713326]",2
46,35813a40-7aa6-5336-237b-c93f1759,0.125,8.0,0.875,0.0,1.0,0.0,0.75,0.0,0.125,"[0.125,0.875,0.0,1.0,0.0,0.75,0.0,0.125]",0.732275289646676,-0.6835478726923812,"[0.732275289646676,-0.6835478726923812]",4
47,35ce5334-aefb-9a61-d1c3-7f01a776,0.125,8.0,0.875,0.0,1.0,0.0,0.875,0.0,0.0,"(8,[0,1,3,5],[0.125,0.875,1.0,0.875])",0.7218073607884165,-0.6932008772763452,"[0.7218073607884165,-0.6932008772763452]",4
48,35daa597-4591-5a82-57a9-1fba2635,1.0,4.0,0.0,0.0,0.0,1.0,0.75,0.0,0.0,"(8,[0,4,5],[1.0,1.0,0.75])",-1.0440365784742387,-0.14093905567449028,"[-1.0440365784742387,-0.14093905567449028]",0
49,367365a7-8d2a-3b00-f3e3-f877be3c,0.2857142857142857,7.0,0.7142857142857143,0.0,0.8571428571428571,0.14285714285714285,0.42857142857142855,0.2857142857142857,0.14285714285714285,"[0.2857142857142857,0.7142857142857143,0.0,0.8571428571428571,0.14285714285714285,0.42857142857142855,0.2857142857142857,0.14285714285714285]",0.4536350229610062,-0.558824654593121,"[0.4536350229610062,-0.558824654593121]",4
50,3681eecc-7864-c1c1-0024-4d4234be,0.1,10.0,0.9,0.0,1.0,0.0,0.9,0.0,0.0,"(8,[0,1,3,5],[0.1,0.9,1.0,0.9])",0.7379615143375199,-0.7047507376929109,"[0.7379615143375199,-0.7047507376929109]",4
51,36a67ef1-5f22-7846-3f95-faec67c9,1.0,4.0,0.0,0.0,0.0,1.0,0.75,0.0,0.0,"(8,[0,4,5],[1.0,1.0,0.75])",-1.0440365784742387,-0.14093905567449028,"[-1.0440365784742387,-0.14093905567449028]",0
52,37ada581-75c2-560e-2eb3-3db3a231,0.2,5.0,0.8,0.0,1.0,0.0,0.4,0.0,0.4,"[0.2,0.8,0.0,1.0,0.0,0.4,0.0,0.4]",0.7068422724875365,-0.6276616813579631,"[0.7068422724875365,-0.6276616813579631]",4
53,37d73652-37e1-cc5f-6c84-3b9a528c,0.8333333333333334,6.0,0.16666666666666666,0.0,0.0,1.0,0.5,0.16666666666666666,0.16666666666666666,"[0.8333333333333334,0.16666666666666666,0.0,0.0,1.0,0.5,0.16666666666666666,0.16666666666666666]",-0.923546812598167,-0.1816889894473473,"[-0.923546812598167,-0.1816889894473473]",0
54,380773a6-f975-22c8-187e-e40fe702,0.75,4.0,0.25,0.0,0.0,1.0,0.0,0.5,0.25,"[0.75,0.25,0.0,0.0,1.0,0.0,0.5,0.25]",-0.8650446740535767,-0.16699626199533293,"[-0.8650446740535767,-0.16699626199533293]",0
55,3be7d5a2-f78e-3472-e5ac-fa27ed08,0.0,6.0,0.0,1.0,0.6666666666666666,0.3333333333333333,0.0,0.3333333333333333,0.5,"[0.0,0.0,1.0,0.6666666666666666,0.3333333333333333,0.0,0.3333333333333333,0.5]",0.43594982578236374,0.7573360737461096,"[0.43594982578236374,0.7573360737461096]",2
56,3c370e25-1bd5-c34b-ec40-31117752,0.25,4.0,0.75,0.0,1.0,0.0,0.0,0.25,0.5,"[0.25,0.75,0.0,1.0,0.0,0.0,0.25,0.5]",0.6792033275068221,-0.5702611083556374,"[0.6792033275068221,-0.5702611083556374]",4
57,3d524e1d-934c-6d53-022b-983c91c3,0.4,5.0,0.2,0.4,0.0,1.0,0.6,0.2,0.0,"[0.4,0.2,0.4,0.0,1.0,0.6,0.2,0.0]",-0.6546475613234395,0.18311970079832401,"[-0.6546475613234395,0.18311970079832401]",1
58,3d7d0f75-dda5-644d-e527-018ff340,0.09090909090909091,11.0,0.09090909090909091,0.8181818181818182,0.7272727272727273,0.2727272727272727,0.5454545454545454,0.09090909090909091,0.2727272727272727,"[0.09090909090909091,0.09090909090909091,0.8181818181818182,0.7272727272727273,0.2727272727272727,0.5454545454545454,0.09090909090909091,0.2727272727272727]",0.4330014917900709,0.48598037532713395,"[0.4330014917900709,0.48598037532713395]",2
59,3dc06a27-afe4-b105-1f3c-997851c7,0.18181818181818182,11.0,0.7272727272727273,0.09090909090909091,0.8181818181818182,0.18181818181818182,0.2727272727272727,0.36363636363636365,0.2727272727272727,"[0.18181818181818182,0.7272727272727273,0.09090909090909091,0.8181818181818182,0.18181818181818182,0.2727272727272727,0.36363636363636365,0.2727272727272727]",0.4840889302535138,-0.4539041401106405,"[0.4840889302535138,-0.4539041401106405]",4
60,3e4346e0-6285-8776-f373-101eac22,1.0,5.0,0.0,0.0,0.0,1.0,0.6,0.2,0.0,"(8,[0,4,5,6],[1.0,1.0,0.6,0.2])",-1.0477854578797983,-0.12307199520743982,"[-1.0477854578797983,-0.12307199520743982]",0
61,3e713aeb-dcb2-d6a8-962f-635df3e8,0.0,5.0,0.0,1.0,1.0,0.0,0.8,0.0,0.0,"(8,[2,3,5],[1.0,1.0,0.8])",0.7957663965916639,0.619232528950409,"[0.7957663965916639,0.619232528950409]",2
62,3fc2e2fe-697a-3255-1a17-4204819d,0.5,8.0,0.5,0.0,0.5,0.5,0.375,0.25,0.25,"[0.5,0.5,0.0,0.5,0.5,0.375,0.25,0.25]",-0.10349834822274842,-0.40006015984688065,"[-0.10349834822274842,-0.40006015984688065]",3
63,404bc704-6703-c3c0-815e-55c756c5,0.875,8.0,0.0,0.125,0.0,1.0,0.625,0.125,0.125,"[0.875,0.0,0.125,0.0,1.0,0.625,0.125,0.125]",-0.9558942861629369,-0.0061711395509291885,"[-0.9558942861629369,-0.0061711395509291885]",0
64,4196e8ee-e405-a1e1-4a7f-7d9149a5,0.25,4.0,0.75,0.0,1.0,0.0,0.5,0.25,0.0,"[0.25,0.75,0.0,1.0,0.0,0.5,0.25,0.0]",0.6373316120737842,-0.6088731266914937,"[0.6373316120737842,-0.6088731266914937]",4
65,42779e7e-90bc-7eac-5aa8-a9874f90,0.36363636363636365,11.0,0.2727272727272727,0.36363636363636365,0.36363636363636365,0.6363636363636364,0.9090909090909091,0.0,0.0,"[0.36363636363636365,0.2727272727272727,0.36363636363636365,0.36363636363636365,0.6363636363636364,0.9090909090909091,0.0,0.0]",-0.19672091752571255,0.018440793435890487,"[-0.19672091752571255,0.018440793435890487]",1
66,440d90ef-c7d7-0530-608e-8c0fc440,0.7142857142857143,7.0,0.2857142857142857,0.0,0.0,1.0,0.8571428571428571,0.0,0.0,"(8,[0,1,4,5],[0.7142857142857143,0.2857142857142857,1.0,0.8571428571428571])",-0.8566144856621003,-0.2608099663832123,"[-0.8566144856621003,-0.2608099663832123]",0
67,459f5319-edaf-cd53-126d-fdfb12a5,1.0,4.0,0.0,0.0,0.0,1.0,0.75,0.0,0.0,"(8,[0,4,5],[1.0,1.0,0.75])",-1.0440365784742387,-0.14093905567449028,"[-1.0440365784742387,-0.14093905567449028]",0
68,45d78fe4-7d30-3b18-371e-57bb06c7,0.1111111111111111,9.0,0.8888888888888888,0.0,1.0,0.0,0.7777777777777778,0.1111111111111111,0.0,"[0.1111111111111111,0.8888888888888888,0.0,1.0,0.0,0.7777777777777778,0.1111111111111111,0.0]",0.7291352323294229,-0.6878048226179826,"[0.7291352323294229,-0.6878048226179826]",4
69,4641102c-f3d3-3878-6d00-1c49a28c,0.2727272727272727,11.0,0.09090909090909091,0.6363636363636364,0.6363636363636364,0.36363636363636365,0.36363636363636365,0.2727272727272727,0.2727272727272727,"[0.2727272727272727,0.09090909090909091,0.6363636363636364,0.6363636363636364,0.36363636363636365,0.36363636363636365,0.2727272727272727,0.2727272727272727]",0.20371599710323077,0.3483931789686497,"[0.20371599710323077,0.3483931789686497]",2
70,4a97a9b2-74fe-c9f3-625f-0176bddf,0.3333333333333333,6.0,0.0,0.6666666666666666,0.0,1.0,0.3333333333333333,0.3333333333333333,0.16666666666666666,"[0.3333333333333333,0.0,0.6666666666666666,0.0,1.0,0.3333333333333333,0.3333333333333333,0.16666666666666666]",-0.6017189896017247,0.5433896945492415,"[-0.6017189896017247,0.5433896945492415]",1
71,4b21d918-4ac0-0787-3094-37c9432c,0.45454545454545453,11.0,0.5454545454545454,0.0,0.9090909090909091,0.09090909090909091,0.36363636363636365,0.18181818181818182,0.36363636363636365,"[0.45454545454545453,0.5454545454545454,0.0,0.9090909090909091,0.09090909090909091,0.36363636363636365,0.18181818181818182,0.36363636363636365]",0.4228541694320483,-0.5001508945145092,"[0.4228541694320483,-0.5001508945145092]",3
72,4bd540f6-e34d-4592-7680-b2735389,1.0,6.0,0.0,0.0,0.0,1.0,0.8333333333333334,0.0,0.0,"(8,[0,4,5],[1.0,1.0,0.8333333333333334])",-1.0453447361913515,-0.14659855289877022,"[-1.0453447361913515,-0.14659855289877022]",0
73,4c4ac589-35f5-76e3-d0a3-fedab6c6,0.5,8.0,0.25,0.25,0.0,1.0,0.25,0.375,0.25,"[0.5,0.25,0.25,0.0,1.0,0.25,0.375,0.25]",-0.7021762391181505,0.051855134167246485,"[-0.7021762391181505,0.051855134167246485]",0
74,4cc576c8-f218-94be-fef3-4b6fd86e,0.3076923076923077,13.0,0.3076923076923077,0.38461538461538464,0.6923076923076923,0.3076923076923077,0.5384615384615384,0.23076923076923078,0.15384615384615385,"[0.3076923076923077,0.3076923076923077,0.38461538461538464,0.6923076923076923,0.3076923076923077,0.5384615384615384,0.23076923076923078,0.15384615384615385]",0.2400251831303476,-0.005070677438943615,"[0.2400251831303476,-0.005070677438943615]",3
75,4d0232bc-202c-ee3a-e58c-e543848c,0.7142857142857143,7.0,0.0,0.2857142857142857,0.0,1.0,0.8571428571428571,0.0,0.0,"(8,[0,2,4,5],[0.7142857142857143,0.2857142857142857,1.0,0.8571428571428571])",-0.8594577172230548,0.12679000932287643,"[-0.8594577172230548,0.12679000932287643]",0
76,4debb215-7398-77ba-2243-94adbd31,0.1111111111111111,9.0,0.0,0.8888888888888888,0.8888888888888888,0.1111111111111111,0.8888888888888888,0.0,0.0,"[0.1111111111111111,0.0,0.8888888888888888,0.8888888888888888,0.1111111111111111,0.8888888888888888,0.0,0.0]",0.5898612650605024,0.5283549226934585,"[0.5898612650605024,0.5283549226934585]",2
77,4f3771bf-0850-3813-5de9-d0592e66,0.0,5.0,0.0,1.0,1.0,0.0,0.2,0.4,0.2,"[0.0,0.0,1.0,1.0,0.0,0.2,0.4,0.2]",0.8065871132142952,0.6772028538879885,"[0.8065871132142952,0.6772028538879885]",2
78,502b50b6-08fa-b922-9bb6-dbd4d848,0.0,5.0,0.0,1.0,1.0,0.0,0.8,0.0,0.0,"(8,[2,3,5],[1.0,1.0,0.8])",0.7957663965916639,0.619232528950409,"[0.7957663965916639,0.619232528950409]",2
79,53cb26b0-7222-8eb4-ef0d-29e7a801,0.2,5.0,0.8,0.0,1.0,0.0,0.0,0.2,0.6,"[0.2,0.8,0.0,1.0,0.0,0.0,0.2,0.6]",0.7206269738854598,-0.5909541152220021,"[0.7206269738854598,-0.5909541152220021]",4
80,5409088d-b542-9cac-7fac-9ab00271,0.25,12.0,0.75,0.0,0.6666666666666666,0.3333333333333333,0.5,0.16666666666666666,0.25,"[0.25,0.75,0.0,0.6666666666666666,0.3333333333333333,0.5,0.16666666666666666,0.25]",0.26066109948244287,-0.5434282007926079,"[0.26066109948244287,-0.5434282007926079]",3
81,5414140f-2888-40b9-e1e2-7984f327,0.0,4.0,0.0,1.0,1.0,0.0,0.25,0.5,0.0,"(8,[2,3,5,6],[1.0,1.0,0.25,0.5])",0.7891413292837017,0.6757851242890232,"[0.7891413292837017,0.6757851242890232]",2
82,54e1c86d-b289-f693-e3a3-5d393778,0.8333333333333334,6.0,0.16666666666666666,0.0,0.0,1.0,0.5,0.16666666666666666,0.16666666666666666,"[0.8333333333333334,0.16666666666666666,0.0,0.0,1.0,0.5,0.16666666666666666,0.16666666666666666]",-0.923546812598167,-0.1816889894473473,"[-0.923546812598167,-0.1816889894473473]",0
83,554558f4-55fd-07df-ddb3-309239ad,0.5,4.0,0.0,0.5,0.0,1.0,0.0,0.75,0.0,"(8,[0,2,4,6],[0.5,0.5,1.0,0.75])",-0.7291951593285079,0.4200560223316005,"[-0.7291951593285079,0.4200560223316005]",1
84,56a4a9a0-7ab4-0a76-0621-b118321b,0.0,4.0,0.0,1.0,1.0,0.0,0.75,0.0,0.0,"(8,[2,3,5],[1.0,1.0,0.75])",0.7965512912219316,0.622628227284977,"[0.7965512912219316,0.622628227284977]",2
85,57b97824-05f2-21af-72f1-95f7d697,0.125,8.0,0.5,0.375,0.625,0.375,0.375,0.125,0.375,"[0.125,0.5,0.375,0.625,0.375,0.375,0.125,0.375]",0.30187373585862753,-0.06762060289398383,"[0.30187373585862753,-0.06762060289398383]",3
86,5bfa22fd-175f-02d2-c446-36369a81,0.09090909090909091,11.0,0.0,0.9090909090909091,0.7272727272727273,0.2727272727272727,0.0,0.09090909090909091,0.8181818181818182,"[0.09090909090909091,0.0,0.9090909090909091,0.7272727272727273,0.2727272727272727,0.0,0.09090909090909091,0.8181818181818182]",0.47777506222035393,0.65142984214546,"[0.47777506222035393,0.65142984214546]",2
87,5d557ed3-ce5e-24e4-a66e-aa966d6c,0.5,4.0,0.25,0.25,0.0,1.0,0.25,0.25,0.25,"[0.5,0.25,0.25,0.0,1.0,0.25,0.25,0.25]",-0.698361512057924,0.04705515575265487,"[-0.698361512057924,0.04705515575265487]",0
88,5e97ad83-2b2c-529e-f831-deac0066,0.2,5.0,0.6,0.2,0.8,0.2,0.0,0.4,0.4,"[0.2,0.6,0.2,0.8,0.2,0.0,0.4,0.4]",0.46118901172628063,-0.2740257443523489,"[0.46118901172628063,-0.2740257443523489]",3
89,5fad3306-616d-9b57-3411-75efa34d,0.3333333333333333,6.0,0.3333333333333333,0.3333333333333333,0.5,0.5,0.0,0.5,0.3333333333333333,"[0.3333333333333333,0.3333333333333333,0.3333333333333333,0.5,0.5,0.0,0.5,0.3333333333333333]",0.007422937846001128,0.022303270318484076,"[0.007422937846001128,0.022303270318484076]",3
90,600fadb1-9f64-3bf4-b14c-378c45ae,0.45454545454545453,11.0,0.0,0.5454545454545454,0.2727272727272727,0.7272727272727273,0.6363636363636364,0.18181818181818182,0.09090909090909091,"[0.45454545454545453,0.0,0.5454545454545454,0.2727272727272727,0.7272727272727273,0.6363636363636364,0.18181818181818182,0.09090909090909091]",-0.36184257370507944,0.3453575285851961,"[-0.36184257370507944,0.3453575285851961]",1
91,6408c27b-ab13-d145-5b44-24f30202,0.25,4.0,0.75,0.0,1.0,0.0,0.25,0.5,0.0,"[0.25,0.75,0.0,1.0,0.0,0.25,0.5,0.0]",0.6336266311046693,-0.5822946781894707,"[0.6336266311046693,-0.5822946781894707]",4
92,6613f3e0-2e08-24f1-52ba-bfab8807,0.1111111111111111,9.0,0.8888888888888888,0.0,1.0,0.0,0.1111111111111111,0.0,0.7777777777777778,"[0.1111111111111111,0.8888888888888888,0.0,1.0,0.0,0.1111111111111111,0.0,0.7777777777777778]",0.7959156701004219,-0.6395543267631053,"[0.7959156701004219,-0.6395543267631053]",4
93,6809fd15-56b5-3424-e33d-88eb107c,0.2,5.0,0.8,0.0,1.0,0.0,0.0,0.2,0.6,"[0.2,0.8,0.0,1.0,0.0,0.0,0.2,0.6]",0.7206269738854598,-0.5909541152220021,"[0.7206269738854598,-0.5909541152220021]",4
94,6a9b69a1-5f2e-6aea-63d9-0e9d77c1,0.8571428571428571,7.0,0.14285714285714285,0.0,0.0,1.0,0.8571428571428571,0.0,0.0,"(8,[0,1,4,5],[0.8571428571428571,0.14285714285714285,1.0,0.8571428571428571])",-0.9511664906005991,-0.20451275924445983,"[-0.9511664906005991,-0.20451275924445983]",0
95,6c86b1d0-fd95-c414-78d2-9495251b,0.8,5.0,0.2,0.0,0.0,1.0,0.4,0.2,0.2,"[0.8,0.2,0.0,0.0,1.0,0.4,0.2,0.2]",-0.8986639647926847,-0.18644327786735077,"[-0.8986639647926847,-0.18644327786735077]",0
96,6e25573c-8b7b-a2e7-a782-480ddb63,0.25,4.0,0.25,0.5,0.0,1.0,0.0,0.25,0.5,"[0.25,0.25,0.5,0.0,1.0,0.0,0.25,0.5]",-0.5144474733148674,0.30699103117059384,"[-0.5144474733148674,0.30699103117059384]",1
97,6f168bc8-c816-a359-ba88-da8c663d,0.125,8.0,0.75,0.125,0.875,0.125,0.375,0.25,0.25,"[0.125,0.75,0.125,0.875,0.125,0.375,0.25,0.25]",0.5892099305291505,-0.45287240747990815,"[0.5892099305291505,-0.45287240747990815]",4
98,6f359ebe-9f0a-2bae-a27a-c4ec1712,0.5,6.0,0.5,0.0,0.0,1.0,0.8333333333333334,0.0,0.0,"(8,[0,1,4,5],[0.5,0.5,1.0,0.8333333333333334])",-0.7144127189066057,-0.343638777884404,"[-0.7144127189066057,-0.343638777884404]",0
99,6f99bc0c-a871-5dd6-80cb-22296ada,0.0,4.0,0.0,1.0,1.0,0.0,0.75,0.0,0.0,"(8,[2,3,5],[1.0,1.0,0.75])",0.7965512912219316,0.622628227284977,"[0.7965512912219316,0.622628227284977]",2
100,70eacff4-a340-e4fd-746a-807b58c3,0.16666666666666666,12.0,0.4166666666666667,0.4166666666666667,0.9166666666666666,0.08333333333333333,0.9166666666666666,0.0,0.0,"[0.16666666666666666,0.4166666666666667,0.4166666666666667,0.9166666666666666,0.08333333333333333,0.9166666666666666,0.0,0.0]",0.5903729723305712,-0.09778129406492148,"[0.5903729723305712,-0.09778129406492148]",3
101,74105285-3bd1-71b2-bb2b-df56e6f7,0.25,4.0,0.5,0.25,0.75,0.25,0.75,0.0,0.0,"[0.25,0.5,0.25,0.75,0.25,0.75,0.0,0.0]",0.3413799790295593,-0.2465635509405451,"[0.3413799790295593,-0.2465635509405451]",3
102,74df8aff-e884-bc0d-7710-a23afc0d,0.0,5.0,0.0,1.0,1.0,0.0,0.2,0.4,0.2,"[0.0,0.0,1.0,1.0,0.0,0.2,0.4,0.2]",0.8065871132142952,0.6772028538879885,"[0.8065871132142952,0.6772028538879885]",2
103,7550652e-a184-e590-1205-03d91e86,1.0,5.0,0.0,0.0,0.0,1.0,0.8,0.0,0.0,"(8,[0,4,5],[1.0,1.0,0.8])",-1.0448214731045062,-0.14433475400905826,"[-1.0448214731045062,-0.14433475400905826]",0
104,755f4b52-e48e-eda7-42c0-2dabd3cf,0.3333333333333333,6.0,0.16666666666666666,0.5,0.0,1.0,0.16666666666666666,0.3333333333333333,0.3333333333333333,"[0.3333333333333333,0.16666666666666666,0.5,0.0,1.0,0.16666666666666666,0.3333333333333333,0.3333333333333333]",-0.5861031993801553,0.3301603814993085,"[-0.5861031993801553,0.3301603814993085]",1
105,75bece44-7ed0-9de1-f411-854abe3b,0.5,4.0,0.0,0.5,0.0,1.0,0.25,0.25,0.25,"[0.5,0.0,0.5,0.0,1.0,0.25,0.25,0.25]",-0.7008493396737591,0.3862051344954826,"[-0.7008493396737591,0.3862051344954826]",1
106,77d5ac07-0cfc-ac01-e741-58dae777,0.0,8.0,0.0,1.0,0.375,0.625,0.125,0.125,0.625,"[0.0,0.0,1.0,0.375,0.625,0.125,0.125,0.625]",0.10215424245924036,0.800038342394749,"[0.10215424245924036,0.800038342394749]",2
107,78928b9d-af19-1353-e439-c5b1d36f,0.2,5.0,0.8,0.0,1.0,0.0,0.4,0.0,0.4,"[0.2,0.8,0.0,1.0,0.0,0.4,0.0,0.4]",0.7068422724875365,-0.6276616813579631,"[0.7068422724875365,-0.6276616813579631]",4
108,78f08216-f3b9-62f6-7676-e8f9b3e2,0.6,5.0,0.4,0.0,0.6,0.4,0.2,0.2,0.4,"[0.6,0.4,0.0,0.6,0.4,0.2,0.2,0.4]",-0.036337384351559796,-0.3691858697516073,"[-0.036337384351559796,-0.3691858697516073]",3
109,7b7820c3-5040-cdf4-4448-bacd9426,0.1111111111111111,9.0,0.8888888888888888,0.0,1.0,0.0,0.3333333333333333,0.2222222222222222,0.3333333333333333,"[0.1111111111111111,0.8888888888888888,0.0,1.0,0.0,0.3333333333333333,0.2222222222222222,0.3333333333333333]",0.755403051076286,-0.6502508332820681,"[0.755403051076286,-0.6502508332820681]",4
110,7c6856f2-bacb-4be2-61d0-ba4bf284,0.8,5.0,0.2,0.0,0.0,1.0,0.2,0.4,0.2,"[0.8,0.2,0.0,0.0,1.0,0.2,0.4,0.2]",-0.9016279495679768,-0.16518051906573236,"[-0.9016279495679768,-0.16518051906573236]",0
111,7d0acedd-f795-6e39-b508-3eea42ac,0.8571428571428571,7.0,0.0,0.14285714285714285,0.0,1.0,0.7142857142857143,0.0,0.14285714285714285,"[0.8571428571428571,0.0,0.14285714285714285,0.0,1.0,0.7142857142857143,0.0,0.14285714285714285]",-0.9406247591144942,0.0003192338474006294,"[-0.9406247591144942,0.0003192338474006294]",0
112,80e6c3aa-f56c-4679-d623-79d6fd2d,0.25,4.0,0.0,0.75,0.0,1.0,0.0,0.25,0.5,"[0.25,0.0,0.75,0.0,1.0,0.0,0.25,0.5]",-0.5169353009307025,0.6461410099134216,"[-0.5169353009307025,0.6461410099134216]",1
113,85d4f155-5a13-7eb1-4d96-5c0b6e30,0.07692307692307693,13.0,0.7692307692307693,0.15384615384615385,0.8461538461538461,0.15384615384615385,0.8461538461538461,0.0,0.07692307692307693,"[0.07692307692307693,0.7692307692307693,0.15384615384615385,0.8461538461538461,0.15384615384615385,0.8461538461538461,0.0,0.07692307692307693]",0.5749107729027966,-0.4701561295623956,"[0.5749107729027966,-0.4701561295623956]",4
114,8a2e2082-7444-5533-6931-1b05fd88,0.14285714285714285,7.0,0.5714285714285714,0.2857142857142857,0.7142857142857143,0.2857142857142857,0.42857142857142855,0.2857142857142857,0.14285714285714285,"[0.14285714285714285,0.5714285714285714,0.2857142857142857,0.7142857142857143,0.2857142857142857,0.42857142857142855,0.2857142857142857,0.14285714285714285]",0.37553306125426217,-0.19910014573427387,"[0.37553306125426217,-0.19910014573427387]",3
115,8a68d73e-17f5-4571-ef15-e1d03878,0.1,10.0,0.1,0.8,0.8,0.2,0.9,0.0,0.0,"[0.1,0.1,0.8,0.8,0.2,0.9,0.0,0.0]",0.4922654368488437,0.420319630692253,"[0.4922654368488437,0.420319630692253]",2
116,8a6d88da-00af-01eb-e85b-db817e28,0.25,8.0,0.5,0.25,0.625,0.375,0.25,0.25,0.375,"[0.25,0.5,0.25,0.625,0.375,0.25,0.25,0.375]",0.2185321548608012,-0.17464631176797776,"[0.2185321548608012,-0.17464631176797776]",3
117,8ae29d55-64a1-1cf2-962b-4a35e380,0.1,10.0,0.5,0.4,0.6,0.4,0.3,0.2,0.4,"[0.1,0.5,0.4,0.6,0.4,0.3,0.2,0.4]",0.28904431948731446,-0.030377525417852623,"[0.28904431948731446,-0.030377525417852623]",3
118,8c7bdf99-8cda-02c4-7ccf-ad45ef8a,0.0,13.0,0.0,1.0,0.9230769230769231,0.07692307692307693,0.7692307692307693,0.07692307692307693,0.07692307692307693,"[0.0,0.0,1.0,0.9230769230769231,0.07692307692307693,0.7692307692307693,0.07692307692307693,0.07692307692307693]",0.7076996068402049,0.6402961955668864,"[0.7076996068402049,0.6402961955668864]",2
119,8cedbb4b-6088-0b3c-fc04-ad8ce093,0.1111111111111111,9.0,0.4444444444444444,0.4444444444444444,1.0,0.0,0.8888888888888888,0.0,0.0,"[0.1111111111111111,0.4444444444444444,0.4444444444444444,1.0,0.0,0.8888888888888888,0.0,0.0]",0.7263590858875448,-0.09668417085385464,"[0.7263590858875448,-0.09668417085385464]",3
120,8f38fcd5-8798-9850-2359-5268418e,0.125,8.0,0.375,0.5,0.5,0.5,0.875,0.0,0.0,"[0.125,0.375,0.5,0.5,0.5,0.875,0.0,0.0]",0.1224941327617366,0.08457517122959818,"[0.1224941327617366,0.08457517122959818]",2
121,9187a2a4-6ffb-f4f5-f012-df8a1141,0.75,4.0,0.0,0.25,0.0,1.0,0.5,0.25,0.0,"[0.75,0.0,0.25,0.0,1.0,0.5,0.25,0.0]",-0.884763378416816,0.12626925907754358,"[-0.884763378416816,0.12626925907754358]",0
122,92d86eda-129e-0d8c-0a73-835acef9,0.0,4.0,0.0,1.0,1.0,0.0,0.75,0.0,0.0,"(8,[2,3,5],[1.0,1.0,0.75])",0.7965512912219316,0.622628227284977,"[0.7965512912219316,0.622628227284977]",2
123,9627fef7-14c0-4a88-0954-9cf43b68,0.1111111111111111,9.0,0.0,0.8888888888888888,0.8888888888888888,0.1111111111111111,0.8888888888888888,0.0,0.0,"[0.1111111111111111,0.0,0.8888888888888888,0.8888888888888888,0.1111111111111111,0.8888888888888888,0.0,0.0]",0.5898612650605024,0.5283549226934585,"[0.5898612650605024,0.5283549226934585]",2
124,97372a43-0a6d-3145-e63f-0202242e,0.16666666666666666,6.0,0.0,0.8333333333333334,0.8333333333333334,0.16666666666666666,0.3333333333333333,0.3333333333333333,0.16666666666666666,"[0.16666666666666666,0.0,0.8333333333333334,0.8333333333333334,0.16666666666666666,0.3333333333333333,0.3333333333333333,0.16666666666666666]",0.49749575240764987,0.5380161203487688,"[0.49749575240764987,0.5380161203487688]",2
125,97f93288-c344-0f1f-19c0-14aff5aa,0.6666666666666666,9.0,0.0,0.3333333333333333,0.3333333333333333,0.6666666666666666,0.5555555555555556,0.1111111111111111,0.2222222222222222,"[0.6666666666666666,0.0,0.3333333333333333,0.3333333333333333,0.6666666666666666,0.5555555555555556,0.1111111111111111,0.2222222222222222]",-0.41572455834229294,0.13312441742170084,"[-0.41572455834229294,0.13312441742170084]",1
126,98599cc0-703a-b3be-34dc-7bcf7e6a,0.125,8.0,0.875,0.0,1.0,0.0,0.875,0.0,0.0,"(8,[0,1,3,5],[0.125,0.875,1.0,0.875])",0.7218073607884165,-0.6932008772763452,"[0.7218073607884165,-0.6932008772763452]",4
127,987749e2-fc0f-96db-2aa7-7df33e6d,0.5,4.0,0.5,0.0,0.75,0.25,0.0,0.25,0.5,"[0.5,0.5,0.0,0.75,0.25,0.0,0.25,0.5]",0.21656853246694446,-0.4220029503526766,"[0.21656853246694446,-0.4220029503526766]",3
128,991dbd0d-8c68-1ed6-f469-0348585f,0.8571428571428571,7.0,0.0,0.14285714285714285,0.0,1.0,0.8571428571428571,0.0,0.0,"(8,[0,2,4,5],[0.8571428571428571,0.14285714285714285,1.0,0.8571428571428571])",-0.9525881063810764,-0.010712771391415452,"[-0.9525881063810764,-0.010712771391415452]",0
129,9946a658-3dc0-f680-6e04-89182b0f,0.16666666666666666,6.0,0.16666666666666666,0.6666666666666666,0.6666666666666666,0.3333333333333333,0.3333333333333333,0.3333333333333333,0.16666666666666666,"[0.16666666666666666,0.16666666666666666,0.6666666666666666,0.6666666666666666,0.3333333333333333,0.3333333333333333,0.3333333333333333,0.16666666666666666]",0.30104177988653674,0.34507483152697954,"[0.30104177988653674,0.34507483152697954]",2
130,999f9f91-e880-70f1-00d3-e8994609,0.375,8.0,0.125,0.5,0.0,1.0,0.25,0.5,0.125,"[0.375,0.125,0.5,0.0,1.0,0.25,0.5,0.125]",-0.6342514817556162,0.34538127633071314,"[-0.6342514817556162,0.34538127633071314]",1
131,99d9bce0-1f7d-da02-6d84-afe0122e,0.14285714285714285,7.0,0.7142857142857143,0.14285714285714285,0.8571428571428571,0.14285714285714285,0.42857142857142855,0.14285714285714285,0.2857142857142857,"[0.14285714285714285,0.7142857142857143,0.14285714285714285,0.8571428571428571,0.14285714285714285,0.42857142857142855,0.14285714285714285,0.2857142857142857]",0.5608458913679614,-0.425477553498312,"[0.5608458913679614,-0.425477553498312]",4
132,9c5c43e2-3def-6e8f-844e-4ee72d08,0.0,8.0,0.0,1.0,0.375,0.625,0.875,0.0,0.0,"(8,[2,3,4,5],[1.0,0.375,0.625,0.875])",0.051667088652500415,0.7384840952239171,"[0.051667088652500415,0.7384840952239171]",2
133,9cc2cc33-730e-86eb-e910-ff1ec6fd,0.0,4.0,0.0,1.0,1.0,0.0,0.5,0.25,0.0,"(8,[2,3,5,6],[1.0,1.0,0.5,0.25])",0.7928463102528166,0.6492066757870001,"[0.7928463102528166,0.6492066757870001]",2
134,9dfba79f-46d5-9b68-3a28-dff09283,0.0,4.0,0.0,1.0,0.75,0.25,0.75,0.0,0.0,"(8,[2,3,4,5],[1.0,0.75,0.25,0.75])",0.4993825048244268,0.672366272795121,"[0.4993825048244268,0.672366272795121]",2
135,9e184ea2-45e6-abdb-90a9-fb5b011b,0.16666666666666666,12.0,0.25,0.5833333333333334,0.6666666666666666,0.3333333333333333,0.3333333333333333,0.16666666666666666,0.4166666666666667,"[0.16666666666666666,0.25,0.5833333333333334,0.6666666666666666,0.3333333333333333,0.3333333333333333,0.16666666666666666,0.4166666666666667]",0.3239687430706312,0.22795238488833655,"[0.3239687430706312,0.22795238488833655]",2
136,a070cc15-8fb3-b7eb-834d-d191a652,0.25,4.0,0.0,0.75,0.75,0.25,0.5,0.0,0.25,"[0.25,0.0,0.75,0.75,0.25,0.5,0.0,0.25]",0.35734018151440794,0.4510424157130384,"[0.35734018151440794,0.4510424157130384]",2
137,a134cb86-69ed-3ceb-ab8b-42799b5f,0.14285714285714285,7.0,0.14285714285714285,0.7142857142857143,0.7142857142857143,0.2857142857142857,0.0,0.42857142857142855,0.42857142857142855,"[0.14285714285714285,0.14285714285714285,0.7142857142857143,0.7142857142857143,0.2857142857142857,0.0,0.42857142857142855,0.42857142857142855]",0.39307777646364367,0.4195515131607903,"[0.39307777646364367,0.4195515131607903]",2
138,a1ac05b8-d131-07d0-f419-28c0d19a,0.15384615384615385,13.0,0.8461538461538461,0.0,1.0,0.0,0.0,0.07692307692307693,0.8461538461538461,"[0.15384615384615385,0.8461538461538461,0.0,1.0,0.0,0.0,0.07692307692307693,0.8461538461538461]",0.7716802546198371,-0.6115768667414178,"[0.7716802546198371,-0.6115768667414178]",4
139,a1b9f7ef-402c-6b05-11c1-33d65f47,0.0,8.0,0.0,1.0,1.0,0.0,0.875,0.0,0.0,"(8,[2,3,5],[1.0,1.0,0.875])",0.7945890546462624,0.6141389814485572,"[0.7945890546462624,0.6141389814485572]",2
140,a4793f2a-58de-2b33-168f-32424641,0.0,4.0,0.0,1.0,1.0,0.0,0.0,0.5,0.25,"(8,[2,3,6,7],[1.0,1.0,0.5,0.25])",0.8100771870002207,0.6950911334569513,"[0.8100771870002207,0.6950911334569513]",2
141,a55e8048-fa92-f072-72e3-bbf2ba61,1.0,6.0,0.0,0.0,0.0,1.0,0.8333333333333334,0.0,0.0,"(8,[0,4,5],[1.0,1.0,0.8333333333333334])",-1.0453447361913515,-0.14659855289877022,"[-1.0453447361913515,-0.14659855289877022]",0
142,a7010942-2bf9-c022-3897-796a718f,0.2,5.0,0.6,0.2,0.8,0.2,0.6,0.0,0.2,"[0.2,0.6,0.2,0.8,0.2,0.6,0.0,0.2]",0.45036829510364934,-0.3319960692899283,"[0.45036829510364934,-0.3319960692899283]",3
143,a898d118-8b18-a02c-ae58-2a774d5f,0.14285714285714285,7.0,0.2857142857142857,0.5714285714285714,1.0,0.0,0.14285714285714285,0.14285714285714285,0.5714285714285714,"[0.14285714285714285,0.2857142857142857,0.5714285714285714,1.0,0.0,0.14285714285714285,0.14285714285714285,0.5714285714285714]",0.7503184736439829,0.1495646802469426,"[0.7503184736439829,0.1495646802469426]",2
144,a932ede5-1443-cb58-2838-6a6efc0a,1.0,6.0,0.0,0.0,0.0,1.0,0.8333333333333334,0.0,0.0,"(8,[0,4,5],[1.0,1.0,0.8333333333333334])",-1.0453447361913515,-0.14659855289877022,"[-1.0453447361913515,-0.14659855289877022]",0
145,a96e9db0-5940-66d7-4a98-2379b34d,0.2,5.0,0.0,0.8,0.6,0.4,0.6,0.0,0.2,"[0.2,0.0,0.8,0.6,0.4,0.6,0.0,0.2]",0.20666247970764118,0.5217543161009734,"[0.20666247970764118,0.5217543161009734]",2
146,a98a0de3-d8ed-675c-b2d4-ac776c7b,1.0,6.0,0.0,0.0,0.0,1.0,0.8333333333333334,0.0,0.0,"(8,[0,4,5],[1.0,1.0,0.8333333333333334])",-1.0453447361913515,-0.14659855289877022,"[-1.0453447361913515,-0.14659855289877022]",0
147,a997f5a7-10f2-8566-1c1d-559b423c,0.15384615384615385,13.0,0.6153846153846154,0.23076923076923078,0.9230769230769231,0.07692307692307693,0.9230769230769231,0.0,0.0,"[0.15384615384615385,0.6153846153846154,0.23076923076923078,0.9230769230769231,0.07692307692307693,0.9230769230769231,0.0,0.0]",0.60822741672519,-0.3567327336985271,"[0.60822741672519,-0.3567327336985271]",4
148,abcc36e1-adfa-f564-04d4-d632273a,0.3333333333333333,6.0,0.3333333333333333,0.3333333333333333,0.5,0.5,0.5,0.16666666666666666,0.16666666666666666,"[0.3333333333333333,0.3333333333333333,0.3333333333333333,0.5,0.5,0.5,0.16666666666666666,0.16666666666666666]",-0.0015943260061916133,-0.026005333796165424,"[-0.0015943260061916133,-0.026005333796165424]",3
149,abda0840-539e-d7ad-7f3c-e3005350,0.5714285714285714,7.0,0.42857142857142855,0.0,0.5714285714285714,0.42857142857142855,0.14285714285714285,0.42857142857142855,0.2857142857142857,"[0.5714285714285714,0.42857142857142855,0.0,0.5714285714285714,0.42857142857142855,0.14285714285714285,0.42857142857142855,0.2857142857142857]",-0.06524424180033736,-0.36316706963547934,"[-0.06524424180033736,-0.36316706963547934]",3
150,abe4e05a-6e7f-9b91-6fc2-255d8ca8,0.0,4.0,0.0,1.0,0.75,0.25,0.25,0.25,0.25,"[0.0,0.0,1.0,0.75,0.25,0.25,0.25,0.25]",0.5166133815718309,0.7182507304650722,"[0.5166133815718309,0.7182507304650722]",2
151,ad50ec3a-b5fa-441c-dff6-68962309,0.25,4.0,0.75,0.0,1.0,0.0,0.0,0.0,0.75,"(8,[0,1,3,7],[0.25,0.75,1.0,0.75])",0.703844166192456,-0.5775335476897323,"[0.703844166192456,-0.5775335476897323]",4
152,af82af91-5c05-62ed-d5f4-ab452057,0.125,8.0,0.375,0.5,1.0,0.0,0.875,0.0,0.0,"[0.125,0.375,0.5,1.0,0.0,0.875,0.0,0.0]",0.7168317055567461,-0.014900919790689776,"[0.7168317055567461,-0.014900919790689776]",3
153,b203a259-8fca-f544-f793-7196165c,0.0,8.0,0.0,1.0,1.0,0.0,0.875,0.0,0.0,"(8,[2,3,5],[1.0,1.0,0.875])",0.7945890546462624,0.6141389814485572,"[0.7945890546462624,0.6141389814485572]",2
154,b341bfef-bd17-e48f-e3c6-71e45a3b,0.125,8.0,0.875,0.0,1.0,0.0,0.25,0.125,0.5,"[0.125,0.875,0.0,1.0,0.0,0.25,0.125,0.5]",0.7618265857368971,-0.6412996346894774,"[0.7618265857368971,-0.6412996346894774]",4
155,b3ed71c3-f69d-be41-8e55-61063ba5,0.25,4.0,0.75,0.0,1.0,0.0,0.5,0.25,0.0,"[0.25,0.75,0.0,1.0,0.0,0.5,0.25,0.0]",0.6373316120737842,-0.6088731266914937,"[0.6373316120737842,-0.6088731266914937]",4
156,b4317fab-f533-bf46-11da-30745ab3,0.0,4.0,0.0,1.0,0.0,1.0,0.5,0.25,0.0,"(8,[2,4,5,6],[1.0,1.0,0.5,0.25])",-0.39582883533720253,0.848158857827576,"[-0.39582883533720253,0.848158857827576]",1
157,b51ab28b-c73d-4a8a-b819-1193d14b,0.5454545454545454,11.0,0.2727272727272727,0.18181818181818182,0.36363636363636365,0.6363636363636364,0.8181818181818182,0.0,0.09090909090909091,"[0.5454545454545454,0.2727272727272727,0.18181818181818182,0.36363636363636365,0.6363636363636364,0.8181818181818182,0.0,0.09090909090909091]",-0.3076374645571876,-0.14954237868487075,"[-0.3076374645571876,-0.14954237868487075]",1
158,bbed801c-180e-99dc-7c6b-4a6ce07e,0.75,4.0,0.0,0.25,0.0,1.0,0.25,0.5,0.0,"[0.75,0.0,0.25,0.0,1.0,0.25,0.5,0.0]",-0.8884683593859308,0.15284770757956662,"[-0.8884683593859308,0.15284770757956662]",0
159,bc165eba-99d1-fcf2-3c18-7b8ddbe3,0.0,9.0,0.0,1.0,0.6666666666666666,0.3333333333333333,0.0,0.1111111111111111,0.7777777777777778,"[0.0,0.0,1.0,0.6666666666666666,0.3333333333333333,0.0,0.1111111111111111,0.7777777777777778]",0.46163310118407846,0.7513889093369336,"[0.46163310118407846,0.7513889093369336]",2
160,bc59fb83-de20-c8dc-0046-06b5a884,0.16666666666666666,6.0,0.8333333333333334,0.0,1.0,0.0,0.5,0.3333333333333333,0.0,"[0.16666666666666666,0.8333333333333334,0.0,1.0,0.0,0.5,0.3333333333333333,0.0]",0.6899437969144241,-0.6385131785793716,"[0.6899437969144241,-0.6385131785793716]",4
161,bde2c3b9-096f-3106-3105-39e3c690,0.0,9.0,0.0,1.0,0.8888888888888888,0.1111111111111111,0.7777777777777778,0.0,0.1111111111111111,"[0.0,0.0,1.0,0.8888888888888888,0.1111111111111111,0.7777777777777778,0.0,0.1111111111111111]",0.6716008378351944,0.6438819784347648,"[0.6716008378351944,0.6438819784347648]",2
162,be7e4626-8ea8-e4e7-bd98-df4d6b7e,0.6,5.0,0.4,0.0,0.0,1.0,0.2,0.4,0.2,"[0.6,0.4,0.0,0.0,1.0,0.2,0.4,0.2]",-0.7692551426540785,-0.24399660905998585,"[-0.7692551426540785,-0.24399660905998585]",0
163,be8f96e0-decb-0d0f-f5a0-da9a731a,1.0,5.0,0.0,0.0,0.0,1.0,0.6,0.2,0.0,"(8,[0,4,5,6],[1.0,1.0,0.6,0.2])",-1.0477854578797983,-0.12307199520743982,"[-1.0477854578797983,-0.12307199520743982]",0
164,bf2d4ca4-7b76-c83f-c25b-69db4d40,0.0,11.0,0.0,1.0,0.9090909090909091,0.09090909090909091,0.9090909090909091,0.0,0.0,"(8,[2,3,4,5],[1.0,0.9090909090909091,0.09090909090909091,0.9090909090909091])",0.6859925223447145,0.6299102945877677,"[0.6859925223447145,0.6299102945877677]",2
165,c0a279eb-433f-7d20-4fe4-30c7bf1d,0.0,7.0,0.0,1.0,1.0,0.0,0.0,0.2857142857142857,0.5714285714285714,"(8,[2,3,6,7],[1.0,1.0,0.2857142857142857,0.5714285714285714])",0.8384884992586986,0.689855121525622,"[0.8384884992586986,0.689855121525622]",2
166,c0e4f1b6-286e-9a62-9b55-08b882ec,0.23076923076923078,13.0,0.0,0.7692307692307693,0.3076923076923077,0.6923076923076923,0.9230769230769231,0.0,0.0,"[0.23076923076923078,0.0,0.7692307692307693,0.3076923076923077,0.6923076923076923,0.9230769230769231,0.0,0.0]",-0.17953599654658153,0.5264901363857074,"[-0.17953599654658153,0.5264901363857074]",1
167,c0f2c451-9f22-3dc5-b0ab-d6747910,0.1,10.0,0.9,0.0,1.0,0.0,0.9,0.0,0.0,"(8,[0,1,3,5],[0.1,0.9,1.0,0.9])",0.7379615143375199,-0.7047507376929109,"[0.7379615143375199,-0.7047507376929109]",4
168,c1b850ff-362a-890f-0c23-014773bb,0.16666666666666666,12.0,0.8333333333333334,0.0,0.9166666666666666,0.08333333333333333,0.9166666666666666,0.0,0.0,"[0.16666666666666666,0.8333333333333334,0.0,0.9166666666666666,0.08333333333333333,0.9166666666666666,0.0,0.0]",0.5945193516902963,-0.663031258636301,"[0.5945193516902963,-0.663031258636301]",4
169,c24334a0-477a-6656-021d-668ba57f,0.0,7.0,0.0,1.0,1.0,0.0,0.8571428571428571,0.0,0.0,"(8,[2,3,5],[1.0,1.0,0.8571428571428571])",0.7948693741570724,0.6153517308537599,"[0.7948693741570724,0.6153517308537599]",2
170,c3385c79-a01d-377d-9eac-6cf460e9,0.125,8.0,0.125,0.75,0.75,0.25,0.75,0.125,0.0,"[0.125,0.125,0.75,0.75,0.25,0.75,0.125,0.0]",0.41532260105884883,0.3872763287132934,"[0.41532260105884883,0.3872763287132934]",2
171,c9f74898-df82-973e-76ca-08186d7c,0.16666666666666666,6.0,0.8333333333333334,0.0,1.0,0.0,0.8333333333333334,0.0,0.0,"(8,[0,1,3,5],[0.16666666666666666,0.8333333333333334,1.0,0.8333333333333334])",0.6948837715399107,-0.6739511099154024,"[0.6948837715399107,-0.6739511099154024]",4
172,cc1e5f29-a1bd-4a13-5c8d-dbcaa11b,0.16666666666666666,6.0,0.6666666666666666,0.16666666666666666,0.8333333333333334,0.16666666666666666,0.5,0.3333333333333333,0.0,"[0.16666666666666666,0.6666666666666666,0.16666666666666666,0.8333333333333334,0.16666666666666666,0.5,0.3333333333333333,0.0]",0.49017272090553077,-0.3792544957440572,"[0.49017272090553077,-0.3792544957440572]",3
173,ce280b9f-f7cf-eef4-dd34-fdc44bfe,0.25,4.0,0.25,0.5,0.0,1.0,0.0,0.5,0.25,"[0.25,0.25,0.5,0.0,1.0,0.0,0.5,0.25]",-0.5390883120005012,0.3142634705046888,"[-0.5390883120005012,0.3142634705046888]",1
174,ce4913ec-b21e-60b6-d455-4bc5b2b4,0.75,4.0,0.25,0.0,0.0,1.0,0.25,0.25,0.25,"[0.75,0.25,0.0,0.0,1.0,0.25,0.25,0.25]",-0.8613396930844617,-0.19357471049735597,"[-0.8613396930844617,-0.19357471049735597]",0
175,ceff0481-0e5a-e1d8-5361-b5ba2a52,0.6666666666666666,9.0,0.0,0.3333333333333333,0.3333333333333333,0.6666666666666666,0.4444444444444444,0.3333333333333333,0.1111111111111111,"[0.6666666666666666,0.0,0.3333333333333333,0.3333333333333333,0.6666666666666666,0.4444444444444444,0.3333333333333333,0.1111111111111111]",-0.4283227004110702,0.1481692564599755,"[-0.4283227004110702,0.1481692564599755]",1
176,cf23b843-3219-15e7-f878-361bbfeb,0.16666666666666666,6.0,0.8333333333333334,0.0,1.0,0.0,0.3333333333333333,0.3333333333333333,0.16666666666666666,"[0.16666666666666666,0.8333333333333334,0.0,1.0,0.0,0.3333333333333333,0.3333333333333333,0.16666666666666666]",0.7039010353921035,-0.6256425058007529,"[0.7039010353921035,-0.6256425058007529]",4
177,d0fe3bbe-eeeb-e784-986f-51c01c74,1.0,6.0,0.0,0.0,0.0,1.0,0.8333333333333334,0.0,0.0,"(8,[0,4,5],[1.0,1.0,0.8333333333333334])",-1.0453447361913515,-0.14659855289877022,"[-1.0453447361913515,-0.14659855289877022]",0
178,d2a78c5a-c501-ea53-1bcf-2fedb47d,0.4444444444444444,9.0,0.1111111111111111,0.4444444444444444,0.0,1.0,0.3333333333333333,0.1111111111111111,0.4444444444444444,"[0.4444444444444444,0.1111111111111111,0.4444444444444444,0.0,1.0,0.3333333333333333,0.1111111111111111,0.4444444444444444]",-0.6473647601603223,0.27976259903213735,"[-0.6473647601603223,0.27976259903213735]",1
179,d41a406c-81b7-dca2-962a-a408e155,0.25,4.0,0.75,0.0,1.0,0.0,0.5,0.25,0.0,"[0.25,0.75,0.0,1.0,0.0,0.5,0.25,0.0]",0.6373316120737842,-0.6088731266914937,"[0.6373316120737842,-0.6088731266914937]",4
180,d424420a-72ee-7166-ac7e-9b96c0e6,0.125,8.0,0.0,0.875,0.5,0.5,0.25,0.375,0.25,"[0.125,0.0,0.875,0.5,0.5,0.25,0.375,0.25]",0.1341407776008305,0.6524738212648024,"[0.1341407776008305,0.6524738212648024]",2
181,d4ca59b9-1058-6388-4cc5-e58c2290,0.8333333333333334,6.0,0.0,0.16666666666666666,0.0,1.0,0.8333333333333334,0.0,0.0,"(8,[0,2,4,5],[0.8333333333333334,0.16666666666666666,1.0,0.8333333333333334])",-0.936692615506993,0.01382135793457031,"[-0.936692615506993,0.01382135793457031]",0
182,d5d7fee4-5428-bea3-17aa-30fb97f1,0.0,5.0,0.0,1.0,0.0,1.0,0.4,0.2,0.2,"[0.0,0.0,1.0,0.0,1.0,0.4,0.2,0.2]",-0.37912404760043206,0.854892277126946,"[-0.37912404760043206,0.854892277126946]",1
183,d6458839-e410-c16f-44d7-7aad9b6b,0.09090909090909091,11.0,0.9090909090909091,0.0,1.0,0.0,0.9090909090909091,0.0,0.0,"(8,[0,1,3,5],[0.09090909090909091,0.9090909090909091,1.0,0.9090909090909091])",0.7438357519917393,-0.7089506869352984,"[0.7438357519917393,-0.7089506869352984]",4
184,d80b6775-ae61-8dae-98ce-99412037,0.25,4.0,0.75,0.0,1.0,0.0,0.75,0.0,0.0,"(8,[0,1,3,5],[0.25,0.75,1.0,0.75])",0.6410365930428992,-0.6354515751935168,"[0.6410365930428992,-0.6354515751935168]",4
185,d89aba44-424b-9d5d-5dd4-f1fbabf1,0.18181818181818182,11.0,0.8181818181818182,0.0,1.0,0.0,0.9090909090909091,0.0,0.0,"(8,[0,1,3,5],[0.18181818181818182,0.8181818181818182,1.0,0.9090909090909091])",0.6836662943036037,-0.6731251914833649,"[0.6836662943036037,-0.6731251914833649]",4
186,d92b593e-555f-9b3b-4007-752ea02c,0.0,8.0,0.0,1.0,1.0,0.0,0.875,0.0,0.0,"(8,[2,3,5],[1.0,1.0,0.875])",0.7945890546462624,0.6141389814485572,"[0.7945890546462624,0.6141389814485572]",2
187,d964c832-c32d-77ff-672a-1cf12f7e,0.1111111111111111,9.0,0.8888888888888888,0.0,1.0,0.0,0.4444444444444444,0.3333333333333333,0.1111111111111111,"[0.1111111111111111,0.8888888888888888,0.0,1.0,0.0,0.4444444444444444,0.3333333333333333,0.1111111111111111]",0.7351467415642181,-0.6555990865415495,"[0.7351467415642181,-0.6555990865415495]",4
188,daf25c41-8b84-6414-7646-b7df2abd,0.125,8.0,0.875,0.0,1.0,0.0,0.875,0.0,0.0,"(8,[0,1,3,5],[0.125,0.875,1.0,0.875])",0.7218073607884165,-0.6932008772763452,"[0.7218073607884165,-0.6932008772763452]",4
189,db98a0d9-3d4f-4219-b27d-74a44a01,1.0,5.0,0.0,0.0,0.0,1.0,0.6,0.2,0.0,"(8,[0,4,5,6],[1.0,1.0,0.6,0.2])",-1.0477854578797983,-0.12307199520743982,"[-1.0477854578797983,-0.12307199520743982]",0
190,dd30c478-d26e-3f37-f395-b912bead,0.1111111111111111,9.0,0.8888888888888888,0.0,1.0,0.0,0.7777777777777778,0.1111111111111111,0.0,"[0.1111111111111111,0.8888888888888888,0.0,1.0,0.0,0.7777777777777778,0.1111111111111111,0.0]",0.7291352323294229,-0.6878048226179826,"[0.7291352323294229,-0.6878048226179826]",4
191,de14f7c6-1844-4e1b-bb5c-16ceef86,1.0,5.0,0.0,0.0,0.0,1.0,0.6,0.2,0.0,"(8,[0,4,5,6],[1.0,1.0,0.6,0.2])",-1.0477854578797983,-0.12307199520743982,"[-1.0477854578797983,-0.12307199520743982]",0
192,dfc849d9-7793-4345-d533-579da01b,0.2727272727272727,11.0,0.0,0.7272727272727273,0.7272727272727273,0.2727272727272727,0.8181818181818182,0.09090909090909091,0.0,"[0.2727272727272727,0.0,0.7272727272727273,0.7272727272727273,0.2727272727272727,0.8181818181818182,0.09090909090909091,0.0]",0.2907281234924463,0.4132430003231417,"[0.2907281234924463,0.4132430003231417]",2
193,e091c85e-d8a5-ed63-dfdb-631d4614,0.75,4.0,0.0,0.25,0.0,1.0,0.5,0.25,0.0,"[0.75,0.0,0.25,0.0,1.0,0.5,0.25,0.0]",-0.884763378416816,0.12626925907754358,"[-0.884763378416816,0.12626925907754358]",0
194,e3485d79-4f92-1fff-4e64-56943e9b,0.4,10.0,0.6,0.0,0.6,0.4,0.5,0.2,0.2,"[0.4,0.6,0.0,0.6,0.4,0.5,0.2,0.2]",0.07771694712858798,-0.47023816374933924,"[0.07771694712858798,-0.47023816374933924]",3
195,e65e8c36-5f2d-131d-9602-cd643f97,0.0,8.0,0.0,1.0,1.0,0.0,0.0,0.0,0.875,"(8,[2,3,7],[1.0,1.0,0.875])",0.8678645566540788,0.6817100135363057,"[0.8678645566540788,0.6817100135363057]",2
196,e74ddfe8-97b1-613e-1495-f884f58c,1.0,4.0,0.0,0.0,0.0,1.0,0.5,0.25,0.0,"(8,[0,4,5,6],[1.0,1.0,0.5,0.25])",-1.0477415594433535,-0.11436060717246724,"[-1.0477415594433535,-0.11436060717246724]",0
197,e88cc767-fc0d-54d4-243a-4479ebf9,0.14285714285714285,7.0,0.2857142857142857,0.5714285714285714,1.0,0.0,0.8571428571428571,0.0,0.0,"[0.14285714285714285,0.2857142857142857,0.5714285714285714,1.0,0.0,0.8571428571428571,0.0,0.0]",0.7045822165600052,0.09024897443337936,"[0.7045822165600052,0.09024897443337936]",2
198,e9822752-a8af-cf42-1ddc-d2518ca8,0.2222222222222222,9.0,0.5555555555555556,0.2222222222222222,0.6666666666666666,0.3333333333333333,0.3333333333333333,0.3333333333333333,0.2222222222222222,"[0.2222222222222222,0.5555555555555556,0.2222222222222222,0.6666666666666666,0.3333333333333333,0.3333333333333333,0.3333333333333333,0.2222222222222222]",0.272474668075312,-0.23544787957406849,"[0.272474668075312,-0.23544787957406849]",3
199,e99d6a57-d572-b7f6-34cf-3ac76f24,1.0,6.0,0.0,0.0,0.0,1.0,0.8333333333333334,0.0,0.0,"(8,[0,4,5],[1.0,1.0,0.8333333333333334])",-1.0453447361913515,-0.14659855289877022,"[-1.0453447361913515,-0.14659855289877022]",0
200,eb9864df-c827-4027-9de4-5829eee9,0.2727272727272727,11.0,0.6363636363636364,0.09090909090909091,0.7272727272727273,0.2727272727272727,0.2727272727272727,0.09090909090909091,0.5454545454545454,"[0.2727272727272727,0.6363636363636364,0.09090909090909091,0.7272727272727273,0.2727272727272727,0.2727272727272727,0.09090909090909091,0.5454545454545454]",0.34273901062334067,-0.4079256528376673,"[0.34273901062334067,-0.4079256528376673]",3
201,eba3b0ea-3aeb-a6e3-8df6-742db8a0,0.14285714285714285,7.0,0.42857142857142855,0.42857142857142855,1.0,0.0,0.7142857142857143,0.14285714285714285,0.0,"[0.14285714285714285,0.42857142857142855,0.42857142857142855,1.0,0.0,0.7142857142857143,0.14285714285714285,0.0]",0.7038867003581311,-0.08836332856136615,"[0.7038867003581311,-0.08836332856136615]",3
202,ebdd7e01-09f4-dbf1-8a08-602d0001,1.0,4.0,0.0,0.0,0.0,1.0,0.5,0.25,0.0,"(8,[0,4,5,6],[1.0,1.0,0.5,0.25])",-1.0477415594433535,-0.11436060717246724,"[-1.0477415594433535,-0.11436060717246724]",0
203,ed71098a-9600-3bac-4cca-70ce0496,1.0,4.0,0.0,0.0,0.0,1.0,0.5,0.25,0.0,"(8,[0,4,5,6],[1.0,1.0,0.5,0.25])",-1.0477415594433535,-0.11436060717246724,"[-1.0477415594433535,-0.11436060717246724]",0
204,ed71bd28-a732-78c0-de66-e32f77c8,1.0,4.0,0.0,0.0,0.0,1.0,0.5,0.25,0.0,"(8,[0,4,5,6],[1.0,1.0,0.5,0.25])",-1.0477415594433535,-0.11436060717246724,"[-1.0477415594433535,-0.11436060717246724]",0
205,edcaf7c0-7593-61d2-f4e9-689b8340,0.3333333333333333,6.0,0.6666666666666666,0.0,1.0,0.0,0.3333333333333333,0.16666666666666666,0.3333333333333333,"[0.3333333333333333,0.6666666666666666,0.0,1.0,0.0,0.3333333333333333,0.16666666666666666,0.3333333333333333]",0.6100175887542775,-0.5648107236949382,"[0.6100175887542775,-0.5648107236949382]",4
206,ef70bde5-8a4d-68a0-4f26-e5253d2c,0.25,4.0,0.75,0.0,1.0,0.0,0.25,0.25,0.25,"[0.25,0.75,0.0,1.0,0.0,0.25,0.25,0.25]",0.6582674697903033,-0.5895671175235656,"[0.6582674697903033,-0.5895671175235656]",4
207,f2a9ccb0-9831-6d2a-6254-8f0366c9,0.16666666666666666,6.0,0.16666666666666666,0.6666666666666666,0.6666666666666666,0.3333333333333333,0.6666666666666666,0.16666666666666666,0.0,"[0.16666666666666666,0.16666666666666666,0.6666666666666666,0.6666666666666666,0.3333333333333333,0.6666666666666666,0.16666666666666666,0.0]",0.2895545287216007,0.31448519308034545,"[0.2895545287216007,0.31448519308034545]",2
208,f4bf52fc-cffa-0f52-f4f9-2eff92fc,0.25,4.0,0.75,0.0,1.0,0.0,0.0,0.0,0.75,"(8,[0,1,3,7],[0.25,0.75,1.0,0.75])",0.703844166192456,-0.5775335476897323,"[0.703844166192456,-0.5775335476897323]",4
209,f5196f35-183f-1d55-1883-5fef618e,0.0,4.0,0.0,1.0,0.0,1.0,0.5,0.25,0.0,"(8,[2,4,5,6],[1.0,1.0,0.5,0.25])",-0.39582883533720253,0.848158857827576,"[-0.39582883533720253,0.848158857827576]",1
210,f6956137-aec3-29d6-ad64-d870e209,0.42857142857142855,7.0,0.2857142857142857,0.2857142857142857,0.42857142857142855,0.5714285714285714,0.7142857142857143,0.14285714285714285,0.0,"[0.42857142857142855,0.2857142857142857,0.2857142857142857,0.42857142857142855,0.5714285714285714,0.7142857142857143,0.14285714285714285,0.0]",-0.16303863407554323,-0.05588194097086217,"[-0.16303863407554323,-0.05588194097086217]",1
211,f6c2c059-c90e-1566-cc25-b0823249,0.1,10.0,0.9,0.0,1.0,0.0,0.9,0.0,0.0,"(8,[0,1,3,5],[0.1,0.9,1.0,0.9])",0.7379615143375199,-0.7047507376929109,"[0.7379615143375199,-0.7047507376929109]",4
212,f6cd37ab-4add-fb6f-20c2-2374f109,0.0,5.0,0.0,1.0,1.0,0.0,0.8,0.0,0.0,"(8,[2,3,5],[1.0,1.0,0.8])",0.7957663965916639,0.619232528950409,"[0.7957663965916639,0.619232528950409]",2
213,f83fd099-8c89-2894-3a91-bb38be88,0.375,8.0,0.625,0.0,0.75,0.25,0.75,0.125,0.0,"[0.375,0.625,0.0,0.75,0.25,0.75,0.125,0.0]",0.2573200752639813,-0.5316534950223728,"[0.2573200752639813,-0.5316534950223728]",3
214,f8c2bef5-12f7-05a2-39e8-43daff7b,0.0,6.0,0.0,1.0,0.5,0.5,0.16666666666666666,0.16666666666666666,0.5,"[0.0,0.0,1.0,0.5,0.5,0.16666666666666666,0.16666666666666666,0.5]",0.24030728883010388,0.7727758050848568,"[0.24030728883010388,0.7727758050848568]",2
215,f8f5aa96-ff9b-eb8f-c3dc-06293d3f,0.0,4.0,0.0,1.0,0.75,0.25,0.0,0.5,0.25,"[0.0,0.0,1.0,0.75,0.25,0.0,0.5,0.25]",0.5129084006027159,0.7448291789670952,"[0.5129084006027159,0.7448291789670952]",2
216,fcb83a6e-9298-b96c-29e5-c217b27f,0.14285714285714285,7.0,0.14285714285714285,0.7142857142857143,0.5714285714285714,0.42857142857142855,0.5714285714285714,0.14285714285714285,0.14285714285714285,"[0.14285714285714285,0.14285714285714285,0.7142857142857143,0.5714285714285714,0.42857142857142855,0.5714285714285714,0.14285714285714285,0.14285714285714285]",0.20357461081089342,0.3955338732580712,"[0.20357461081089342,0.3955338732580712]",2
217,ff3d026c-5e45-1835-2b58-e6308d38,0.25,4.0,0.75,0.0,1.0,0.0,0.25,0.25,0.25,"[0.25,0.75,0.0,1.0,0.0,0.25,0.25,0.25]",0.6582674697903033,-0.5895671175235656,"[0.6582674697903033,-0.5895671175235656]",4
218,ff549000-a9c8-4964-1ece-6923a32e,0.6,5.0,0.4,0.0,0.6,0.4,0.8,0.0,0.0,"[0.6,0.4,0.0,0.6,0.4,0.8,0.0,0.0]",-0.06687077192269819,-0.42133824322191077,"[-0.06687077192269819,-0.42133824322191077]",3
