,users,catchingUpRatio,order,freq,ordinary-late,pcaInput,_1,_2,features,probability,prediction
0,003136ec-fd3a-908e-de7e-45301e3b,0.6,0.25,0.4,ordinary,"[0.6,0.25,0.4]",-0.08480448042292044,-0.7519887439812596,"[-0.08480448042292044,-0.7519887439812596]","[2.235421499422786e-06,9.693404469338185e-17,9.693404469338185e-17,0.9999977645785003]",3
1,0064c3fd-7e6e-425c-f754-34b889c8,0.0,1.0,0.0,ordinary,"[0.0,1.0,0.0]",0.27969614301474444,-0.24153733373666997,"[0.27969614301474444,-0.24153733373666997]","[4.782598513843986e-18,0.9988965470606695,9.359325292130502e-09,0.0011034435800051112]",1
2,037820a7-a143-422c-3ebd-3553d373,0.8571428571428571,0.5,0.14285714285714285,ordinary,"[0.8571428571428571,0.5,0.14285714285714285]",-0.36388454273488524,-0.8280990635359085,"[-0.36388454273488524,-0.8280990635359085]","[1.4089734334626548e-07,2.582057662880814e-16,2.582057662880814e-16,0.9999998591026561]",3
3,04745589-295d-158e-c6c0-ef24f730,0.0,1.0,1.0,ordinary,"[0.0,1.0,1.0]",0.9393105223246565,-0.8964477766693052,"[0.9393105223246565,-0.8964477766693052]","[0.0004318058373639979,3.0386744889995165e-18,0.9995681940639001,9.873587459958702e-11]",2
4,04a7d779-f053-b1a3-386e-82d69979,0.0,0.8333333333333334,0.0,ordinary,"[0.0,0.8333333333333334,0.0]",0.23308011917895372,-0.201281111447225,"[0.23308011917895372,-0.201281111447225]","[3.72601330491616e-18,0.9996485484558527,6.545270525055601e-06,0.0003449062736222289]",1
5,068616a9-816f-e8e4-d737-6ddba1df,0.0,0.6666666666666666,0.0,ordinary,"[0.0,0.6666666666666666,0.0]",0.18646409534316294,-0.16102488915777996,"[0.18646409534316294,-0.16102488915777996]","[3.901575202521659e-18,0.9998671879253729,1.919708201140736e-05,0.00011361499261567522]",1
6,06f2e041-7a2d-a0ab-5f48-fd01f0a2,0.9090909090909091,1.0,0.09090909090909093,ordinary,"[0.9090909090909091,1.0,0.09090909090909093]",-0.29454234962461423,-0.95204469729727,"[-0.29454234962461423,-0.95204469729727]","[6.920981995954286e-07,2.0595312741939106e-16,2.0595312741939106e-16,0.9999993079018]",3
7,0781bbba-c179-f93c-1116-8d684911,0.0,0.75,0.0,ordinary,"[0.0,0.75,0.0]",0.20977210726105833,-0.18115300030250248,"[0.20977210726105833,-0.18115300030250248]","[3.674273060414947e-18,0.9997811270516742,2.2219509397671897e-05,0.00019665343892814386]",1
8,08ee9ac0-7656-2b25-ce41-b44d758e,0.0,1.0,1.0,ordinary,"[0.0,1.0,1.0]",0.9393105223246565,-0.8964477766693052,"[0.9393105223246565,-0.8964477766693052]","[0.0004318058373639979,3.0386744889995165e-18,0.9995681940639001,9.873587459958702e-11]",2
9,0a84077c-d3fa-56fc-803c-a863ca7e,0.0,0.6666666666666666,0.0,ordinary,"[0.0,0.6666666666666666,0.0]",0.18646409534316294,-0.16102488915777996,"[0.18646409534316294,-0.16102488915777996]","[3.901575202521659e-18,0.9998671879253729,1.919708201140736e-05,0.00011361499261567522]",1
10,0c9621b0-ff94-77e8-727f-5420882d,0.0,1.0,0.5,ordinary,"[0.0,1.0,0.5]",0.6095033326697005,-0.5689925552029875,"[0.6095033326697005,-0.5689925552029875]","[4.773025521159495e-14,8.445028880473249e-06,0.9873558170099019,0.01263573796116988]",2
11,0e59235e-e51a-a5cd-e0ba-0fffe847,0.9090909090909091,1.0,0.09090909090909093,ordinary,"[0.9090909090909091,1.0,0.09090909090909093]",-0.29454234962461423,-0.95204469729727,"[-0.29454234962461423,-0.95204469729727]","[6.920981995954286e-07,2.0595312741939106e-16,2.0595312741939106e-16,0.9999993079018]",3
12,101c246c-3f77-d919-ca38-8d19141e,0.0,1.0,0.0,ordinary,"[0.0,1.0,0.0]",0.27969614301474444,-0.24153733373666997,"[0.27969614301474444,-0.24153733373666997]","[4.782598513843986e-18,0.9988965470606695,9.359325292130502e-09,0.0011034435800051112]",1
13,10355f7a-f86a-830c-cbf1-fb3c40b6,0.0,0.6666666666666666,0.0,ordinary,"[0.0,0.6666666666666666,0.0]",0.18646409534316294,-0.16102488915777996,"[0.18646409534316294,-0.16102488915777996]","[3.901575202521659e-18,0.9998671879253729,1.919708201140736e-05,0.00011361499261567522]",1
14,135b42ab-ac52-d14a-c37c-6ffeca28,0.0,1.0,0.0,ordinary,"[0.0,1.0,0.0]",0.27969614301474444,-0.24153733373666997,"[0.27969614301474444,-0.24153733373666997]","[4.782598513843986e-18,0.9988965470606695,9.359325292130502e-09,0.0011034435800051112]",1
15,1459b8fd-ecab-4e30-1fc9-3d649648,0.8571428571428571,0.3333333333333333,0.14285714285714285,ordinary,"[0.8571428571428571,0.3333333333333333,0.14285714285714285]",-0.410500566570676,-0.7878428412464634,"[-0.410500566570676,-0.7878428412464634]","[5.2928428058245825e-09,4.664302301354523e-16,4.664302301354523e-16,0.9999999947071563]",3
16,1496b095-5b5f-4c47-5066-49bcf5d6,0.75,1.0,0.25,ordinary,"[0.75,1.0,0.25]",-0.07861809703349182,-0.9423152361873762,"[-0.07861809703349182,-0.9423152361873762]","[0.0004508489025471059,2.4506761308775565e-16,2.4506761308775565e-16,0.9995491510974525]",3
17,14a5fec5-bb5b-cac7-e40e-9a363e5c,0.5,0.6666666666666666,0.25,ordinary,"[0.5,0.6666666666666666,0.25]",0.0025558002534981084,-0.6827860277026371,"[0.0025558002534981084,-0.6827860277026371]","[8.781669929100399e-09,1.0050416761064166e-16,1.0050416761064166e-16,0.9999999912183299]",3
18,16ba8f74-d9b7-c724-98c5-f31f43be,0.16666666666666666,0.8,0.8333333333333334,ordinary,"[0.16666666666666666,0.8,0.8333333333333334]",0.6571649338643414,-0.8583330787037647,"[0.6571649338643414,-0.8583330787037647]","[0.9999275378486012,1.8473486176073925e-16,1.8473486176073925e-16,7.246215139830032e-05]",0
19,17b4a5d5-5e2a-5bc2-a4e6-25e3d1d4,0.875,0.8571428571428571,0.125,ordinary,"[0.875,0.8571428571428571,0.125]",-0.28822945878576567,-0.9154544793827686,"[-0.28822945878576567,-0.9154544793827686]","[2.5727425505042107e-06,1.7551428637984393e-16,1.7551428637984393e-16,0.9999974272574492]",3
20,195b9f52-3731-37a7-2c74-19d11cb6,0.0,1.0,0.0,ordinary,"[0.0,1.0,0.0]",0.27969614301474444,-0.24153733373666997,"[0.27969614301474444,-0.24153733373666997]","[4.782598513843986e-18,0.9988965470606695,9.359325292130502e-09,0.0011034435800051112]",1
21,196bc15c-4aac-31e9-7c5d-3599ce10,0.0,0.0,0.2,ordinary,"[0.0,0.0,0.2]",0.13192287586198242,-0.13098208858652705,"[0.13192287586198242,-0.13098208858652705]","[4.268309433779651e-16,0.9962794431995143,4.268309433781772e-16,0.0037205568004846706]",1
22,1acb1c12-47e9-e408-eaf9-8167947a,0.0,1.0,1.0,ordinary,"[0.0,1.0,1.0]",0.9393105223246565,-0.8964477766693052,"[0.9393105223246565,-0.8964477766693052]","[0.0004318058373639979,3.0386744889995165e-18,0.9995681940639001,9.873587459958702e-11]",2
23,1b1cd7ac-2f24-1493-5d7e-d7873af1,0.0,1.0,0.75,ordinary,"[0.0,1.0,0.75]",0.7744069274971785,-0.7327201659361464,"[0.7744069274971785,-0.7327201659361464]","[2.7725890454895332e-05,3.3924099817906994e-16,0.9999707095477445,1.5645618003516855e-06]",2
24,1beb31a1-0aea-018e-a7e1-82085ffa,0.0,1.0,0.0,ordinary,"[0.0,1.0,0.0]",0.27969614301474444,-0.24153733373666997,"[0.27969614301474444,-0.24153733373666997]","[4.782598513843986e-18,0.9988965470606695,9.359325292130502e-09,0.0011034435800051112]",1
25,1c09a110-d9c3-2442-9f5d-aee802c0,0.75,0.6666666666666666,0.25,ordinary,"[0.75,0.6666666666666666,0.25]",-0.17185014470507332,-0.8618027916084862,"[-0.17185014470507332,-0.8618027916084862]","[7.168069980280604e-05,1.217897021484417e-16,1.217897021484417e-16,0.999928319300197]",3
26,1cb07e56-7b73-0087-0a17-3e9c1f88,0.5,0.8571428571428571,0.5,ordinary,"[0.5,0.8571428571428571,0.5]",0.2207348508933084,-0.8925207496237331,"[0.2207348508933084,-0.8925207496237331]","[0.6713050709087175,5.19090023018021e-16,5.19090023018021e-16,0.32869492909128156]",0
27,1d3ed189-1162-0dd0-bcb2-fda83a50,0.0,0.8,0.8333333333333334,ordinary,"[0.0,0.8,0.8333333333333334]",0.7734355638367223,-0.7389885694331987,"[0.7734355638367223,-0.7389885694331987]","[0.00024838398315094653,2.35410269889989e-17,0.9997443989233156,7.217093533378002e-06]",2
28,1d66d118-9cc1-c6cd-c61c-02ca2ddc,0.6,0.75,0.4,ordinary,"[0.6,0.75,0.4]",0.05504359108445178,-0.8727574108495946,"[0.05504359108445178,-0.8727574108495946]","[0.030355064072371925,2.5272091826152887e-16,2.5272091826152887e-16,0.9696449359276276]",3
29,1d90b45b-4d8d-42a1-43cd-38e1a241,0.0,0.75,0.8,ordinary,"[0.0,0.75,0.8]",0.737463610708988,-0.7050813546486107,"[0.737463610708988,-0.7050813546486107]","[5.300486439932386e-05,1.676823471805048e-16,0.9997993247675532,0.00014767036804738936]",2
30,1e81aa64-c3c9-ee4f-ce3c-c4248be0,0.0,0.0,0.0,ordinary,"(3,[],[])",0.0,0.0,"(2,[],[])","[9.065017495044112e-17,0.9999977290632719,9.065017495284386e-17,2.2709367278855506e-06]",1
31,1f7f3fd7-7087-1461-cf43-9add2172,0.25,0.6666666666666666,0.75,ordinary,"[0.25,0.6666666666666666,0.75]",0.5067689348670256,-0.8312244852631056,"[0.5067689348670256,-0.8312244852631056]","[0.9962729316329989,1.9348781619700207e-16,1.9348781619700207e-16,0.003727068367000698]",0
32,1f96865d-62d4-b049-1788-cfccf324,0.0,1.0,1.0,ordinary,"[0.0,1.0,1.0]",0.9393105223246565,-0.8964477766693052,"[0.9393105223246565,-0.8964477766693052]","[0.0004318058373639979,3.0386744889995165e-18,0.9995681940639001,9.873587459958702e-11]",2
33,20e2fc85-7d0f-8a2c-b651-4b811a97,0.16666666666666666,0.4,0.3333333333333333,ordinary,"[0.16666666666666666,0.4,0.3333333333333333]",0.21547928700348754,-0.43426292374277914,"[0.21547928700348754,-0.43426292374277914]","[3.871758961120045e-16,3.871758961119985e-16,3.871758961119985e-16,0.9999999999999989]",3
34,23e6f6c8-2cd0-ac1c-e8a1-f2338caa,0.9166666666666666,0.9090909090909092,0.08333333333333333,ordinary,"[0.9166666666666666,0.9090909090909092,0.08333333333333333]",-0.3302513789831075,-0.9305500655385635,"[-0.3302513789831075,-0.9305500655385635]","[5.238332550718019e-07,2.101233498732306e-16,2.101233498732306e-16,0.9999994761667446]",3
35,258d2e1f-e3e8-2612-8285-895fb96d,0.25,1.0,0.75,ordinary,"[0.25,1.0,0.75]",0.600000982538607,-0.9117369298419955,"[0.600000982538607,-0.9117369298419955]","[0.9998778990563761,2.85774483852835e-16,2.85774483852835e-16,0.000122100943623287]",0
36,269144fa-ef0e-c81e-52ff-df9a348a,0.6923076923076923,0.8333333333333334,0.2307692307692308,ordinary,"[0.6923076923076923,0.8333333333333334,0.2307692307692308]",-0.09767148701941819,-0.8481530214017231,"[-0.09767148701941819,-0.8481530214017231]","[0.0003873656151246091,1.1895338915163228e-16,1.1895338915163228e-16,0.9996126343848751]",3
37,270174bf-baf8-aab4-48e3-139fcf47,0.0,0.3333333333333333,0.0,ordinary,"[0.0,0.3333333333333333,0.0]",0.09323204767158147,-0.08051244457888998,"[0.09323204767158147,-0.08051244457888998]","[1.0400002993117848e-17,0.9999855518285521,1.2197800164415414e-11,1.4448159250086848e-05]",1
38,27080783-250a-3521-f816-6e7b29cf,0.0,1.0,1.0,ordinary,"[0.0,1.0,1.0]",0.9393105223246565,-0.8964477766693052,"[0.9393105223246565,-0.8964477766693052]","[0.0004318058373639979,3.0386744889995165e-18,0.9995681940639001,9.873587459958702e-11]",2
39,2c1d08f2-a1ba-6915-db46-1a7721b9,0.0,1.0,0.0,ordinary,"[0.0,1.0,0.0]",0.27969614301474444,-0.24153733373666997,"[0.27969614301474444,-0.24153733373666997]","[4.782598513843986e-18,0.9988965470606695,9.359325292130502e-09,0.0011034435800051112]",1
40,2ee1d86b-74ed-47f3-5733-61cc4821,0.0,1.0,0.0,ordinary,"[0.0,1.0,0.0]",0.27969614301474444,-0.24153733373666997,"[0.27969614301474444,-0.24153733373666997]","[4.782598513843986e-18,0.9988965470606695,9.359325292130502e-09,0.0011034435800051112]",1
41,2f7f0e40-1234-75db-2bcf-bdfbdfbc,0.0,1.0,1.0,ordinary,"[0.0,1.0,1.0]",0.9393105223246565,-0.8964477766693052,"[0.9393105223246565,-0.8964477766693052]","[0.0004318058373639979,3.0386744889995165e-18,0.9995681940639001,9.873587459958702e-11]",2
42,31a88be4-13ad-06c2-119c-3551a490,0.2,1.0,0.1,ordinary,"[0.2,1.0,0.1]",0.2061328249788785,-0.4502417891546128,"[0.2061328249788785,-0.4502417891546128]","[3.3643900935920886e-16,3.3643900935869447e-16,3.3643900935869447e-16,0.999999999999999]",3
43,3244a4c0-3f85-3017-5694-2f5647cb,0.0,0.8333333333333334,0.8571428571428571,ordinary,"[0.0,0.8333333333333334,0.8571428571428571]",0.7984638728731641,-0.762632919675198,"[0.7984638728731641,-0.762632919675198]","[0.0005670239119504896,1.0756713021541542e-17,0.9994319288637883,1.047224261208461e-06]",2
44,3447bacb-f54d-55c2-592f-3a3ff765,0.75,1.0,0.25,ordinary,"[0.75,1.0,0.25]",-0.07861809703349182,-0.9423152361873762,"[-0.07861809703349182,-0.9423152361873762]","[0.0004508489025471059,2.4506761308775565e-16,2.4506761308775565e-16,0.9995491510974525]",3
45,34a3d1d8-74eb-8a4e-0506-b9ca1551,0.0,1.0,0.25,ordinary,"[0.0,1.0,0.25]",0.44459973784222245,-0.40526494446982875,"[0.44459973784222245,-0.40526494446982875]","[9.170237321683232e-17,0.9138948589776645,0.001564015506277109,0.0845411255160585]",1
46,35813a40-7aa6-5336-237b-c93f1759,0.875,0.8571428571428571,0.0,ordinary,"[0.875,0.8571428571428571,0.0]",-0.3706812561995047,-0.8335906740161891,"[-0.3706812561995047,-0.8335906740161891]","[1.3982332964676206e-07,2.66642011087106e-16,2.66642011087106e-16,0.9999998601766699]",3
47,35ce5334-aefb-9a61-d1c3-7f01a776,0.875,1.0,0.125,ordinary,"[0.875,1.0,0.125]",-0.24827286692651648,-0.9499598127737214,"[-0.24827286692651648,-0.9499598127737214]","[2.9085560194130368e-06,1.9125176151637905e-16,1.9125176151637905e-16,0.9999970914439803]",3
48,35daa597-4591-5a82-57a9-1fba2635,0.0,1.0,0.75,ordinary,"[0.0,1.0,0.75]",0.7744069274971785,-0.7327201659361464,"[0.7744069274971785,-0.7327201659361464]","[2.7725890454895332e-05,3.3924099817906994e-16,0.9999707095477445,1.5645618003516855e-06]",2
49,367365a7-8d2a-3b00-f3e3-f877be3c,0.7142857142857143,0.8333333333333334,0.2857142857142857,ordinary,"[0.7142857142857143,0.8333333333333334,0.2857142857142857]",-0.07676132947127551,-0.8998748491589754,"[-0.07676132947127551,-0.8998748491589754]","[0.001116732647639188,1.7062190310365592e-16,1.7062190310365592e-16,0.9988832673523604]",3
50,3681eecc-7864-c1c1-0024-4d4234be,0.9,1.0,0.1,ordinary,"[0.9,1.0,0.1]",-0.2822038209051215,-0.9514887280909905,"[-0.2822038209051215,-0.9514887280909905]","[1.0174904037774765e-06,2.007294628638179e-16,2.007294628638179e-16,0.9999989825095958]",3
51,36a67ef1-5f22-7846-3f95-faec67c9,0.0,1.0,1.0,ordinary,"[0.0,1.0,1.0]",0.9393105223246565,-0.8964477766693052,"[0.9393105223246565,-0.8964477766693052]","[0.0004318058373639979,3.0386744889995165e-18,0.9995681940639001,9.873587459958702e-11]",2
52,37ada581-75c2-560e-2eb3-3db3a231,0.8,0.5,0.2,ordinary,"[0.8,0.5,0.2]",-0.28632807649807396,-0.8246043999535793,"[-0.28632807649807396,-0.8246043999535793]","[1.0997320807906667e-06,1.6179507003528586e-16,1.6179507003528586e-16,0.9999989002679189]",3
53,37d73652-37e1-cc5f-6c84-3b9a528c,0.16666666666666666,0.8,0.8333333333333334,ordinary,"[0.16666666666666666,0.8,0.8333333333333334]",0.6571649338643414,-0.8583330787037647,"[0.6571649338643414,-0.8583330787037647]","[0.9999275378486012,1.8473486176073925e-16,1.8473486176073925e-16,7.246215139830032e-05]",0
54,380773a6-f975-22c8-187e-e40fe702,0.25,0.6666666666666666,0.75,ordinary,"[0.25,0.6666666666666666,0.75]",0.5067689348670256,-0.8312244852631056,"[0.5067689348670256,-0.8312244852631056]","[0.9962729316329989,1.9348781619700207e-16,1.9348781619700207e-16,0.003727068367000698]",0
55,3be7d5a2-f78e-3472-e5ac-fa27ed08,0.0,0.4,0.0,ordinary,"[0.0,0.4,0.0]",0.11187845720589779,-0.09661493349466799,"[0.11187845720589779,-0.09661493349466799]","[7.775261052521248e-18,0.9999785412641797,1.2200149360479487e-09,2.1457515805324252e-05]",1
56,3c370e25-1bd5-c34b-ec40-31117752,0.75,0.3333333333333333,0.25,ordinary,"[0.75,0.3333333333333333,0.25]",-0.2650821923766548,-0.7812903470295962,"[-0.2650821923766548,-0.7812903470295962]","[1.9837562593205257e-07,1.600765106379584e-16,1.600765106379584e-16,0.9999998016243737]",3
57,3d524e1d-934c-6d53-022b-983c91c3,0.2,1.0,0.4,ordinary,"[0.2,1.0,0.4]",0.40401713877185214,-0.6467149220344034,"[0.40401713877185214,-0.6467149220344034]","[2.122361232276613e-07,9.9266452160653e-16,9.9266452160653e-16,0.9999997877638748]",3
58,3d7d0f75-dda5-644d-e527-018ff340,0.09090909090909091,0.7,0.09090909090909093,ordinary,"[0.09090909090909091,0.7,0.09090909090909093]",0.19233190006265077,-0.29371045166621734,"[0.19233190006265077,-0.29371045166621734]","[2.3631836331750654e-15,2.3631836331750654e-15,2.3631836331750654e-15,0.9999999999999929]",3
59,3dc06a27-afe4-b105-1f3c-997851c7,0.7272727272727273,0.7,0.18181818181818185,ordinary,"[0.7272727272727273,0.7,0.18181818181818185]",-0.19164556171281172,-0.8089268000568002,"[-0.19164556171281172,-0.8089268000568002]","[7.204111639867583e-06,1.1473295836814217e-16,1.1473295836814217e-16,0.9999927958883599]",3
60,3e4346e0-6285-8776-f373-101eac22,0.0,1.0,1.0,ordinary,"[0.0,1.0,1.0]",0.9393105223246565,-0.8964477766693052,"[0.9393105223246565,-0.8964477766693052]","[0.0004318058373639979,3.0386744889995165e-18,0.9995681940639001,9.873587459958702e-11]",2
61,3e713aeb-dcb2-d6a8-962f-635df3e8,0.0,1.0,0.0,ordinary,"[0.0,1.0,0.0]",0.27969614301474444,-0.24153733373666997,"[0.27969614301474444,-0.24153733373666997]","[4.782598513843986e-18,0.9988965470606695,9.359325292130502e-09,0.0011034435800051112]",1
62,3fc2e2fe-697a-3255-1a17-4204819d,0.5,0.7142857142857143,0.5,ordinary,"[0.5,0.7142857142857143,0.5]",0.18077825903405922,-0.8580154162327802,"[0.18077825903405922,-0.8580154162327802]","[0.34043606984699293,4.2076002071596853e-16,4.2076002071596853e-16,0.6595639301530063]",3
63,404bc704-6703-c3c0-815e-55c756c5,0.0,0.8571428571428571,0.625,ordinary,"[0.0,0.8571428571428571,0.625]",0.6519985382241902,-0.6163510271786141,"[0.6519985382241902,-0.6163510271786141]","[1.6197242298636086e-11,5.29069008116328e-11,0.9998196394070737,0.00018036052382207116]",2
64,4196e8ee-e405-a1e1-4a7f-7d9149a5,0.75,1.0,0.25,ordinary,"[0.75,1.0,0.25]",-0.07861809703349182,-0.9423152361873762,"[-0.07861809703349182,-0.9423152361873762]","[0.0004508489025471059,2.4506761308775565e-16,2.4506761308775565e-16,0.9995491510974525]",3
65,42779e7e-90bc-7eac-5aa8-a9874f90,0.2727272727272727,1.0,0.3636363636363637,ordinary,"[0.2727272727272727,1.0,0.3636363636363637]",0.32929488644536187,-0.6749776008821909,"[0.32929488644536187,-0.6749776008821909]","[3.5756451926533993e-06,5.321763972799655e-16,5.321763972799655e-16,0.9999964243548063]",3
66,440d90ef-c7d7-0530-608e-8c0fc440,0.2857142857142857,1.0,0.7142857142857143,ordinary,"[0.2857142857142857,1.0,0.7142857142857143]",0.5515281911406,-0.9139210945809513,"[0.5515281911406,-0.9139210945809513]","[0.9996647526739163,2.6431290700092445e-16,2.6431290700092445e-16,0.0003352473260831903]",0
67,459f5319-edaf-cd53-126d-fdfb12a5,0.0,1.0,1.0,ordinary,"[0.0,1.0,1.0]",0.9393105223246565,-0.8964477766693052,"[0.9393105223246565,-0.8964477766693052]","[0.0004318058373639979,3.0386744889995165e-18,0.9995681940639001,9.873587459958702e-11]",2
68,45d78fe4-7d30-3b18-371e-57bb06c7,0.8888888888888888,1.0,0.1111111111111111,ordinary,"[0.8888888888888888,1.0,0.1111111111111111]",-0.26712339691463033,-0.9508092101722041,"[-0.26712339691463033,-0.9508092101722041]","[1.6255666808553542e-06,1.9566948784371843e-16,1.9566948784371843e-16,0.9999983744333187]",3
69,4641102c-f3d3-3878-6d00-1c49a28c,0.09090909090909091,0.7,0.2727272727272727,ordinary,"[0.09090909090909091,0.7,0.2727272727272727]",0.3122617872099075,-0.4127850776539692,"[0.3122617872099075,-0.4127850776539692]","[5.445978521918766e-16,5.445978521918766e-16,5.445978521918766e-16,0.9999999999999983]",3
70,4a97a9b2-74fe-c9f3-625f-0176bddf,0.0,0.8,0.3333333333333333,ordinary,"[0.0,0.8,0.3333333333333333]",0.44362837418176626,-0.411533347966881,"[0.44362837418176626,-0.411533347966881]","[1.145993704245705e-16,0.08070061023651849,0.8100311393602986,0.10926825040318286]",2
71,4b21d918-4ac0-0787-3094-37c9432c,0.5454545454545454,0.6,0.2727272727272727,ordinary,"[0.5454545454545454,0.6,0.2727272727272727]",-0.032809545198060425,-0.7141163695636642,"[-0.032809545198060425,-0.7141163695636642]","[1.7905446082681685e-07,9.673825478673043e-17,9.673825478673043e-17,0.999999820945539]",3
72,4bd540f6-e34d-4592-7680-b2735389,0.0,1.0,1.0,ordinary,"[0.0,1.0,1.0]",0.9393105223246565,-0.8964477766693052,"[0.9393105223246565,-0.8964477766693052]","[0.0004318058373639979,3.0386744889995165e-18,0.9995681940639001,9.873587459958702e-11]",2
73,4c4ac589-35f5-76e3-d0a3-fedab6c6,0.25,0.7142857142857143,0.5,ordinary,"[0.25,0.7142857142857143,0.5]",0.3551842039926306,-0.678998652326931,"[0.3551842039926306,-0.678998652326931]","[1.0564736361724735e-05,7.17766095256339e-16,7.17766095256339e-16,0.9999894352636368]",3
74,4cc576c8-f218-94be-fef3-4b6fd86e,0.3076923076923077,0.8333333333333334,0.3076923076923077,ordinary,"[0.3076923076923077,0.8333333333333334,0.3076923076923077]",0.22138491901760798,-0.6231203417721578,"[0.22138491901760798,-0.6231203417721578]","[1.1088981621993232e-10,1.90250480961243e-16,1.90250480961243e-16,0.9999999998891098]",3
75,4d0232bc-202c-ee3a-e58c-e543848c,0.0,1.0,0.7142857142857143,ordinary,"[0.0,1.0,0.7142857142857143]",0.7508492710932531,-0.7093305072599809,"[0.7508492710932531,-0.7093305072599809]","[4.5165175387426545e-06,1.4762771109165132e-14,0.9999895823702645,5.901112182122151e-06]",2
76,4debb215-7398-77ba-2243-94adbd31,0.0,1.0,0.1111111111111111,ordinary,"[0.0,1.0,0.1111111111111111]",0.35298662960473465,-0.314305160729185,"[0.35298662960473465,-0.314305160729185]","[6.2075626590260406e-18,0.9958887229605163,9.790167934395886e-07,0.004110298022690226]",1
77,4f3771bf-0850-3813-5de9-d0592e66,0.0,0.75,0.0,ordinary,"[0.0,0.75,0.0]",0.20977210726105833,-0.18115300030250248,"[0.20977210726105833,-0.18115300030250248]","[3.674273060414947e-18,0.9997811270516742,2.2219509397671897e-05,0.00019665343892814386]",1
78,502b50b6-08fa-b922-9bb6-dbd4d848,0.0,1.0,0.0,ordinary,"[0.0,1.0,0.0]",0.27969614301474444,-0.24153733373666997,"[0.27969614301474444,-0.24153733373666997]","[4.782598513843986e-18,0.9988965470606695,9.359325292130502e-09,0.0011034435800051112]",1
79,53cb26b0-7222-8eb4-ef0d-29e7a801,0.8,0.25,0.2,ordinary,"[0.8,0.25,0.2]",-0.35625211225176007,-0.7642200665194118,"[-0.35625211225176007,-0.7642200665194118]","[4.7821597336696455e-09,3.296697269068047e-16,3.296697269068047e-16,0.9999999952178397]",3
80,5409088d-b542-9cac-7fac-9ab00271,0.75,0.7272727272727273,0.25,ordinary,"[0.75,0.7272727272727273,0.25]",-0.15489886331024033,-0.8764414178955572,"[-0.15489886331024033,-0.8764414178955572]","[0.000135349215003578,1.2864680498254336e-16,1.2864680498254336e-16,0.9998646507849961]",3
81,5414140f-2888-40b9-e1e2-7984f327,0.0,1.0,0.0,ordinary,"[0.0,1.0,0.0]",0.27969614301474444,-0.24153733373666997,"[0.27969614301474444,-0.24153733373666997]","[4.782598513843986e-18,0.9988965470606695,9.359325292130502e-09,0.0011034435800051112]",1
82,54e1c86d-b289-f693-e3a3-5d393778,0.16666666666666666,0.8,0.8333333333333334,ordinary,"[0.16666666666666666,0.8,0.8333333333333334]",0.6571649338643414,-0.8583330787037647,"[0.6571649338643414,-0.8583330787037647]","[0.9999275378486012,1.8473486176073925e-16,1.8473486176073925e-16,7.246215139830032e-05]",0
83,554558f4-55fd-07df-ddb3-309239ad,0.0,1.0,0.25,ordinary,"[0.0,1.0,0.25]",0.44459973784222245,-0.40526494446982875,"[0.44459973784222245,-0.40526494446982875]","[9.170237321683232e-17,0.9138948589776645,0.001564015506277109,0.0845411255160585]",1
84,56a4a9a0-7ab4-0a76-0621-b118321b,0.0,1.0,0.0,ordinary,"[0.0,1.0,0.0]",0.27969614301474444,-0.24153733373666997,"[0.27969614301474444,-0.24153733373666997]","[4.782598513843986e-18,0.9988965470606695,9.359325292130502e-09,0.0011034435800051112]",1
85,57b97824-05f2-21af-72f1-95f7d697,0.5,0.5714285714285714,0.125,ordinary,"[0.5,0.5714285714285714,0.125]",-0.10653372506640701,-0.5779186667420891,"[-0.10653372506640701,-0.5779186667420891]","[2.5914021096009255e-16,2.4002271058544105e-16,2.4002271058544105e-16,0.9999999999999993]",3
86,5bfa22fd-175f-02d2-c446-36369a81,0.0,0.1,0.0,ordinary,"[0.0,0.1,0.0]",0.027969614301474446,-0.024153733373666997,"[0.027969614301474446,-0.024153733373666997]","[4.180586975687348e-17,0.9999961307954693,4.180710223765287e-17,3.869204530675578e-06]",1
87,5d557ed3-ce5e-24e4-a66e-aa966d6c,0.25,0.6666666666666666,0.5,ordinary,"[0.25,0.6666666666666666,0.5]",0.34186534003954755,-0.6674968745299468,"[0.34186534003954755,-0.6674968745299468]","[1.5584630434094664e-06,5.765714303045907e-16,5.765714303045907e-16,0.9999984415369555]",3
88,5e97ad83-2b2c-529e-f831-deac0066,0.6,0.5,0.2,ordinary,"[0.6,0.5,0.2]",-0.14680332053121675,-0.6813909888288999,"[-0.14680332053121675,-0.6813909888288999]","[2.0199950036098187e-10,1.3675723597349728e-16,1.3675723597349728e-16,0.9999999997980002]",3
89,5fad3306-616d-9b57-3411-75efa34d,0.3333333333333333,0.6,0.3333333333333333,ordinary,"[0.3333333333333333,0.6,0.3333333333333333]",0.15514788563405546,-0.6019148997606792,"[0.15514788563405546,-0.6019148997606792]","[6.159579530864312e-13,1.4534918231545125e-16,1.4534918231545125e-16,0.9999999999993837]",3
90,600fadb1-9f64-3bf4-b14c-378c45ae,0.0,0.9,0.4545454545454545,ordinary,"[0.0,0.9,0.4545454545454545]",0.5515512465814119,-0.5150701653323826,"[0.5515512465814119,-0.5150701653323826]","[3.415949179268311e-17,5.013856295809933e-05,0.9885534648143468,0.011396396622695235]",2
91,6408c27b-ab13-d145-5b44-24f30202,0.75,1.0,0.25,ordinary,"[0.75,1.0,0.25]",-0.07861809703349182,-0.9423152361873762,"[-0.07861809703349182,-0.9423152361873762]","[0.0004508489025471059,2.4506761308775565e-16,2.4506761308775565e-16,0.9995491510974525]",3
92,6613f3e0-2e08-24f1-52ba-bfab8807,0.8888888888888888,0.125,0.1111111111111111,ordinary,"[0.8888888888888888,0.125,0.1111111111111111]",-0.5118575220525317,-0.7394640431526179,"[-0.5118575220525317,-0.7394640431526179]","[7.305015010763448e-12,2.396720382614468e-15,2.396720382614468e-15,0.9999999999926902]",3
93,6809fd15-56b5-3424-e33d-88eb107c,0.8,0.25,0.2,ordinary,"[0.8,0.25,0.2]",-0.35625211225176007,-0.7642200665194118,"[-0.35625211225176007,-0.7642200665194118]","[4.7821597336696455e-09,3.296697269068047e-16,3.296697269068047e-16,0.9999999952178397]",3
94,6a9b69a1-5f2e-6aea-63d9-0e9d77c1,0.14285714285714285,1.0,0.8571428571428571,ordinary,"[0.14285714285714285,1.0,0.8571428571428571]",0.7454193567326283,-0.9051844356251282,"[0.7454193567326283,-0.9051844356251282]","[0.9999930148127554,6.381635654189377e-16,6.381635654189377e-16,6.985187243351533e-06]",0
95,6c86b1d0-fd95-c414-78d2-9495251b,0.2,0.75,0.8,ordinary,"[0.2,0.75,0.8]",0.5979388547421309,-0.84829476577329,"[0.5979388547421309,-0.84829476577329]","[0.9996878838271275,1.557638030227079e-16,1.557638030227079e-16,0.000312116172872154]",0
96,6e25573c-8b7b-a2e7-a782-480ddb63,0.25,0.3333333333333333,0.25,ordinary,"[0.25,0.3333333333333333,0.25]",0.08372969754048806,-0.42325681921789793,"[0.08372969754048806,-0.42325681921789793]","[5.393592973954559e-16,5.393592973954559e-16,5.393592973954559e-16,0.9999999999999983]",3
97,6f168bc8-c816-a359-ba88-da8c663d,0.75,0.7142857142857143,0.125,ordinary,"[0.75,0.7142857142857143,0.125]",-0.24098307816572925,-0.7914407640388912,"[-0.24098307816572925,-0.7914407640388912]","[7.272854586000561e-07,1.3844185257910293e-16,1.3844185257910293e-16,0.9999992727145411]",3
98,6f359ebe-9f0a-2bae-a27a-c4ec1712,0.5,1.0,0.5,ordinary,"[0.5,1.0,0.5]",0.2606914427525576,-0.9270260830146859,"[0.2606914427525576,-0.9270260830146859]","[0.7934014501587076,9.657303519249058e-16,9.657303519249058e-16,0.20659854984129053]",0
99,6f99bc0c-a871-5dd6-80cb-22296ada,0.0,1.0,0.0,ordinary,"[0.0,1.0,0.0]",0.27969614301474444,-0.24153733373666997,"[0.27969614301474444,-0.24153733373666997]","[4.782598513843986e-18,0.9988965470606695,9.359325292130502e-09,0.0011034435800051112]",1
100,70eacff4-a340-e4fd-746a-807b58c3,0.4166666666666667,1.0,0.16666666666666666,ordinary,"[0.4166666666666667,1.0,0.16666666666666666]",0.09895529796877739,-0.6490503474018577,"[0.09895529796877739,-0.6490503474018577]","[5.937990277559171e-10,1.1834648154546564e-16,1.1834648154546564e-16,0.9999999994062008]",3
101,74105285-3bd1-71b2-bb2b-df56e6f7,0.5,1.0,0.25,ordinary,"[0.5,1.0,0.25]",0.0957878479250796,-0.763298472281527,"[0.0957878479250796,-0.763298472281527]","[0.00046121712647729965,1.4924967711086908e-16,1.4924967711086908e-16,0.9995387828735224]",3
102,74df8aff-e884-bc0d-7710-a23afc0d,0.0,0.75,0.0,ordinary,"[0.0,0.75,0.0]",0.20977210726105833,-0.18115300030250248,"[0.20977210726105833,-0.18115300030250248]","[3.674273060414947e-18,0.9997811270516742,2.2219509397671897e-05,0.00019665343892814386]",1
103,7550652e-a184-e590-1205-03d91e86,0.0,1.0,1.0,ordinary,"[0.0,1.0,1.0]",0.9393105223246565,-0.8964477766693052,"[0.9393105223246565,-0.8964477766693052]","[0.0004318058373639979,3.0386744889995165e-18,0.9995681940639001,9.873587459958702e-11]",2
104,755f4b52-e48e-eda7-42c0-2dabd3cf,0.16666666666666666,0.6,0.3333333333333333,ordinary,"[0.16666666666666666,0.6,0.3333333333333333]",0.2714185156064364,-0.4825703904901131,"[0.2714185156064364,-0.4825703904901131]","[3.1147419593866125e-16,3.114741837320609e-16,3.114741837320609e-16,0.9999999999999991]",3
105,75bece44-7ed0-9de1-f411-854abe3b,0.0,0.6666666666666666,0.5,ordinary,"[0.0,0.6666666666666666,0.5]",0.516271284998119,-0.4884801106240976,"[0.516271284998119,-0.4884801106240976]","[4.959879373041188e-16,4.9682765253882604e-05,0.7283582063166187,0.27159211091812685]",2
106,77d5ac07-0cfc-ac01-e741-58dae777,0.0,0.2857142857142857,0.0,ordinary,"[0.0,0.2857142857142857,0.0]",0.07991318371849841,-0.0690106667819057,"[0.07991318371849841,-0.0690106667819057]","[1.3178392831194773e-17,0.9999890509663383,2.659546170700391e-13,1.0949033395902812e-05]",1
107,78928b9d-af19-1353-e439-c5b1d36f,0.8,0.5,0.2,ordinary,"[0.8,0.5,0.2]",-0.28632807649807396,-0.8246043999535793,"[-0.28632807649807396,-0.8246043999535793]","[1.0997320807906667e-06,1.6179507003528586e-16,1.6179507003528586e-16,0.9999989002679189]",3
108,78f08216-f3b9-62f6-7676-e8f9b3e2,0.4,0.5,0.2,ordinary,"[0.4,0.5,0.2]",-0.0072785645643596575,-0.5381775777042206,"[-0.0072785645643596575,-0.5381775777042206]","[2.1808405553602879e-16,2.1804575260676198e-16,2.1804575260676198e-16,0.9999999999999993]",3
109,7b7820c3-5040-cdf4-4448-bacd9426,0.8888888888888888,0.625,0.1111111111111111,ordinary,"[0.8888888888888888,0.625,0.1111111111111111]",-0.3720094505451595,-0.8602327100209529,"[-0.3720094505451595,-0.8602327100209529]","[2.532166184930889e-07,2.519667007496371e-16,2.519667007496371e-16,0.999999746783381]",3
110,7c6856f2-bacb-4be2-61d0-ba4bf284,0.2,0.75,0.8,ordinary,"[0.2,0.75,0.8]",0.5979388547421309,-0.84829476577329,"[0.5979388547421309,-0.84829476577329]","[0.9996878838271275,1.557638030227079e-16,1.557638030227079e-16,0.000312116172872154]",0
111,7d0acedd-f795-6e39-b508-3eea42ac,0.0,0.8333333333333334,0.7142857142857143,ordinary,"[0.0,0.8333333333333334,0.7142857142857143]",0.7042332472574624,-0.6690742849705359,"[0.7042332472574624,-0.6690742849705359]","[4.812496470607278e-08,2.158984064916268e-14,0.9999654251141709,3.4526760843001416e-05]",2
112,80e6c3aa-f56c-4679-d623-79d6fd2d,0.0,0.3333333333333333,0.25,ordinary,"[0.0,0.3333333333333333,0.25]",0.2581356424990595,-0.2442400553120488,"[0.2581356424990595,-0.2442400553120488]","[1.805329074531942e-16,0.9587963626708508,1.307172854983163e-10,0.0412036371984318]",1
113,85d4f155-5a13-7eb1-4d96-5c0b6e30,0.7692307692307693,0.9166666666666666,0.07692307692307693,ordinary,"[0.7692307692307693,0.9166666666666666,0.07692307692307693]",-0.22950597805953132,-0.8226077609893784,"[-0.22950597805953132,-0.8226077609893784]","[4.844296772611087e-06,1.280150319325793e-16,1.280150319325793e-16,0.9999951557032272]",3
114,8a2e2082-7444-5533-6931-1b05fd88,0.5714285714285714,0.8333333333333334,0.14285714285714285,ordinary,"[0.5714285714285714,0.8333333333333334,0.14285714285714285]",-0.07133141511065066,-0.704020920793828,"[-0.07133141511065066,-0.704020920793828]","[2.1964928743522777e-08,1.0102452379843951e-16,1.0102452379843951e-16,0.999999978035071]",3
115,8a68d73e-17f5-4571-ef15-e1d03878,0.1,1.0,0.1,ordinary,"[0.1,1.0,0.1]",0.2758952029623071,-0.37863508359227316,"[0.2758952029623071,-0.37863508359227316]","[6.83221022508289e-16,6.83221022508289e-16,6.83221022508289e-16,0.999999999999998]",3
116,8a6d88da-00af-01eb-e85b-db817e28,0.5,0.5714285714285714,0.25,ordinary,"[0.5,0.5714285714285714,0.25]",-0.024081927652668006,-0.6597824721086685,"[-0.024081927652668006,-0.6597824721086685]","[1.869585908092857e-10,1.0731690467282321e-16,1.0731690467282321e-16,0.9999999998130413]",3
117,8ae29d55-64a1-1cf2-962b-4a35e380,0.5,0.5555555555555556,0.1,ordinary,"[0.5,0.5555555555555556,0.1]",-0.12746370586684916,-0.5577119797364452,"[-0.12746370586684916,-0.5577119797364452]","[3.3717511590330237e-16,3.3698884853289196e-16,3.3698884853289196e-16,0.999999999999999]",3
118,8c7bdf99-8cda-02c4-7ccf-ad45ef8a,0.0,0.9166666666666666,0.0,ordinary,"[0.0,0.9166666666666666,0.0]",0.25638813109684905,-0.22140922259194745,"[0.25638813109684905,-0.22140922259194745]","[4.0683929077320346e-18,0.9993865971252903,4.906576959639385e-07,0.000612912217013617]",1
119,8cedbb4b-6088-0b3c-fc04-ad8ce093,0.4444444444444444,1.0,0.1111111111111111,ordinary,"[0.4444444444444444,1.0,0.1111111111111111]",0.04293161634505217,-0.6325571854506945,"[0.04293161634505217,-0.6325571854506945]","[1.2100853244631204e-11,1.1343849711900624e-16,1.1343849711900624e-16,0.9999999999878989]",3
120,8f38fcd5-8798-9850-2359-5268418e,0.375,1.0,0.125,ordinary,"[0.375,1.0,0.125]",0.10053902299062631,-0.5919262849620232,"[0.10053902299062631,-0.5919262849620232]","[2.9465915254180794e-14,1.34277638564174e-16,1.34277638564174e-16,0.9999999999999704]",3
121,9187a2a4-6ffb-f4f5-f012-df8a1141,0.0,1.0,0.75,ordinary,"[0.0,1.0,0.75]",0.7744069274971785,-0.7327201659361464,"[0.7744069274971785,-0.7327201659361464]","[2.7725890454895332e-05,3.3924099817906994e-16,0.9999707095477445,1.5645618003516855e-06]",2
122,92d86eda-129e-0d8c-0a73-835acef9,0.0,1.0,0.0,ordinary,"[0.0,1.0,0.0]",0.27969614301474444,-0.24153733373666997,"[0.27969614301474444,-0.24153733373666997]","[4.782598513843986e-18,0.9988965470606695,9.359325292130502e-09,0.0011034435800051112]",1
123,9627fef7-14c0-4a88-0954-9cf43b68,0.0,1.0,0.1111111111111111,ordinary,"[0.0,1.0,0.1111111111111111]",0.35298662960473465,-0.314305160729185,"[0.35298662960473465,-0.314305160729185]","[6.2075626590260406e-18,0.9958887229605163,9.790167934395886e-07,0.004110298022690226]",1
124,97372a43-0a6d-3145-e63f-0202242e,0.0,0.8,0.16666666666666666,ordinary,"[0.0,0.8,0.16666666666666666]",0.3336926442967809,-0.3023816074781085,"[0.3336926442967809,-0.3023816074781085]","[1.0091363426673781e-17,0.9910755851804206,0.0029854463174194584,0.005938968502159987]",1
125,97f93288-c344-0f1f-19c0-14aff5aa,0.0,0.75,0.6666666666666666,ordinary,"[0.0,0.75,0.6666666666666666]",0.6495150268009997,-0.6177599622575927,"[0.6495150268009997,-0.6177599622575927]","[1.647469500700593e-10,1.3100046730808158e-11,0.9985239277982999,0.0014760720238531186]",2
126,98599cc0-703a-b3be-34dc-7bcf7e6a,0.875,1.0,0.125,ordinary,"[0.875,1.0,0.125]",-0.24827286692651648,-0.9499598127737214,"[-0.24827286692651648,-0.9499598127737214]","[2.9085560194130368e-06,1.9125176151637905e-16,1.9125176151637905e-16,0.9999970914439803]",3
127,987749e2-fc0f-96db-2aa7-7df33e6d,0.5,0.3333333333333333,0.5,ordinary,"[0.5,0.3333333333333333,0.5]",0.07422734740939463,-0.7660011938569058,"[0.07422734740939463,-0.7660011938569058]","[0.0003467792805366479,1.362215482056734e-16,1.362215482056734e-16,0.999653220719463]",3
128,991dbd0d-8c68-1ed6-f469-0348585f,0.0,1.0,0.8571428571428571,ordinary,"[0.0,1.0,0.8571428571428571]",0.8450798967089548,-0.802889141964643,"[0.8450798967089548,-0.802889141964643]","[0.0007590245839255875,2.6768834971385673e-18,0.9992409485421352,2.6873939176146785e-08]",2
129,9946a658-3dc0-f680-6e04-89182b0f,0.16666666666666666,0.8,0.16666666666666666,ordinary,"[0.16666666666666666,0.8,0.16666666666666666]",0.21742201432439998,-0.42172611674867455,"[0.21742201432439998,-0.42172611674867455]","[4.3393585302712673e-16,4.3393585302712653e-16,4.3393585302712653e-16,0.9999999999999987]",3
130,999f9f91-e880-70f1-00d3-e8994609,0.125,0.8571428571428571,0.375,ordinary,"[0.125,0.8571428571428571,0.375]",0.39989197091742656,-0.5421317983983799,"[0.39989197091742656,-0.5421317983983799]","[9.088767348167516e-16,6.195251733279405e-16,6.195251733279405e-16,0.9999999999999978]",3
131,99d9bce0-1f7d-da02-6d84-afe0122e,0.7142857142857143,0.6666666666666666,0.14285714285714285,ordinary,"[0.7142857142857143,0.6666666666666666,0.14285714285714285]",-0.217607978922768,-0.7660599921648683,"[-0.217607978922768,-0.7660599921648683]","[2.3539720560097734e-07,1.3266606700663095e-16,1.3266606700663095e-16,0.9999997646027942]",3
132,9c5c43e2-3def-6e8f-844e-4ee72d08,0.0,1.0,0.0,ordinary,"[0.0,1.0,0.0]",0.27969614301474444,-0.24153733373666997,"[0.27969614301474444,-0.24153733373666997]","[4.782598513843986e-18,0.9988965470606695,9.359325292130502e-09,0.0011034435800051112]",1
133,9cc2cc33-730e-86eb-e910-ff1ec6fd,0.0,1.0,0.0,ordinary,"[0.0,1.0,0.0]",0.27969614301474444,-0.24153733373666997,"[0.27969614301474444,-0.24153733373666997]","[4.782598513843986e-18,0.9988965470606695,9.359325292130502e-09,0.0011034435800051112]",1
134,9dfba79f-46d5-9b68-3a28-dff09283,0.0,1.0,0.0,ordinary,"[0.0,1.0,0.0]",0.27969614301474444,-0.24153733373666997,"[0.27969614301474444,-0.24153733373666997]","[4.782598513843986e-18,0.9988965470606695,9.359325292130502e-09,0.0011034435800051112]",1
135,9e184ea2-45e6-abdb-90a9-fb5b011b,0.25,0.5454545454545454,0.16666666666666666,ordinary,"[0.25,0.5454545454545454,0.16666666666666666]",0.08809131747991086,-0.4199161409782598,"[0.08809131747991086,-0.4199161409782598]","[5.534935432602511e-16,5.534935432602511e-16,5.534935432602511e-16,0.9999999999999983]",3
136,a070cc15-8fb3-b7eb-834d-d191a652,0.0,0.6666666666666666,0.25,ordinary,"[0.0,0.6666666666666666,0.25]",0.35136769017064096,-0.3247524998909388,"[0.35136769017064096,-0.3247524998909388]","[7.010951493079949e-17,0.9223881242096943,0.025303250433473576,0.05230862535683202]",1
137,a134cb86-69ed-3ceb-ab8b-42799b5f,0.14285714285714285,0.5,0.14285714285714285,ordinary,"[0.14285714285714285,0.5,0.14285714285714285]",0.13441815714674743,-0.31662259523348235,"[0.13441815714674743,-0.31662259523348235]","[2.0725865333406242e-15,2.0725865333406242e-15,2.0725865333406242e-15,0.9999999999999938]",3
138,a1ac05b8-d131-07d0-f419-28c0d19a,0.8461538461538461,0.08333333333333333,0.15384615384615385,ordinary,"[0.8461538461538461,0.08333333333333333,0.15384615384615385]",-0.4655098972788215,-0.7267864571233865,"[-0.4655098972788215,-0.7267864571233865]","[8.251075353414874e-12,1.479744086113173e-15,1.479744086113173e-15,0.9999999999917459]",3
139,a1b9f7ef-402c-6b05-11c1-33d65f47,0.0,1.0,0.0,ordinary,"[0.0,1.0,0.0]",0.27969614301474444,-0.24153733373666997,"[0.27969614301474444,-0.24153733373666997]","[4.782598513843986e-18,0.9988965470606695,9.359325292130502e-09,0.0011034435800051112]",1
140,a4793f2a-58de-2b33-168f-32424641,0.0,0.6666666666666666,0.0,ordinary,"[0.0,0.6666666666666666,0.0]",0.18646409534316294,-0.16102488915777996,"[0.18646409534316294,-0.16102488915777996]","[3.901575202521659e-18,0.9998671879253729,1.919708201140736e-05,0.00011361499261567522]",1
141,a55e8048-fa92-f072-72e3-bbf2ba61,0.0,1.0,1.0,ordinary,"[0.0,1.0,1.0]",0.9393105223246565,-0.8964477766693052,"[0.9393105223246565,-0.8964477766693052]","[0.0004318058373639979,3.0386744889995165e-18,0.9995681940639001,9.873587459958702e-11]",2
142,a7010942-2bf9-c022-3897-796a718f,0.6,0.75,0.2,ordinary,"[0.6,0.75,0.2]",-0.07687928477753064,-0.7417753222630675,"[-0.07687928477753064,-0.7417753222630675]","[1.072830852070185e-06,9.668547060484375e-17,9.668547060484375e-17,0.9999989271691476]",3
143,a898d118-8b18-a02c-ae58-2a774d5f,0.2857142857142857,0.3333333333333333,0.14285714285714285,ordinary,"[0.2857142857142857,0.3333333333333333,0.14285714285714285]",-0.011858406665369858,-0.3786616666045226,"[-0.011858406665369858,-0.3786616666045226]","[1.8278529308700372e-15,1.8278529308700372e-15,1.8278529308700372e-15,0.9999999999999946]",3
144,a932ede5-1443-cb58-2838-6a6efc0a,0.0,1.0,1.0,ordinary,"[0.0,1.0,1.0]",0.9393105223246565,-0.8964477766693052,"[0.9393105223246565,-0.8964477766693052]","[0.0004318058373639979,3.0386744889995165e-18,0.9995681940639001,9.873587459958702e-11]",2
145,a96e9db0-5940-66d7-4a98-2379b34d,0.0,0.75,0.2,ordinary,"[0.0,0.75,0.2]",0.34169498312304075,-0.3121350888890295,"[0.34169498312304075,-0.3121350888890295]","[1.932650389502923e-17,0.9754075399205734,0.011898413758319197,0.012694046321107414]",1
146,a98a0de3-d8ed-675c-b2d4-ac776c7b,0.0,1.0,1.0,ordinary,"[0.0,1.0,1.0]",0.9393105223246565,-0.8964477766693052,"[0.9393105223246565,-0.8964477766693052]","[0.0004318058373639979,3.0386744889995165e-18,0.9995681940639001,9.873587459958702e-11]",2
147,a997f5a7-10f2-8566-1c1d-559b423c,0.6153846153846154,1.0,0.15384615384615385,ordinary,"[0.6153846153846154,1.0,0.15384615384615385]",-0.048131663143291065,-0.782949436109935,"[-0.048131663143291065,-0.782949436109935]","[6.287538154480889e-05,1.0148175482692756e-16,1.0148175482692756e-16,0.999937124618455]",3
148,abcc36e1-adfa-f564-04d4-d632273a,0.3333333333333333,0.8,0.3333333333333333,ordinary,"[0.3333333333333333,0.8,0.3333333333333333]",0.21108711423700438,-0.6502223665080132,"[0.21108711423700438,-0.6502223665080132]","[7.889537026177452e-09,1.8741306874001777e-16,1.8741306874001777e-16,0.9999999921104626]",3
149,abda0840-539e-d7ad-7f3c-e3005350,0.42857142857142855,0.6666666666666666,0.5714285714285714,ordinary,"[0.42857142857142855,0.6666666666666666,0.5714285714285714]",0.26440497787699024,-0.8421453089578843,"[0.26440497787699024,-0.8421453089578843]","[0.6942333622914515,4.0717855623417777e-16,4.0717855623417777e-16,0.30576663770854773]",0
150,abe4e05a-6e7f-9b91-6fc2-255d8ca8,0.0,0.6666666666666666,0.0,ordinary,"[0.0,0.6666666666666666,0.0]",0.18646409534316294,-0.16102488915777996,"[0.18646409534316294,-0.16102488915777996]","[3.901575202521659e-18,0.9998671879253729,1.919708201140736e-05,0.00011361499261567522]",1
151,ad50ec3a-b5fa-441c-dff6-68962309,0.75,0.0,0.25,ordinary,"[0.75,0.0,0.25]",-0.35831424004823625,-0.7007779024507063,"[-0.35831424004823625,-0.7007779024507063]","[9.559105030380724e-12,5.565955777603205e-16,5.565955777603205e-16,0.9999999999904398]",3
152,af82af91-5c05-62ed-d5f4-ab452057,0.375,1.0,0.125,ordinary,"[0.375,1.0,0.125]",0.10053902299062631,-0.5919262849620232,"[0.10053902299062631,-0.5919262849620232]","[2.9465915254180794e-14,1.34277638564174e-16,1.34277638564174e-16,0.9999999999999704]",3
153,b203a259-8fca-f544-f793-7196165c,0.0,1.0,0.0,ordinary,"[0.0,1.0,0.0]",0.27969614301474444,-0.24153733373666997,"[0.27969614301474444,-0.24153733373666997]","[4.782598513843986e-18,0.9988965470606695,9.359325292130502e-09,0.0011034435800051112]",1
154,b341bfef-bd17-e48f-e3c6-71e45a3b,0.875,0.42857142857142855,0.125,ordinary,"[0.875,0.42857142857142855,0.125]",-0.40809923436351336,-0.81193847920991,"[-0.40809923436351336,-0.81193847920991]","[2.0506756138506918e-08,3.9634665307974915e-16,3.9634665307974915e-16,0.9999999794932432]",3
155,b3ed71c3-f69d-be41-8e55-61063ba5,0.75,1.0,0.25,ordinary,"[0.75,1.0,0.25]",-0.07861809703349182,-0.9423152361873762,"[-0.07861809703349182,-0.9423152361873762]","[0.0004508489025471059,2.4506761308775565e-16,2.4506761308775565e-16,0.9995491510974525]",3
156,b4317fab-f533-bf46-11da-30745ab3,0.0,1.0,0.0,ordinary,"[0.0,1.0,0.0]",0.27969614301474444,-0.24153733373666997,"[0.27969614301474444,-0.24153733373666997]","[4.782598513843986e-18,0.9988965470606695,9.359325292130502e-09,0.0011034435800051112]",1
157,b51ab28b-c73d-4a8a-b819-1193d14b,0.2727272727272727,0.9,0.5454545454545454,ordinary,"[0.2727272727272727,0.9,0.5454545454545454]",0.4212551592911441,-0.7698984934962758,"[0.4212551592911441,-0.7698984934962758]","[0.49267308763218975,2.222267090531601e-15,2.222267090531601e-15,0.5073269123678057]",3
158,bbed801c-180e-99dc-7c6b-4a6ce07e,0.0,1.0,0.75,ordinary,"[0.0,1.0,0.75]",0.7744069274971785,-0.7327201659361464,"[0.7744069274971785,-0.7327201659361464]","[2.7725890454895332e-05,3.3924099817906994e-16,0.9999707095477445,1.5645618003516855e-06]",2
159,bc165eba-99d1-fcf2-3c18-7b8ddbe3,0.0,0.125,0.0,ordinary,"[0.0,0.125,0.0]",0.034962017876843055,-0.030192166717083746,"[0.034962017876843055,-0.030192166717083746]","[3.50300483654982e-17,0.9999955662582043,3.505429124195338e-17,4.433741795597211e-06]",1
160,bc59fb83-de20-c8dc-0046-06b5a884,0.8333333333333334,1.0,0.16666666666666666,ordinary,"[0.8333333333333334,1.0,0.16666666666666666]",-0.191721276962175,-0.947411620578273,"[-0.191721276962175,-0.947411620578273]","[1.6238895765970547e-05,1.8972833821725665e-16,1.8972833821725665e-16,0.9999837611042337]",3
161,bde2c3b9-096f-3106-3105-39e3c690,0.0,0.875,0.0,ordinary,"[0.0,0.875,0.0]",0.24473412513790138,-0.21134516701958622,"[0.24473412513790138,-0.21134516701958622]","[3.8576486857184e-18,0.9995388450325114,2.12641531679298e-06,0.0004590285521717368]",1
162,be7e4626-8ea8-e4e7-bd98-df4d6b7e,0.4,0.75,0.4,ordinary,"[0.4,0.75,0.4]",0.19456834705130888,-0.7295439997249151,"[0.19456834705130888,-0.7295439997249151]","[0.00018062056568286163,2.3016323739271027e-16,2.3016323739271027e-16,0.9998193794343168]",3
163,be8f96e0-decb-0d0f-f5a0-da9a731a,0.0,1.0,1.0,ordinary,"[0.0,1.0,1.0]",0.9393105223246565,-0.8964477766693052,"[0.9393105223246565,-0.8964477766693052]","[0.0004318058373639979,3.0386744889995165e-18,0.9995681940639001,9.873587459958702e-11]",2
164,bf2d4ca4-7b76-c83f-c25b-69db4d40,0.0,1.0,0.0,ordinary,"[0.0,1.0,0.0]",0.27969614301474444,-0.24153733373666997,"[0.27969614301474444,-0.24153733373666997]","[4.782598513843986e-18,0.9988965470606695,9.359325292130502e-09,0.0011034435800051112]",1
165,c0a279eb-433f-7d20-4fe4-30c7bf1d,0.0,0.3333333333333333,0.0,ordinary,"[0.0,0.3333333333333333,0.0]",0.09323204767158147,-0.08051244457888998,"[0.09323204767158147,-0.08051244457888998]","[1.0400002993117848e-17,0.9999855518285521,1.2197800164415414e-11,1.4448159250086848e-05]",1
166,c0e4f1b6-286e-9a62-9b55-08b882ec,0.0,1.0,0.2307692307692308,ordinary,"[0.0,1.0,0.2307692307692308]",0.43191484593241647,-0.39267051287497046,"[0.43191484593241647,-0.39267051287497046]","[5.5030071062551294e-17,0.9477468146154624,0.0005175487742983929,0.05173563661023915]",1
167,c0f2c451-9f22-3dc5-b0ab-d6747910,0.9,1.0,0.1,ordinary,"[0.9,1.0,0.1]",-0.2822038209051215,-0.9514887280909905,"[-0.2822038209051215,-0.9514887280909905]","[1.0174904037774765e-06,2.007294628638179e-16,2.007294628638179e-16,0.9999989825095958]",3
168,c1b850ff-362a-890f-0c23-014773bb,0.8333333333333334,1.0,0.16666666666666666,ordinary,"[0.8333333333333334,1.0,0.16666666666666666]",-0.191721276962175,-0.947411620578273,"[-0.191721276962175,-0.947411620578273]","[1.6238895765970547e-05,1.8972833821725665e-16,1.8972833821725665e-16,0.9999837611042337]",3
169,c24334a0-477a-6656-021d-668ba57f,0.0,1.0,0.0,ordinary,"[0.0,1.0,0.0]",0.27969614301474444,-0.24153733373666997,"[0.27969614301474444,-0.24153733373666997]","[4.782598513843986e-18,0.9988965470606695,9.359325292130502e-09,0.0011034435800051112]",1
170,c3385c79-a01d-377d-9eac-6cf460e9,0.125,1.0,0.125,ordinary,"[0.125,1.0,0.125]",0.27494496794919776,-0.4129095210561739,"[0.27494496794919776,-0.4129095210561739]","[4.979315034444454e-16,4.979315034444454e-16,4.979315034444454e-16,0.9999999999999986]",3
171,c9f74898-df82-973e-76ca-08186d7c,0.8333333333333334,1.0,0.16666666666666666,ordinary,"[0.8333333333333334,1.0,0.16666666666666666]",-0.191721276962175,-0.947411620578273,"[-0.191721276962175,-0.947411620578273]","[1.6238895765970547e-05,1.8972833821725665e-16,1.8972833821725665e-16,0.9999837611042337]",3
172,cc1e5f29-a1bd-4a13-5c8d-dbcaa11b,0.6666666666666666,1.0,0.16666666666666666,ordinary,"[0.6666666666666666,1.0,0.16666666666666666]",-0.07545064698979398,-0.8280671113077068,"[-0.07545064698979398,-0.8280671113077068]","[0.00035763577632148277,1.1283453204826203e-16,1.1283453204826203e-16,0.9996423642236782]",3
173,ce280b9f-f7cf-eef4-dd34-fdc44bfe,0.25,0.6666666666666666,0.25,ordinary,"[0.25,0.6666666666666666,0.25]",0.17696174521206953,-0.5037692637967879,"[0.17696174521206953,-0.5037692637967879]","[2.2354878793557815e-16,2.235483111604464e-16,2.235483111604464e-16,0.9999999999999993]",3
174,ce4913ec-b21e-60b6-d455-4bc5b2b4,0.25,0.6666666666666666,0.75,ordinary,"[0.25,0.6666666666666666,0.75]",0.5067689348670256,-0.8312244852631056,"[0.5067689348670256,-0.8312244852631056]","[0.9962729316329989,1.9348781619700207e-16,1.9348781619700207e-16,0.003727068367000698]",0
175,ceff0481-0e5a-e1d8-5361-b5ba2a52,0.0,0.875,0.5555555555555556,ordinary,"[0.0,0.875,0.5555555555555556]",0.6111865580878526,-0.5751843019821614,"[0.6111865580878526,-0.5751843019821614]","[1.2093146951315918e-14,1.7408673054494304e-08,0.9991560270515996,0.0008439555397153694]",2
176,cf23b843-3219-15e7-f878-361bbfeb,0.8333333333333334,0.8,0.16666666666666666,ordinary,"[0.8333333333333334,0.8,0.16666666666666666]",-0.24766050556512387,-0.899104153830939,"[-0.24766050556512387,-0.899104153830939]","[1.0259436798121684e-05,1.5140682156654632e-16,1.5140682156654632e-16,0.9999897405632016]",3
177,d0fe3bbe-eeeb-e784-986f-51c01c74,0.0,1.0,1.0,ordinary,"[0.0,1.0,1.0]",0.9393105223246565,-0.8964477766693052,"[0.9393105223246565,-0.8964477766693052]","[0.0004318058373639979,3.0386744889995165e-18,0.9995681940639001,9.873587459958702e-11]",2
178,d2a78c5a-c501-ea53-1bcf-2fedb47d,0.1111111111111111,0.5,0.4444444444444444,ordinary,"[0.1111111111111111,0.5,0.4444444444444444]",0.3554962645524125,-0.49140298101877244,"[0.3554962645524125,-0.49140298101877244]","[4.534536278126974e-16,4.534530680195086e-16,4.534530680195086e-16,0.9999999999999987]",3
179,d41a406c-81b7-dca2-962a-a408e155,0.75,1.0,0.25,ordinary,"[0.75,1.0,0.25]",-0.07861809703349182,-0.9423152361873762,"[-0.07861809703349182,-0.9423152361873762]","[0.0004508489025471059,2.4506761308775565e-16,2.4506761308775565e-16,0.9995491510974525]",3
180,d424420a-72ee-7166-ac7e-9b96c0e6,0.0,0.7142857142857143,0.125,ordinary,"[0.0,0.7142857142857143,0.125]",0.28223475670998505,-0.25439047232134365,"[0.28223475670998505,-0.25439047232134365]","[5.495076912395144e-18,0.9977947630173947,0.0006277070893324798,0.0015775298932729311]",1
181,d4ca59b9-1058-6388-4cc5-e58c2290,0.0,1.0,0.8333333333333334,ordinary,"[0.0,1.0,0.8333333333333334]",0.8293747924396712,-0.7872960361805327,"[0.8293747924396712,-0.7872960361805327]","[0.00047973749637525903,2.9019684780023444e-18,0.9995201954883218,6.701530280291075e-08]",2
182,d5d7fee4-5428-bea3-17aa-30fb97f1,0.0,0.75,0.0,ordinary,"[0.0,0.75,0.0]",0.20977210726105833,-0.18115300030250248,"[0.20977210726105833,-0.18115300030250248]","[3.674273060414947e-18,0.9997811270516742,2.2219509397671897e-05,0.00019665343892814386]",1
183,d6458839-e410-c16f-44d7-7aad9b6b,0.9090909090909091,1.0,0.09090909090909093,ordinary,"[0.9090909090909091,1.0,0.09090909090909093]",-0.29454234962461423,-0.95204469729727,"[-0.29454234962461423,-0.95204469729727]","[6.920981995954286e-07,2.0595312741939106e-16,2.0595312741939106e-16,0.9999993079018]",3
184,d80b6775-ae61-8dae-98ce-99412037,0.75,1.0,0.25,ordinary,"[0.75,1.0,0.25]",-0.07861809703349182,-0.9423152361873762,"[-0.07861809703349182,-0.9423152361873762]","[0.0004508489025471059,2.4506761308775565e-16,2.4506761308775565e-16,0.9995491510974525]",3
185,d89aba44-424b-9d5d-5dd4-f1fbabf1,0.8181818181818182,1.0,0.09090909090909093,ordinary,"[0.8181818181818182,1.0,0.09090909090909093]",-0.23112200600331553,-0.8869476922405978,"[-0.23112200600331553,-0.8869476922405978]","[1.7195894584809307e-05,1.4128481046739165e-16,1.4128481046739165e-16,0.9999828041054148]",3
186,d92b593e-555f-9b3b-4007-752ea02c,0.0,1.0,0.0,ordinary,"[0.0,1.0,0.0]",0.27969614301474444,-0.24153733373666997,"[0.27969614301474444,-0.24153733373666997]","[4.782598513843986e-18,0.9988965470606695,9.359325292130502e-09,0.0011034435800051112]",1
187,d964c832-c32d-77ff-672a-1cf12f7e,0.8888888888888888,0.875,0.1111111111111111,ordinary,"[0.8888888888888888,0.875,0.1111111111111111]",-0.3020854147914734,-0.9206170434551203,"[-0.3020854147914734,-0.9206170434551203]","[1.5460176225954638e-06,1.8565724309676442e-16,1.8565724309676442e-16,0.9999984539823771]",3
188,daf25c41-8b84-6414-7646-b7df2abd,0.875,1.0,0.125,ordinary,"[0.875,1.0,0.125]",-0.24827286692651648,-0.9499598127737214,"[-0.24827286692651648,-0.9499598127737214]","[2.9085560194130368e-06,1.9125176151637905e-16,1.9125176151637905e-16,0.9999970914439803]",3
189,db98a0d9-3d4f-4219-b27d-74a44a01,0.0,1.0,1.0,ordinary,"[0.0,1.0,1.0]",0.9393105223246565,-0.8964477766693052,"[0.9393105223246565,-0.8964477766693052]","[0.0004318058373639979,3.0386744889995165e-18,0.9995681940639001,9.873587459958702e-11]",2
190,dd30c478-d26e-3f37-f395-b912bead,0.8888888888888888,1.0,0.0,ordinary,"[0.8888888888888888,1.0,0.0]",-0.34041388350462054,-0.878041383179689,"[-0.34041388350462054,-0.878041383179689]","[7.521457308416469e-07,2.0485703446574773e-16,2.0485703446574773e-16,0.9999992478542686]",3
191,de14f7c6-1844-4e1b-bb5c-16ceef86,0.0,1.0,1.0,ordinary,"[0.0,1.0,1.0]",0.9393105223246565,-0.8964477766693052,"[0.9393105223246565,-0.8964477766693052]","[0.0004318058373639979,3.0386744889995165e-18,0.9995681940639001,9.873587459958702e-11]",2
192,dfc849d9-7793-4345-d533-579da01b,0.0,1.0,0.2727272727272727,ordinary,"[0.0,1.0,0.2727272727272727]",0.4595909737356295,-0.4201492727182977,"[0.4595909737356295,-0.4201492727182977]","[1.7265990502025166e-16,0.8428021578614587,0.0058207880286751225,0.15137705410986593]",1
193,e091c85e-d8a5-ed63-dfdb-631d4614,0.0,1.0,0.75,ordinary,"[0.0,1.0,0.75]",0.7744069274971785,-0.7327201659361464,"[0.7744069274971785,-0.7327201659361464]","[2.7725890454895332e-05,3.3924099817906994e-16,0.9999707095477445,1.5645618003516855e-06]",2
194,e3485d79-4f92-1fff-4e64-56943e9b,0.6,0.7777777777777778,0.4,ordinary,"[0.6,0.7777777777777778,0.4]",0.06281292839041691,-0.8794667812311687,"[0.06281292839041691,-0.8794667812311687]","[0.03913569201354422,2.8211712854438894e-16,2.8211712854438894e-16,0.9608643079864553]",3
195,e65e8c36-5f2d-131d-9602-cd643f97,0.0,0.0,0.0,ordinary,"(3,[],[])",0.0,0.0,"(2,[],[])","[9.065017495044112e-17,0.9999977290632719,9.065017495284386e-17,2.2709367278855506e-06]",1
196,e74ddfe8-97b1-613e-1495-f884f58c,0.0,1.0,1.0,ordinary,"[0.0,1.0,1.0]",0.9393105223246565,-0.8964477766693052,"[0.9393105223246565,-0.8964477766693052]","[0.0004318058373639979,3.0386744889995165e-18,0.9995681940639001,9.873587459958702e-11]",2
197,e88cc767-fc0d-54d4-243a-4479ebf9,0.2857142857142857,1.0,0.14285714285714285,ordinary,"[0.2857142857142857,1.0,0.14285714285714285]",0.1746056886777931,-0.5396865557623026,"[0.1746056886777931,-0.5396865557623026]","[1.8662832667124898e-16,1.842589685397684e-16,1.842589685397684e-16,0.9999999999999994]",3
198,e9822752-a8af-cf42-1ddc-d2518ca8,0.5555555555555556,0.75,0.2222222222222222,ordinary,"[0.5555555555555556,0.75,0.2222222222222222]",-0.03121568613356443,-0.7245036851894195,"[-0.03121568613356443,-0.7245036851894195]","[5.796477475554627e-07,9.631285412692391e-17,9.631285412692391e-17,0.9999994203522522]",3
199,e99d6a57-d572-b7f6-34cf-3ac76f24,0.0,1.0,1.0,ordinary,"[0.0,1.0,1.0]",0.9393105223246565,-0.8964477766693052,"[0.9393105223246565,-0.8964477766693052]","[0.0004318058373639979,3.0386744889995165e-18,0.9995681940639001,9.873587459958702e-11]",2
200,eb9864df-c827-4027-9de4-5829eee9,0.6363636363636364,0.4,0.2727272727272727,ordinary,"[0.6363636363636364,0.4,0.2727272727272727]",-0.15216911742230801,-0.7309059078730026,"[-0.15216911742230801,-0.7309059078730026]","[5.6278116076209606e-08,1.141114384972348e-16,1.141114384972348e-16,0.9999999437218837]",3
201,eba3b0ea-3aeb-a6e3-8df6-742db8a0,0.42857142857142855,1.0,0.14285714285714285,ordinary,"[0.42857142857142855,1.0,0.14285714285714285]",0.07494514870146657,-0.6419818494227878,"[0.07494514870146657,-0.6419818494227878]","[1.1446916136915333e-10,1.1401620796085532e-16,1.1401620796085532e-16,0.9999999998855306]",3
202,ebdd7e01-09f4-dbf1-8a08-602d0001,0.0,1.0,0.75,ordinary,"[0.0,1.0,0.75]",0.7744069274971785,-0.7327201659361464,"[0.7744069274971785,-0.7327201659361464]","[2.7725890454895332e-05,3.3924099817906994e-16,0.9999707095477445,1.5645618003516855e-06]",2
203,ed71098a-9600-3bac-4cca-70ce0496,0.0,1.0,1.0,ordinary,"[0.0,1.0,1.0]",0.9393105223246565,-0.8964477766693052,"[0.9393105223246565,-0.8964477766693052]","[0.0004318058373639979,3.0386744889995165e-18,0.9995681940639001,9.873587459958702e-11]",2
204,ed71bd28-a732-78c0-de66-e32f77c8,0.0,1.0,1.0,ordinary,"[0.0,1.0,1.0]",0.9393105223246565,-0.8964477766693052,"[0.9393105223246565,-0.8964477766693052]","[0.0004318058373639979,3.0386744889995165e-18,0.9995681940639001,9.873587459958702e-11]",2
205,edcaf7c0-7593-61d2-f4e9-689b8340,0.6666666666666666,0.6,0.3333333333333333,ordinary,"[0.6666666666666666,0.6,0.3333333333333333]",-0.07739337431070642,-0.8406039183018114,"[-0.07739337431070642,-0.8406039183018114]","[0.0005293179911153943,1.186743832473157e-16,1.186743832473157e-16,0.9994706820088843]",3
206,ef70bde5-8a4d-68a0-4f26-e5253d2c,0.75,0.6666666666666666,0.25,ordinary,"[0.75,0.6666666666666666,0.25]",-0.17185014470507332,-0.8618027916084862,"[-0.17185014470507332,-0.8618027916084862]","[7.168069980280604e-05,1.217897021484417e-16,1.217897021484417e-16,0.999928319300197]",3
207,f2a9ccb0-9831-6d2a-6254-8f0366c9,0.16666666666666666,1.0,0.16666666666666666,ordinary,"[0.16666666666666666,1.0,0.16666666666666666]",0.27336124292734887,-0.47003358349600854,"[0.27336124292734887,-0.47003358349600854]","[3.344708448310289e-16,3.3447084439423636e-16,3.3447084439423636e-16,0.999999999999999]",3
208,f4bf52fc-cffa-0f52-f4f9-2eff92fc,0.75,0.0,0.25,ordinary,"[0.75,0.0,0.25]",-0.35831424004823625,-0.7007779024507063,"[-0.35831424004823625,-0.7007779024507063]","[9.559105030380724e-12,5.565955777603205e-16,5.565955777603205e-16,0.9999999999904398]",3
209,f5196f35-183f-1d55-1883-5fef618e,0.0,1.0,0.0,ordinary,"[0.0,1.0,0.0]",0.27969614301474444,-0.24153733373666997,"[0.27969614301474444,-0.24153733373666997]","[4.782598513843986e-18,0.9988965470606695,9.359325292130502e-09,0.0011034435800051112]",1
210,f6956137-aec3-29d6-ad64-d870e209,0.2857142857142857,1.0,0.42857142857142855,ordinary,"[0.2857142857142857,1.0,0.42857142857142855]",0.3630669399091966,-0.7268038251716269,"[0.3630669399091966,-0.7268038251716269]","[0.0047514126887049524,1.1786410230237308e-15,1.1786410230237308e-15,0.9952485873112927]",3
211,f6c2c059-c90e-1566-cc25-b0823249,0.9,1.0,0.1,ordinary,"[0.9,1.0,0.1]",-0.2822038209051215,-0.9514887280909905,"[-0.2822038209051215,-0.9514887280909905]","[1.0174904037774765e-06,2.007294628638179e-16,2.007294628638179e-16,0.9999989825095958]",3
212,f6cd37ab-4add-fb6f-20c2-2374f109,0.0,1.0,0.0,ordinary,"[0.0,1.0,0.0]",0.27969614301474444,-0.24153733373666997,"[0.27969614301474444,-0.24153733373666997]","[4.782598513843986e-18,0.9988965470606695,9.359325292130502e-09,0.0011034435800051112]",1
213,f83fd099-8c89-2894-3a91-bb38be88,0.625,1.0,0.375,ordinary,"[0.625,1.0,0.375]",0.0910366728595329,-0.934670659601031,"[0.0910366728595329,-0.934670659601031]","[0.04714986674128251,6.779749800359822e-16,6.779749800359822e-16,0.9528501332587161]",3
214,f8c2bef5-12f7-05a2-39e8-43daff7b,0.0,0.4,0.0,ordinary,"[0.0,0.4,0.0]",0.11187845720589779,-0.09661493349466799,"[0.11187845720589779,-0.09661493349466799]","[7.775261052521248e-18,0.9999785412641797,1.2200149360479487e-09,2.1457515805324252e-05]",1
215,f8f5aa96-ff9b-eb8f-c3dc-06293d3f,0.0,0.6666666666666666,0.0,ordinary,"[0.0,0.6666666666666666,0.0]",0.18646409534316294,-0.16102488915777996,"[0.18646409534316294,-0.16102488915777996]","[3.901575202521659e-18,0.9998671879253729,1.919708201140736e-05,0.00011361499261567522]",1
216,fcb83a6e-9298-b96c-29e5-c217b27f,0.14285714285714285,0.8333333333333334,0.14285714285714285,ordinary,"[0.14285714285714285,0.8333333333333334,0.14285714285714285]",0.22765020481832893,-0.3971350398123724,"[0.22765020481832893,-0.3971350398123724]","[5.531959591162155e-16,5.531959591162155e-16,5.531959591162155e-16,0.9999999999999983]",3
217,ff3d026c-5e45-1835-2b58-e6308d38,0.75,0.6666666666666666,0.25,ordinary,"[0.75,0.6666666666666666,0.25]",-0.17185014470507332,-0.8618027916084862,"[-0.17185014470507332,-0.8618027916084862]","[7.168069980280604e-05,1.217897021484417e-16,1.217897021484417e-16,0.999928319300197]",3
218,ff549000-a9c8-4964-1ece-6923a32e,0.4,1.0,0.6,ordinary,"[0.4,1.0,0.6]",0.39641525866697735,-0.9209104217456098,"[0.39641525866697735,-0.9209104217456098]","[0.9898259231051483,3.861308295734588e-16,3.861308295734588e-16,0.010174076894850977]",0
