,users,followingRatio,order,freq,pcaInput,_1,_2,features,probability,prediction
0,AB,0.3333333333333333,1.0,0.75,"[0.3333333333333333,1.0,0.75]",0.5963421601596044,1.0957026701787582,"[0.5963421601596044,1.0957026701787582]","[0.9143132460480387,2.117095442202859e-16,0.0856867539519609,2.1171004484539114e-16]",0
1,Albert,0.1,0.9166666666666666,0.7692307692307693,"[0.1,0.9166666666666666,0.7692307692307693]",0.7264670563223052,0.9335987239943639,"[0.7264670563223052,0.9335987239943639]","[0.7966012125352583,1.665537577526856e-16,0.20339878746474144,1.676236868564782e-16]",0
2,Aleksander Valant,1.0,1.0,0.125,"[1.0,1.0,0.125]",-0.281793073021564,1.303623715981527,"[-0.281793073021564,1.303623715981527]","[0.0009162726161535626,2.6310722515062427e-16,2.8012673766241406e-10,0.9990837271037194]",3
3,alenka dornik,0.125,0.7272727272727273,0.4166666666666667,"[0.125,0.7272727272727273,0.4166666666666667]",0.39263527142636756,0.7458601012429179,"[0.39263527142636756,0.7458601012429179]","[0.021541891526721337,1.5957608983570903e-16,0.5277636069112133,0.45069450156206525]",2
4,Alenka Neudauer,0.0909090909090909,1.0,0.9166666666666666,"[0.0909090909090909,1.0,0.9166666666666666]",0.8660016705471275,1.0164435003825745,"[0.8660016705471275,1.0164435003825745]","[0.033699026338313974,0.9580481804018701,0.008252793259815885,1.5518424255978113e-17]",1
5,alesj,0.33333333333333337,0.75,0.6,"[0.33333333333333337,0.75,0.6]",0.43223624933029675,0.8547335427105253,"[0.43223624933029675,0.8547335427105253]","[0.5607932950768444,1.6907433955675995e-16,0.4287553111366149,0.010451393786540511]",0
6,alexhana,0.25,0.75,0.4,"[0.25,0.75,0.4]",0.3140993299946101,0.811986373275751,"[0.3140993299946101,0.811986373275751]","[0.1302261268318339,1.2223401846416444e-16,0.31429940585924626,0.5554744673089197]",3
7,alja,0.14285714285714285,1.0,0.875,"[0.14285714285714285,1.0,0.875]",0.8033399333349625,1.0330689770840162,"[0.8033399333349625,1.0330689770840162]","[0.1357673780421573,0.8343194696524587,0.029913152305384036,4.523600494128772e-17]",1
8,Alja��,0.1,0.8,0.2727272727272727,"[0.1,0.8,0.2727272727272727]",0.30039476056124703,0.7954496174058518,"[0.30039476056124703,0.7954496174058518]","[0.08257390543546948,1.2931168015235992e-16,0.3497209952221148,0.5677050993424156]",3
9,amanita.amanita,0.2,0.3333333333333333,0.2307692307692308,"[0.2,0.3333333333333333,0.2307692307692308]",0.134223552917051,0.3968192107063921,"[0.134223552917051,0.3968192107063921]","[1.0960022639265366e-11,1.2571082967798786e-15,0.9999999999890374,1.2571083268817343e-15]",2
10,Ana Horvath,0.2,0.75,0.6,"[0.2,0.75,0.6]",0.5054346112549202,0.8056180801974195,"[0.5054346112549202,0.8056180801974195]","[0.25581419673082906,2.6805631329915597e-16,0.739117730338805,0.00506807293036554]",2
11,Ana Stadler,0.5,1.0,0.25,"[0.5,1.0,0.25]",0.09512946890738422,1.1269719849099324,"[0.09512946890738422,1.1269719849099324]","[0.909583129126377,2.4856339257131773e-16,0.0005662637696520998,0.08985060710397062]",0
12,AnaPetar,1.0,1.0,0.25,"[1.0,1.0,0.25]",-0.17936438830995377,1.311154969334079,"[-0.17936438830995377,1.311154969334079]","[0.003516669301680396,7.425540873453339e-16,9.336134378367543e-09,0.9964833213621845]",3
13,AnBn,0.14285714285714285,1.0,0.5,"[0.14285714285714285,1.0,0.5]",0.49605387920013183,1.0104752170263602,"[0.49605387920013183,1.0104752170263602]","[0.3860712429336409,0.5889580929452167,0.024970664100700736,2.0441617517751502e-11]",1
14,Ando Saina,0.09090909090909091,1.0,1.0,"[0.09090909090909091,1.0,1.0]",0.9342874603548676,1.0214643359509425,"[0.9342874603548676,1.0214643359509425]","[0.034148379170644345,0.9562045277719897,0.009647093057366019,2.7785586870699276e-17]",1
15,Andra�� ��unkar,0.11111111111111112,0.9,0.8181818181818182,"[0.11111111111111112,0.9,0.8181818181818182]",0.757733026024705,0.9251788729862996,"[0.757733026024705,0.9251788729862996]","[0.7815300252886698,2.047059457634597e-16,0.21846997471132987,2.0475635074856995e-16]",0
16,andrea vlastelica,0.14285714285714285,0.7272727272727273,0.5,"[0.14285714285714285,0.7272727272727273,0.5]",0.4511177091906314,0.7574589005407197,"[0.4511177091906314,0.7574589005407197]","[0.050365701693143715,2.3662880744941437e-16,0.7232974889572844,0.22633680934957162]",2
17,andrea zavorovic,0.3333333333333333,0.2857142857142857,0.125,"[0.3333333333333333,0.2857142857142857,0.125]",-0.0334912324709479,0.39538462214408254,"[-0.0334912324709479,0.39538462214408254]","[2.021252911572799e-12,1.0208977659850596e-15,0.9999999999979767,1.0208977659850596e-15]",2
18,Andrej_A,0.3333333333333333,0.9,0.2727272727272727,"[0.3333333333333333,0.9,0.2727272727272727]",0.18877422286330614,0.9741743261818551,"[0.18877422286330614,0.9741743261818551]","[0.7423306757862566,6.365004915453266e-07,0.012432478275669099,0.24523620943758276]",0
19,Andro Zuanic,0.5,0.6666666666666666,0.5,"[0.5,0.6666666666666666,0.5]",0.24506485276343742,0.8327923270214757,"[0.24506485276343742,0.8327923270214757]","[0.18872716240746995,1.1707950221807508e-16,0.2033072836021779,0.6079655539903521]",3
20,andrzej,0.3333333333333333,0.6666666666666666,0.5,"[0.3333333333333333,0.6666666666666666,0.5]",0.33656280516921677,0.7713979988800935,"[0.33656280516921677,0.7713979988800935]","[0.04312667045060441,1.3791037880852329e-16,0.4365636544928286,0.5203096750565669]",3
21,ane,1.0,1.0,0.125,"[1.0,1.0,0.125]",-0.281793073021564,1.303623715981527,"[-0.281793073021564,1.303623715981527]","[0.0009162726161535626,2.6310722515062427e-16,2.8012673766241406e-10,0.9990837271037194]",3
22,Anela,0.5,0.6666666666666666,0.25,"[0.5,0.6666666666666666,0.25]",0.040207483340216954,0.8177298203163716,"[0.040207483340216954,0.8177298203163716]","[0.48852337689521164,1.0350989508974989e-15,0.5086152468914261,0.0028613762133612997]",2
23,Ankica,0.5,1.0,0.09090909090909093,"[0.5,1.0,0.09090909090909093]",-0.03523431163466516,1.1173867533703208,"[-0.03523431163466516,1.1173867533703208]","[0.2354578527110099,8.863320423055492e-17,2.979240680960662e-05,0.7645123548821804]",3
24,Annie,0.07692307692307693,1.0,1.0,"[0.07692307692307693,1.0,1.0]",0.9419656102071008,1.016312364358659,"[0.9419656102071008,1.016312364358659]","[0.04531451142828265,0.9421291158244867,0.012556372747230711,3.7999720391166765e-17]",1
25,ante vrataric,0.3333333333333333,1.0,0.3333333333333333,"[0.3333333333333333,1.0,0.3333333333333333]",0.2549132111209037,1.0705984923369183,"[0.2549132111209037,1.0705984923369183]","[0.9935253221713648,1.2464732246016982e-16,0.006240890988098484,0.00023378684053651955]",0
26,anton jane��,0.2,1.0,0.3636363636363637,"[0.2,1.0,0.3636363636363637]",0.3529427693392509,1.0233087882123098,"[0.3529427693392509,1.0233087882123098]","[0.9639209363399135,0.013396790089578635,0.0226755215860434,6.751984464434362e-06]",0
27,Anze-G,1.0,1.0,0.25,"[1.0,1.0,0.25]",-0.17936438830995377,1.311154969334079,"[-0.17936438830995377,1.311154969334079]","[0.003516669301680396,7.425540873453339e-16,9.336134378367543e-09,0.9964833213621845]",3
28,Anzze99,0.16666666666666666,0.875,0.6666666666666666,"[0.16666666666666666,0.875,0.6666666666666666]",0.5989585781699559,0.9133216947464227,"[0.5989585781699559,0.9133216947464227]","[0.7784131261005103,1.1921638770614398e-16,0.2215868737706006,1.288890433512431e-10]",0
29,Apsirtgirl,0.19999999999999998,1.0,0.7142857142857143,"[0.19999999999999998,1.0,0.7142857142857143]",0.6402751835951964,1.0444354209934945,"[0.6402751835951964,1.0444354209934945]","[0.8871644731813326,0.010271296283014916,0.10256423053565224,1.3243364182974275e-16]",0
30,benjamin,1.0,1.0,0.16666666666666666,"[1.0,1.0,0.16666666666666666]",-0.24765017811769394,1.3061341337657109,"[-0.24765017811769394,1.3061341337657109]","[0.001033379375397443,2.6296083191916875e-16,6.526782102622623e-10,0.998966619971924]",3
31,blaz02,1.0,1.0,0.16666666666666666,"[1.0,1.0,0.16666666666666666]",-0.24765017811769394,1.3061341337657109,"[-0.24765017811769394,1.3061341337657109]","[0.001033379375397443,2.6296083191916875e-16,6.526782102622623e-10,0.998966619971924]",3
32,Bojan1825,0.125,1.0,0.6666666666666666,"[0.125,1.0,0.6666666666666666]",0.6424288108590884,1.0139389244336625,"[0.6424288108590884,1.0139389244336625]","[0.08358009368894183,0.9059621875005387,0.010457718810519493,1.0432119670368813e-17]",1
33,BORIS MREVLJE,0.5,1.0,0.0,"[0.5,1.0,0.0]",-0.10972790051583625,1.1119094782048284,"[-0.10972790051583625,1.1119094782048284]","[0.2647635128439611,1.3496065377583109e-16,1.3037097172867625e-05,0.7352234500588659]",3
34,Bo��tjan M.,0.16666666666666669,1.0,0.7142857142857143,"[0.16666666666666669,1.0,0.7142857142857143]",0.6585747740763523,1.032156555365218,"[0.6585747740763523,1.032156555365218]","[0.3949553780912875,0.5545840252028161,0.050460596705896234,5.823666481384022e-17]",1
35,BostjanH,0.25,0.9166666666666666,0.0,"[0.25,0.9166666666666666,0.0]",0.013788531701040913,0.9425074448443649,"[0.013788531701040913,0.9425074448443649]","[0.8233068072975706,1.7741610543466383e-16,0.008545839345042496,0.16814735335738687]",0
36,Bo��tjanK,0.08333333333333333,1.0,0.6153846153846154,"[0.08333333333333333,1.0,0.6153846153846154]",0.6232812744634625,0.9955005974331674,"[0.6232812744634625,0.9955005974331674]","[0.6077215424005907,0.31488290426151316,0.07739555333789598,1.2397657577987499e-16]",0
37,Branklo,0.3333333333333333,1.0,0.75,"[0.3333333333333333,1.0,0.75]",0.5963421601596044,1.0957026701787582,"[0.5963421601596044,1.0957026701787582]","[0.9143132460480387,2.117095442202859e-16,0.0856867539519609,2.1171004484539114e-16]",0
38,BrunoB,0.14285714285714288,0.875,0.6666666666666666,"[0.14285714285714288,0.875,0.6666666666666666]",0.6120297142279244,0.9045510764405109,"[0.6120297142279244,0.9045510764405109]","[0.7518768260745579,1.3292973012816342e-16,0.2481231738270386,9.840354057763717e-11]",0
39,Buda,0.5,0.4,0.3333333333333333,"[0.5,0.4,0.3333333333333333]",0.06455568469422332,0.5753569242098912,"[0.06455568469422332,0.5753569242098912]","[2.595870472085159e-06,4.2398216506857454e-16,0.9999974041295139,1.3577725375456095e-14]",2
40,Buki,0.1,1.0,0.8,"[0.1,1.0,0.8]",0.7654107674123396,1.012763112121844,"[0.7654107674123396,1.012763112121844]","[0.044426393314762634,0.947087088535548,0.008486518149689372,1.0275762720447312e-17]",1
41,chibu79,0.0909090909090909,1.0,0.9166666666666666,"[0.0909090909090909,1.0,0.9166666666666666]",0.8660016705471275,1.0164435003825745,"[0.8660016705471275,1.0164435003825745]","[0.033699026338313974,0.9580481804018701,0.008252793259815885,1.5518424255978113e-17]",1
42,Cromiza,0.25,0.8,0.2727272727272727,"[0.25,0.8,0.2727272727272727]",0.21804660339604562,0.8507045127330958,"[0.21804660339604562,0.8507045127330958]","[0.2561432098136572,1.1047593163000809e-16,0.14191911509250438,0.6019376750938383]",3
43,cvjetko,0.1111111111111111,1.0,0.6666666666666666,"[0.1111111111111111,1.0,0.6666666666666666]",0.6500536402262367,1.0088227304218806,"[0.6500536402262367,1.0088227304218806]","[0.10303121433786208,0.8834223013818916,0.013546484280246315,1.3028956313387287e-17]",1
44,Dalka,0.14285714285714285,0.5714285714285714,0.5,"[0.14285714285714285,0.5714285714285714,0.5]",0.42543989775663105,0.6128781482632109,"[0.42543989775663105,0.6128781482632109]","[0.00011859891940277446,4.545130833303999e-16,0.844193697091375,0.1556877039892218]",2
45,Damir Mulalic,0.25,1.0,0.16666666666666666,"[0.25,1.0,0.16666666666666666]",0.16409060770831305,1.0298596571294911,"[0.16409060770831305,1.0298596571294911]","[0.8762885818558113,1.7028793345947504e-06,0.004130734803945317,0.11957898046090895]",0
46,damir.juretic,0.09090909090909091,1.0,1.0,"[0.09090909090909091,1.0,1.0]",0.9342874603548676,1.0214643359509425,"[0.9342874603548676,1.0214643359509425]","[0.034148379170644345,0.9562045277719897,0.009647093057366019,2.7785586870699276e-17]",1
47,Danilo4783,0.3333333333333333,1.0,0.09090909090909093,"[0.3333333333333333,1.0,0.09090909090909093]",0.05626364077111419,1.0559924252289385,"[0.05626364077111419,1.0559924252289385]","[0.48874178211825153,3.0347367236058225e-16,0.0005042523489975939,0.5107539655327505]",3
48,Dario,0.3333333333333333,1.0,0.2222222222222222,"[0.3333333333333333,1.0,0.2222222222222222]",0.16386549137725018,1.0639040449124275,"[0.16386549137725018,1.0639040449124275]","[0.95529080034846,2.5384203047313923e-16,0.0026786613592217528,0.042030538292318086]",0
49,DarioR,0.3333333333333333,1.0,0.14285714285714285,"[0.3333333333333333,1.0,0.14285714285714285]",0.09883140584606907,1.059122296752077,"[0.09883140584606907,1.059122296752077]","[0.6932158577422942,3.279271192660255e-16,0.0010686492329692095,0.3057154930247362]",0
50,Darko Babic,0.1,1.0,0.6923076923076923,"[0.1,1.0,0.6923076923076923]",0.6771645159684907,1.00627464769503,"[0.6771645159684907,1.00627464769503]","[0.11786262206709186,0.8648790119038287,0.017258366029079417,1.6655654770217272e-17]",1
51,Dejan Adamic,0.1,0.5833333333333334,0.6153846153846154,"[0.1,0.5833333333333334,0.6153846153846154]",0.5454789972639255,0.6150873245053549,"[0.5454789972639255,0.6150873245053549]","[0.00018634448840254856,5.894276481427284e-16,0.5289072763077164,0.4709063792038804]",2
52,DejanJ,0.08333333333333333,0.9166666666666666,0.8461538461538461,"[0.08333333333333333,0.9166666666666666,0.8461538461538461]",0.7986498883084896,0.93209390862795,"[0.7986498883084896,0.93209390862795]","[0.7898968395262612,2.4623430221788004e-16,0.21010316047373817,2.4623433095107484e-16]",0
53,delimir,0.3333333333333333,0.8,0.0,"[0.3333333333333333,0.8,0.0]",-0.05118313945035724,0.8649698513073099,"[-0.05118313945035724,0.8649698513073099]","[0.9097594391762662,9.790984660350113e-16,0.0899740163423811,0.00026654448135162784]",0
54,demirel,1.0,0.6666666666666666,0.25,"[1.0,0.6666666666666666,0.25]",-0.23428637387712103,1.0019128047405181,"[-0.23428637387712103,1.0019128047405181]","[0.9998257050778352,1.8459165573236723e-11,0.00014482963629025168,2.9465267415431633e-05]",0
55,Deni Oreb,1.0,1.0,0.09090909090909093,"[1.0,1.0,0.09090909090909093]",-0.30972816885200316,1.3015697377944673,"[-0.30972816885200316,1.3015697377944673]","[0.0010602121524301968,3.406957373018915e-16,1.7834623917259552e-10,0.9989397876692233]",3
56,Dimen,0.33333333333333337,0.75,0.4,"[0.33333333333333337,0.75,0.4]",0.2683503537917204,0.8426835373464421,"[0.2683503537917204,0.8426835373464421]","[0.22554279773325966,1.0384098129113027e-16,0.18500183498496658,0.5894553672817736]",3
57,dkervina,0.25,1.0,0.5,"[0.25,1.0,0.5]",0.4372337669392737,1.0499429994029632,"[0.4372337669392737,1.0499429994029632]","[0.9676646794681076,1.937203512037995e-06,0.03233338305624714,2.7213327934980574e-10]",0
58,dmeic,0.2,0.8333333333333334,0.3076923076923077,"[0.2,0.8333333333333334,0.3076923076923077]",0.2796395680134081,0.8653170750444574,"[0.2796395680134081,0.8653170750444574]","[0.3688139574364619,1.0054344340285763e-16,0.15545345039536612,0.4757325921681718]",3
59,Domen S,0.08333333333333333,1.0,0.9166666666666666,"[0.08333333333333333,1.0,0.9166666666666666]",0.8701606683837538,1.013652849103421,"[0.8701606683837538,1.013652849103421]","[0.04259355164881409,0.9469876944625626,0.010418753888623379,1.991100272163386e-17]",1
60,Dorsi,0.25,1.0,0.4,"[0.25,1.0,0.4]",0.3552908191699855,1.0439179967209216,"[0.3552908191699855,1.0439179967209216]","[0.9811443488534171,3.7882192778927523e-06,0.01885084867119749,1.0142561075216991e-06]",0
61,dragana,0.3333333333333333,0.5,0.42857142857142855,"[0.3333333333333333,0.5,0.42857142857142855]",0.25057113540757014,0.6124733432389978,"[0.25057113540757014,0.6124733432389978]","[5.316671872125338e-05,3.3037204473077288e-16,0.9999011260972648,4.570718401358208e-05]",2
62,Dra��en,0.16666666666666666,0.875,0.5555555555555556,"[0.16666666666666666,0.875,0.5555555555555556]",0.5079108584263025,0.906627247321932,"[0.5079108584263025,0.906627247321932]","[0.785253443886787,1.056545148756591e-16,0.21474527160972978,1.2845034831785787e-06]",0
63,drejc,0.125,0.7,0.18181818181818185,"[0.125,0.7,0.18181818181818185]",0.1956998831490589,0.7064088420834985,"[0.1956998831490589,0.7064088420834985]","[0.0055683260877293405,3.4177322121757194e-16,0.9919255571270608,0.0025061167852095567]",2
64,Du��i,0.3333333333333333,1.0,0.125,"[0.3333333333333333,1.0,0.125]",0.08419873660155333,1.0580464034159982,"[0.08419873660155333,1.0580464034159982]","[0.6135685562629686,3.2247475057454137e-16,0.0008246458041726729,0.3856067979328583]",0
65,Edvard,0.125,1.0,0.7777777777777778,"[0.125,1.0,0.7777777777777778]",0.733476530602742,1.020633371858153,"[0.733476530602742,1.020633371858153]","[0.04627761353913996,0.9457260138946292,0.007996372566230786,9.276901400158698e-18]",1
66,Efa i Neno,0.125,0.75,0.38461538461538464,"[0.125,0.75,0.38461538461538464]",0.3701161869498233,0.7650137036801695,"[0.3701161869498233,0.7650137036801695]","[0.03861292069975934,1.4672340865875374e-16,0.48078924887677255,0.480597830423468]",2
67,Elena Nikolovska,0.5,1.0,0.125,"[0.5,1.0,0.125]",-0.007299215804226017,1.1194407315573804,"[-0.007299215804226017,1.1194407315573804]","[0.3030317806989392,1.0413141696573931e-16,5.428405549484985e-05,0.6969139352455659]",3
68,Ferijan Perkovic,0.16666666666666666,0.875,0.5555555555555556,"[0.16666666666666666,0.875,0.5555555555555556]",0.5079108584263025,0.906627247321932,"[0.5079108584263025,0.906627247321932]","[0.785253443886787,1.056545148756591e-16,0.21474527160972978,1.2845034831785787e-06]",0
69,filip mestrovic,0.19999999999999998,1.0,0.7142857142857143,"[0.19999999999999998,1.0,0.7142857142857143]",0.6402751835951964,1.0444354209934945,"[0.6402751835951964,1.0444354209934945]","[0.8871644731813326,0.010271296283014916,0.10256423053565224,1.3243364182974275e-16]",0
70,Gasper,0.25,0.6666666666666666,0.42857142857142855,"[0.25,0.6666666666666666,0.42857142857142855]",0.3237811043940434,0.736397261465087,"[0.3237811043940434,0.736397261465087]","[0.015227833341310813,1.8013009882539783e-16,0.6068115338915306,0.3779606327671583]",2
71,gcampa,0.125,1.0,0.4166666666666667,"[0.125,1.0,0.4166666666666667]",0.437571441435868,0.9988764177285584,"[0.437571441435868,0.9988764177285584]","[0.799319096761917,0.15829393674612954,0.04238691962742109,4.6864532350633894e-08]",0
72,GITA MARINKOVIC,1.0,0.6666666666666666,0.25,"[1.0,0.6666666666666666,0.25]",-0.23428637387712103,1.0019128047405181,"[-0.23428637387712103,1.0019128047405181]","[0.9998257050778352,1.8459165573236723e-11,0.00014482963629025168,2.9465267415431633e-05]",0
73,Goran Cacic,0.16666666666666666,1.0,0.08333333333333333,"[0.16666666666666666,1.0,0.08333333333333333]",0.14155379410346258,0.9941416574904319,"[0.14155379410346258,0.9941416574904319]","[0.6405889130024212,7.468676546614058e-05,0.004899364862614043,0.35443703536949855]",0
74,Goran ��urica,0.16666666666666666,0.9166666666666666,0.3076923076923077,"[0.16666666666666666,0.9166666666666666,0.3076923076923077]",0.3116696548863558,0.930348750564571,"[0.3116696548863558,0.930348750564571]","[0.8875898621106665,8.443260413906478e-17,0.07899268716121433,0.03341745072811902]",0
75,Gordan,0.25,0.9166666666666666,0.07692307692307693,"[0.25,0.9166666666666666,0.07692307692307693]",0.07682156844664721,0.9471420622920892,"[0.07682156844664721,0.9471420622920892]","[0.5589767545284775,1.1925767341185394e-15,0.00815089430422157,0.43287235116729966]",0
76,Gordana Genc,0.125,1.0,0.8888888888888888,"[0.125,1.0,0.8888888888888888]",0.8245242503463955,1.0273278192826438,"[0.8245242503463955,1.0273278192826438]","[0.04931642567160777,0.9393333982283631,0.011350176100029183,1.8146971860724076e-17]",1
77,gpet,0.09999999999999999,0.9090909090909092,0.8333333333333334,"[0.09999999999999999,0.9090909090909092,0.8333333333333334]",0.7777463599989356,0.930432674187311,"[0.7777463599989356,0.930432674187311]","[0.7882467538452876,2.2065969417791092e-16,0.21175324615471203,2.2066070503062315e-16]",0
78,Gregor Primc,0.09999999999999999,1.0,0.4166666666666667,"[0.09999999999999999,1.0,0.4166666666666667]",0.45129613429673493,0.9896672685073511,"[0.45129613429673493,0.9896672685073511]","[0.9199584028657382,0.02160624698094448,0.058435310237538965,3.9915778280696e-08]",0
79,greta,0.25,0.6666666666666666,0.2857142857142857,"[0.25,0.6666666666666666,0.2857142857142857]",0.20671975043791746,0.727790114776456,"[0.20671975043791746,0.727790114776456]","[0.014787891093411219,3.467069696976442e-16,0.9680050646081977,0.017207044298390817]",2
80,Grozdana Sirotic,0.3333333333333333,1.0,0.5,"[0.3333333333333333,1.0,0.5]",0.39148479073638404,1.0806401634736542,"[0.39148479073638404,1.0806401634736542]","[0.9806982981046675,1.0781368185365023e-16,0.01930170076922449,1.1261078858135668e-09]",0
81,Grup amor,0.16666666666666666,0.875,0.1111111111111111,"[0.16666666666666666,0.875,0.1111111111111111]",0.14371997945168824,0.8798494576239694,"[0.14371997945168824,0.8798494576239694]","[0.4435163702340385,1.3114848583580794e-16,0.07197020919230271,0.4845134205736586]",3
82,HanaP,0.33333333333333337,1.0,0.0,"[0.33333333333333337,1.0,0.0]",-0.01822994811005693,1.0505151500634462,"[-0.01822994811005693,1.0505151500634462]","[0.419595200327225,3.202223820680551e-16,0.00021035110616107424,0.5801944485666135]",3
83,Hrvoje Juvancic,0.2,1.0,0.5555555555555556,"[0.2,1.0,0.5555555555555556]",0.5102070125328343,1.0348719246727938,"[0.5102070125328343,1.0348719246727938]","[0.9184522492982211,0.02754654005458715,0.054001210646697106,4.947751651393535e-13]",0
84,Igor ��utic,0.08333333333333333,1.0,0.8461538461538461,"[0.08333333333333333,1.0,0.8461538461538461]",0.8123803847002814,1.0094044497763404,"[0.8123803847002814,1.0094044497763404]","[0.06293723189339077,0.9235300898636174,0.013532678242991715,1.923491686872941e-17]",1
85,Igor ��afran,0.08333333333333333,0.75,0.7692307692307693,"[0.08333333333333333,0.75,0.7692307692307693]",0.7081558587792997,0.7728382088834455,"[0.7081558587792997,0.7728382088834455]","[0.1939168499949596,8.516516224647696e-16,0.8060830899478585,6.005718103690577e-08]",2
86,Igor29,0.5,1.0,0.3333333333333333,"[0.5,1.0,0.3333333333333333]",0.16341525871512436,1.1319928204783005,"[0.16341525871512436,1.1319928204783005]","[0.9962805456984838,2.561584294882084e-16,0.001387334453935036,0.002332119847580918]",0
87,IgorGancevic,0.3333333333333333,0.8571428571428571,0.125,"[0.3333333333333333,0.8571428571428571,0.125]",0.06066074278705308,0.925514047161615,"[0.06066074278705308,0.925514047161615]","[0.68676500743658,1.3669649229576502e-16,0.016715234810906723,0.29651975775251316]",0
88,igorr,0.3333333333333333,1.0,0.2222222222222222,"[0.3333333333333333,1.0,0.2222222222222222]",0.16386549137725018,1.0639040449124275,"[0.16386549137725018,1.0639040449124275]","[0.95529080034846,2.5384203047313923e-16,0.0026786613592217528,0.042030538292318086]",0
89,iivana,0.25,0.8333333333333334,0.2857142857142857,"[0.25,0.8333333333333334,0.2857142857142857]",0.2341807432215011,0.8824111970732365,"[0.2341807432215011,0.8824111970732365]","[0.3819339330436797,8.222648142533161e-17,0.08382663389585167,0.5342394330604685]",3
90,Ina,0.1,1.0,0.9,"[0.1,1.0,0.9]",0.8473537151816279,1.0187881148038855,"[0.8473537151816279,1.0187881148038855]","[0.030332448039514855,0.9624729283708372,0.007194623589647972,1.2373642005621812e-17]",1
91,Ines,1.0,1.0,0.125,"[1.0,1.0,0.125]",-0.281793073021564,1.303623715981527,"[-0.281793073021564,1.303623715981527]","[0.0009162726161535626,2.6310722515062427e-16,2.8012673766241406e-10,0.9990837271037194]",3
92,Ivan Odrljin,0.09090909090909093,0.9166666666666666,0.6923076923076923,"[0.09090909090909093,0.9166666666666666,0.6923076923076923]",0.6684248169806505,0.9256153250116552,"[0.6684248169806505,0.9256153250116552]","[0.7918177250397551,1.3650515161612524e-16,0.20818227496023628,8.464916777621437e-15]",0
93,Ivana PR,0.2,1.0,1.0,"[0.2,1.0,1.0]",0.8743978915074484,1.0616497143707564,"[0.8743978915074484,1.0616497143707564]","[0.7551404177550561,4.207978410832313e-05,0.244817502460835,5.621908765323742e-16]",0
94,IvanV,0.5,0.8,0.3333333333333333,"[0.5,0.8,0.3333333333333333]",0.13046206737482402,0.946447521722164,"[0.13046206737482402,0.946447521722164]","[0.49006871385306217,1.198683064982091e-15,0.0106119812791618,0.4993193048677748]",3
95,Ivica Komljenovic,0.5,0.9166666666666666,0.15384615384615385,"[0.5,0.9166666666666666,0.15384615384615385]",0.0026076765835845173,1.0438681719518867,"[0.0026076765835845173,1.0438681719518867]","[0.42258563464530097,1.2261585783139802e-13,0.0003061705415303222,0.5771081948130461]",3
96,Iztok3,0.25,1.0,0.2,"[0.25,1.0,0.2]",0.19140492363140912,1.0318679913568385,"[0.19140492363140912,1.0318679913568385]","[0.9492831690387185,2.4611324233145216e-06,0.00552317308758635,0.045191196741271825]",0
97,jadralec Jaro,0.14285714285714285,0.7142857142857143,0.625,"[0.14285714285714285,0.7142857142857143,0.625]",0.5514065762827416,0.7529417578701461,"[0.5514065762827416,0.7529417578701461]","[0.07130773198410267,4.165052231021679e-16,0.9178817991494918,0.010810468866405222]",2
98,Jadran,0.09999999999999999,1.0,0.8333333333333334,"[0.09999999999999999,1.0,0.8333333333333334]",0.7927250833354358,1.014771446349191,"[0.7927250833354358,1.014771446349191]","[0.036846605580962005,0.9555634908138619,0.007589903605176045,1.0176696629196587e-17]",1
99,Janez  stupica,0.16666666666666666,0.8571428571428571,0.625,"[0.16666666666666666,0.8571428571428571,0.625]",0.5618734340392734,0.8942447324304408,"[0.5618734340392734,0.8942447324304408]","[0.7287769180708984,1.2913122136444266e-16,0.2712230368129306,4.511617092260958e-08]",0
100,Jani Pristavec,0.08333333333333333,1.0,0.6923076923076923,"[0.08333333333333333,1.0,0.6923076923076923]",0.6863143112090687,1.0001352148808917,"[0.6863143112090687,1.0001352148808917]","[0.2969128116668347,0.6572744473115671,0.04581274102159805,4.309200706002841e-17]",1
101,Jaro��,0.19999999999999998,0.8,0.5,"[0.19999999999999998,0.8,0.5]",0.4317299613207072,0.845979402204412,"[0.4317299613207072,0.845979402204412]","[0.5009230132592383,1.825890453473861e-16,0.4815070815246534,0.01756990521610816]",0
102,Jasminka,0.19999999999999998,0.8333333333333334,0.5714285714285714,"[0.19999999999999998,0.8333333333333334,0.5714285714285714]",0.4957528368554869,0.8812071920080836,"[0.4957528368554869,0.8812071920080836]","[0.6928065539809773,1.3323365174390417e-16,0.3071595029055463,3.394311347632168e-05]",0
103,jelena,0.1,1.0,0.9090909090909092,"[0.1,1.0,0.9090909090909092]",0.854803074069745,1.0193358423204348,"[0.854803074069745,1.0193358423204348]","[0.03009981628616282,0.9626294127961733,0.007270770917663818,1.2996688684307858e-17]",1
104,Jelena-Marija,0.25,0.8,0.2727272727272727,"[0.25,0.8,0.2727272727272727]",0.21804660339604562,0.8507045127330958,"[0.21804660339604562,0.8507045127330958]","[0.2561432098136572,1.1047593163000809e-16,0.14191911509250438,0.6019376750938383]",3
105,Jelena Cutura,0.25,1.0,0.6,"[0.25,1.0,0.6]",0.5191767147085619,1.0559680020850049,"[0.5191767147085619,1.0559680020850049]","[0.9465804346218277,5.55307842696829e-07,0.05341901007031877,1.1000037603185127e-14]",0
106,jerko,0.16666666666666666,0.9090909090909092,0.5,"[0.16666666666666666,0.9090909090909092,0.5]",0.4680040198056632,0.9349070631703918,"[0.4680040198056632,0.9349070631703918]","[0.869709586649874,8.122961605961149e-17,0.1302883143881418,2.0989619841333e-06]",0
107,Jerko. Marinkovic,0.125,0.9090909090909092,0.6666666666666666,"[0.125,0.9090909090909092,0.6666666666666666]",0.6274500875225884,0.9296001522717823,"[0.6274500875225884,0.9296001522717823]","[0.8081081797360238,1.15382106179893e-16,0.19189182026331972,6.563734479006937e-13]",0
108,Josip Rabanasic,0.25,0.8333333333333334,0.42857142857142855,"[0.25,0.8333333333333334,0.42857142857142855]",0.35124209717762706,0.8910183437618674,"[0.35124209717762706,0.8910183437618674]","[0.7554707213920906,1.178138742277806e-16,0.19585327629047558,0.048676002317433575]",0
109,josko52@gmail.com,0.5,0.8333333333333334,0.14285714285714285,"[0.5,0.8333333333333334,0.14285714285714285]",-0.02012753934329388,0.9658955425966789,"[-0.02012753934329388,0.9658955425966789]","[0.8591242483690652,8.033015581259244e-11,0.0033887245248562753,0.13748702702574836]",0
110,JOZE,0.5,0.5,0.0,"[0.5,0.5,0.0]",-0.19211087886658712,0.6480462313144875,"[-0.19211087886658712,0.6480462313144875]","[0.00018682510195918654,3.1467617441291926e-15,0.9998131748980345,3.146761745588772e-15]",2
111,Jo��ko,0.125,0.8888888888888888,0.6,"[0.125,0.8888888888888888,0.6]",0.5694928504905072,0.906841534447781,"[0.5694928504905072,0.906841534447781]","[0.7677027591618045,1.170946685220893e-16,0.23229723544705821,5.391137114984155e-09]",0
112,Jure Gros,0.16666666666666666,1.0,0.3076923076923077,"[0.16666666666666666,1.0,0.3076923076923077]",0.3254001512781476,1.0076592917129612,"[0.3254001512781476,1.0076592917129612]","[0.9359596451539993,0.041623729650026246,0.02226621196322764,0.0001504132327469084]",0
113,jure111,1.0,1.0,0.16666666666666666,"[1.0,1.0,0.16666666666666666]",-0.24765017811769394,1.3061341337657109,"[-0.24765017811769394,1.3061341337657109]","[0.001033379375397443,2.6296083191916875e-16,6.526782102622623e-10,0.998966619971924]",3
114,jurebizjak,0.1111111111111111,1.0,0.5,"[0.1111111111111111,1.0,0.5]",0.5134820606107564,0.9987810592851446,"[0.5134820606107564,0.9987810592851446]","[0.6224614611072428,0.32878762153445834,0.048750917337591675,2.0707210215396727e-11]",0
115,kapitan72,0.2,0.625,0.5555555555555556,"[0.2,0.625,0.5555555555555556]",0.4484197787697711,0.686974489505038,"[0.4484197787697711,0.686974489505038]","[0.0027284183440025494,2.251671318129429e-16,0.5838281963030364,0.4134433853529608]",2
116,Karla,0.5,1.0,0.5,"[0.5,1.0,0.5]",0.2999868383306047,1.1420344916150365,"[0.2999868383306047,1.1420344916150365]","[0.9934879458606638,2.818574671287303e-16,0.0065120288818450575,2.5257490896886388e-08]",0
117,Karmen Hrvatic,0.16666666666666666,1.0,0.5454545454545454,"[0.16666666666666666,1.0,0.5454545454545454]",0.5202295375827488,1.021984472915018,"[0.5202295375827488,1.021984472915018]","[0.47170310184299674,0.4964938394033922,0.031803058753201004,4.101603121243789e-13]",1
118,Katarina ��edlbauer,0.5,1.0,0.0,"[0.5,1.0,0.0]",-0.10972790051583625,1.1119094782048284,"[-0.10972790051583625,1.1119094782048284]","[0.2647635128439611,1.3496065377583109e-16,1.3037097172867625e-05,0.7352234500588659]",3
119,kec,0.3333333333333333,0.9166666666666666,0.07692307692307693,"[0.3333333333333333,0.9166666666666666,0.07692307692307693]",0.031072592243757566,0.9778392263627803,"[0.031072592243757566,0.9778392263627803]","[0.6010332444071715,4.6416117571530754e-08,0.002670287005902723,0.3962964221708081]",0
120,kemi,0.2,0.5714285714285714,0.5,"[0.2,0.5714285714285714,0.5]",0.39406917121750673,0.6339276321973991,"[0.39406917121750673,0.6339276321973991]","[0.000287056969868158,3.5832620288405115e-16,0.8712738158285837,0.1284391272015478]",2
121,Kiklop,0.2,0.4,0.18181818181818185,"[0.2,0.4,0.18181818181818185]",0.10509601755600768,0.455718341612916,"[0.10509601755600768,0.455718341612916]","[7.982916206042819e-10,6.731185410809547e-16,0.999999999201707,6.73130198343763e-16]",2
122,KlaraM,0.3333333333333333,1.0,0.25,"[0.3333333333333333,1.0,0.25]",0.18662742131316357,1.0655776567685502,"[0.18662742131316357,1.0655776567685502]","[0.9820710089363187,2.0977053864189505e-16,0.003380401227129615,0.014548589836551471]",0
123,Kreso,0.25,1.0,0.16666666666666666,"[0.25,1.0,0.16666666666666666]",0.16409060770831305,1.0298596571294911,"[0.16409060770831305,1.0298596571294911]","[0.8762885818558113,1.7028793345947504e-06,0.004130734803945317,0.11957898046090895]",0
124,Kristijan Lopac,0.16666666666666666,0.7,0.2727272727272727,"[0.16666666666666666,0.7,0.2727272727272727]",0.2473189839287851,0.7272346992843364,"[0.2473189839287851,0.7272346992843364]","[0.014107429161285469,2.9431094282734145e-16,0.9138606170251767,0.07203195381353748]",2
125,Ksenija Sekulic,0.16666666666666666,0.4545454545454545,0.0,"[0.16666666666666666,0.4545454545454545,0.0]",-0.016604335723278546,0.4830881889507829,"[-0.016604335723278546,0.4830881889507829]","[2.6592208676855315e-09,6.229262202413138e-16,0.9999999973407779,6.229262202489731e-16]",2
126,Kskoric,0.3333333333333333,0.8888888888888888,0.0,"[0.3333333333333333,0.8888888888888888,0.0]",-0.03653727663244599,0.9474344285322592,"[-0.03653727663244599,0.9474344285322592]","[0.9510100315984011,5.206842044007499e-16,0.005663255749249457,0.04332671265234891]",0
127,Kvasina,0.2,1.0,0.4545454545454545,"[0.2,1.0,0.4545454545454545]",0.42743635822042186,1.028786063377802,"[0.42743635822042186,1.028786063377802]","[0.9409140671673781,0.024464050303350433,0.03462187581909168,6.71017977045944e-09]",0
128,Labura,0.5,1.0,0.25,"[0.5,1.0,0.25]",0.09512946890738422,1.1269719849099324,"[0.09512946890738422,1.1269719849099324]","[0.909583129126377,2.4856339257131773e-16,0.0005662637696520998,0.08985060710397062]",0
129,Lana,0.3333333333333333,1.0,0.75,"[0.3333333333333333,1.0,0.75]",0.5963421601596044,1.0957026701787582,"[0.5963421601596044,1.0957026701787582]","[0.9143132460480387,2.117095442202859e-16,0.0856867539519609,2.1171004484539114e-16]",0
130,Lea Svilicic,0.14285714285714285,0.9090909090909092,0.3333333333333333,"[0.14285714285714285,0.9090909090909092,0.3333333333333333]",0.34450357624815137,0.9160947737277441,"[0.34450357624815137,0.9160947737277441]","[0.861407134199712,9.418957993581114e-17,0.12082396664565953,0.01776889915462822]",0
131,Leo Mihaljevic,0.3333333333333333,1.0,0.75,"[0.3333333333333333,1.0,0.75]",0.5963421601596044,1.0957026701787582,"[0.5963421601596044,1.0957026701787582]","[0.9143132460480387,2.117095442202859e-16,0.0856867539519609,2.1171004484539114e-16]",0
132,ljubica basic,0.07692307692307693,1.0,0.9230769230769232,"[0.07692307692307693,1.0,0.9230769230769232]",0.8789325734614948,1.0116777469109346,"[0.8789325734614948,1.0116777469109346]","[0.055315073851784406,0.9310277868548866,0.013657139293328917,2.7319107902496253e-17]",1
133,Luc,0.11111111111111112,1.0,0.8181818181818182,"[0.11111111111111112,1.0,0.8181818181818182]",0.7742096216948553,1.0179515223643678,"[0.7742096216948553,1.0179515223643678]","[0.035090072109573364,0.9580246086325782,0.006885319257848514,8.784506368464398e-18]",1
134,lucijan,0.125,0.6666666666666666,0.4615384615384616,"[0.125,0.6666666666666666,0.4615384615384616]",0.4194187273036379,0.6923377799795036,"[0.4194187273036379,0.6923377799795036]","[0.0030723419792187396,2.031491773231485e-16,0.5893148290780142,0.4076128289427668]",2
135,ludmilla,0.2,0.5,0.4,"[0.2,0.5,0.4]",0.3003572265409684,0.5616364513881659,"[0.3003572265409684,0.5616364513881659]","[3.923744417135489e-06,4.721182526996918e-16,0.9999739498682,2.2126387382400664e-05]",2
136,Luka Skocir,0.25,1.0,0.4444444444444444,"[0.25,1.0,0.4444444444444444]",0.3917099070674469,1.0465957756907178,"[0.3917099070674469,1.0465957756907178]","[0.9759311831694308,3.0195215776900878e-06,0.024065764136933312,3.317205809527868e-08]",0
137,luka.voncina,0.09999999999999999,1.0,0.8333333333333334,"[0.09999999999999999,1.0,0.8333333333333334]",0.7927250833354358,1.014771446349191,"[0.7927250833354358,1.014771446349191]","[0.036846605580962005,0.9555634908138619,0.007589903605176045,1.0176696629196587e-17]",1
138,lukaaa11,0.25,1.0,0.3333333333333333,"[0.25,1.0,0.3333333333333333]",0.30066218732379335,1.0399013282662273,"[0.30066218732379335,1.0399013282662273]","[0.987009467038903,4.300435129337708e-06,0.01290137272260778,8.48598033597977e-05]",0
139,Lupodimare,0.25,0.4,0.3333333333333333,"[0.25,0.4,0.3333333333333333]",0.20180261330289231,0.48326543199781796,"[0.20180261330289231,0.48326543199781796]","[1.2705215951514026e-08,6.500476617361765e-16,0.9999999872944245,3.588511552635325e-13]",2
140,Maja Demaria,0.16666666666666669,1.0,0.6,"[0.16666666666666669,1.0,0.6]",0.5649256909114515,1.0252708380143136,"[0.5649256909114515,1.0252708380143136]","[0.40587598463662594,0.5601736451470333,0.033950370216339766,1.0294506685444095e-15]",1
141,Maja Grinek,0.2,0.875,0.3333333333333333,"[0.2,0.875,0.3333333333333333]",0.3075158284578394,0.9055172181012272,"[0.3075158284578394,0.9055172181012272]","[0.7675120255263664,9.98455790646283e-17,0.11986240758456253,0.11262556688907094]",0
142,maja laurence,1.0,0.6666666666666666,0.0,"[1.0,0.6666666666666666,0.0]",-0.4391437433003415,0.9868502980354141,"[-0.4391437433003415,0.9868502980354141]","[0.9999813273207941,5.628535935842171e-15,1.8672679184452487e-05,1.5879500760809027e-14]",0
143,MajaM,0.2,0.5833333333333334,0.38461538461538464,"[0.2,0.5833333333333334,0.38461538461538464]",0.301481115583639,0.6380200690470113,"[0.301481115583639,0.6380200690470113]","[0.00025727091210706065,3.196578018762346e-16,0.9944498250680892,0.005292904019803392]",2
144,Mare_,0.2,1.0,1.0,"[0.2,1.0,1.0]",0.8743978915074484,1.0616497143707564,"[0.8743978915074484,1.0616497143707564]","[0.7551404177550561,4.207978410832313e-05,0.244817502460835,5.621908765323742e-16]",0
145,mare10,0.5,0.8333333333333334,0.0,"[0.5,0.8333333333333334,0.0]",-0.13718889329941986,0.957288395908048,"[-0.13718889329941986,0.957288395908048]","[0.9977036269619923,2.1827196876280915e-14,0.0017518402941853353,0.000544532743800602]",0
146,Maria,0.14285714285714285,0.8571428571428571,0.625,"[0.14285714285714285,0.8571428571428571,0.625]",0.5749445700972419,0.885474114124529,"[0.5749445700972419,0.885474114124529]","[0.6936763716136741,1.4455186236124512e-16,0.30632359225821904,3.612810671410484e-08]",0
147,Marijana,0.3333333333333333,1.0,0.42857142857142855,"[0.3333333333333333,1.0,0.42857142857142855]",0.332954113758321,1.0763365901293387,"[0.332954113758321,1.0763365901293387]","[0.9879615122118997,1.0231898085615454e-16,0.012038079523311755,4.082647885617564e-07]",0
148,MARINO BRZAC,0.25,0.9090909090909092,0.3333333333333333,"[0.25,0.9090909090909092,0.3333333333333333]",0.2856834639872932,0.9555625561043469,"[0.2856834639872932,0.9555625561043469]","[0.929488374708446,2.1869093652097555e-11,0.04244733239694578,0.02806429287273913]",0
149,Mario Bursac,0.125,1.0,0.7777777777777778,"[0.125,1.0,0.7777777777777778]",0.733476530602742,1.020633371858153,"[0.733476530602742,1.020633371858153]","[0.04627761353913996,0.9457260138946292,0.007996372566230786,9.276901400158698e-18]",1
150,Mario91,0.5,1.0,0.1111111111111111,"[0.5,1.0,0.1111111111111111]",-0.01868018077218271,1.1186039256293192,"[-0.01868018077218271,1.1186039256293192]","[0.2689496414905433,9.577439465643091e-17,4.1832935364881275e-05,0.7310085255740918]",3
151,Marjan Henigman,0.1,1.0,0.9090909090909092,"[0.1,1.0,0.9090909090909092]",0.854803074069745,1.0193358423204348,"[0.854803074069745,1.0193358423204348]","[0.03009981628616282,0.9626294127961733,0.007270770917663818,1.2996688684307858e-17]",1
152,Markisha,0.5,1.0,0.5,"[0.5,1.0,0.5]",0.2999868383306047,1.1420344916150365,"[0.2999868383306047,1.1420344916150365]","[0.9934879458606638,2.818574671287303e-16,0.0065120288818450575,2.5257490896886388e-08]",0
153,Marko Dundovic,0.16666666666666666,0.9166666666666666,0.15384615384615385,"[0.16666666666666666,0.9166666666666666,0.15384615384615385]",0.18560358139514319,0.9210795156691224,"[0.18560358139514319,0.9210795156691224]","[0.4791541515819384,6.416910289791307e-17,0.02843263065396172,0.49241321776409974]",3
154,Marko Kralj,0.5,1.0,0.4,"[0.5,1.0,0.4]",0.2180438905613165,1.1360094889329948,"[0.2180438905613165,1.1360094889329948]","[0.9973485598290539,2.574908888562481e-16,0.0026060749341089966,4.536523683690924e-05]",0
155,Marko L,0.3333333333333333,0.9090909090909092,0.0,"[0.3333333333333333,0.9090909090909092,0.0]",-0.033208671446557037,0.9661763779015661,"[-0.033208671446557037,0.9661763779015661]","[0.8999871052811076,6.688623864554593e-11,0.0031366343545664935,0.09687626029743966]",0
156,marko maticic,0.3333333333333333,0.6666666666666666,0.5,"[0.3333333333333333,0.6666666666666666,0.5]",0.33656280516921677,0.7713979988800935,"[0.33656280516921677,0.7713979988800935]","[0.04312667045060441,1.3791037880852329e-16,0.4365636544928286,0.5203096750565669]",3
157,Ma��a,0.125,1.0,0.8,"[0.125,1.0,0.8]",0.7516860745514727,1.0219722613430513,"[0.7516860745514727,1.0219722613430513]","[0.044440386944697305,0.9474040564392362,0.00815555661606652,9.954746574505736e-18]",1
158,masa sarusic,0.1111111111111111,0.9090909090909092,0.75,"[0.1111111111111111,0.9090909090909092,0.75]",0.7033607066974767,0.9295047938283684,"[0.7033607066974767,0.9295047938283684]","[0.7932548758080834,1.535784040785882e-16,0.20674512419191635,2.0343437559466143e-16]",0
159,Mate Vitaljic,0.125,0.7777777777777778,0.8,"[0.125,0.7777777777777778,0.8]",0.7150714175066946,0.8158108182806775,"[0.7150714175066946,0.8158108182806775]","[0.3993166720787501,5.352790536849937e-16,0.6006833277427133,1.7853612699535996e-10]",2
160,Matija Osterc,0.25,0.9166666666666666,0.2307692307692308,"[0.25,0.9166666666666666,0.2307692307692308]",0.20288764193785985,0.9564112971875378,"[0.20288764193785985,0.9564112971875378]","[0.7075490154412988,1.425620793740597e-11,0.01933000174583921,0.2731209827986058]",0
161,Matija Turkalj,0.2,0.9,0.0,"[0.2,0.9,0.0]",0.038491818144416365,0.9086270381722723,"[0.038491818144416365,0.9086270381722723]","[0.8357859948574603,2.3480304993556928e-16,0.029857458358625525,0.13435654678391393]",0
162,Matjazzavrl,0.25,0.8571428571428571,0.375,"[0.25,0.8571428571428571,0.375]",0.3112670884131632,0.9098793897960279,"[0.3112670884131632,0.9098793897960279]","[0.8011967938316172,9.766052620714963e-17,0.11416398693330129,0.08463921923508158]",0
163,Mauro,0.25,0.75,0.0,"[0.25,0.75,0.0]",-0.013672461082542692,0.7878863625475846,"[-0.013672461082542692,0.7878863625475846]","[0.23888985874557467,1.7839070189926124e-15,0.7611030793895178,7.061864905674538e-06]",2
164,MedoPiki,0.2,1.0,0.0,"[0.2,1.0,0.0]",0.05496841381456653,1.0013996875503404,"[0.05496841381456653,1.0013996875503404]","[0.48960592357483657,4.972927818918654e-06,0.0015105353714668023,0.5088785681258777]",3
165,melina lako��,1.0,1.0,0.0,"[1.0,1.0,0.0]",-0.38422175773317424,1.296092462628975,"[-0.38422175773317424,1.296092462628975]","[0.004574409662492775,2.1072265831548973e-15,1.538492213234843e-10,0.995425590183656]",3
166,mihaelas,0.5,1.0,0.1111111111111111,"[0.5,1.0,0.1111111111111111]",-0.01868018077218271,1.1186039256293192,"[-0.01868018077218271,1.1186039256293192]","[0.2689496414905433,9.577439465643091e-17,4.1832935364881275e-05,0.7310085255740918]",3
167,Miho,0.14285714285714285,0.8,0.3636363636363637,"[0.14285714285714285,0.8,0.3636363636363637]",0.35136030453807493,0.8167140055219853,"[0.35136030453807493,0.8167140055219853]","[0.18650731322431405,1.457753322016099e-16,0.39724784998289525,0.41624483679279045]",3
168,Milan Kura��,0.3333333333333333,0.9166666666666666,0.07692307692307693,"[0.3333333333333333,0.9166666666666666,0.07692307692307693]",0.031072592243757566,0.9778392263627803,"[0.031072592243757566,0.9778392263627803]","[0.6010332444071715,4.6416117571530754e-08,0.002670287005902723,0.3962964221708081]",0
169,Mirela,0.2,0.8333333333333334,0.2307692307692308,"[0.2,0.8333333333333334,0.2307692307692308]",0.21660653126780188,0.8606824575967331,"[0.21660653126780188,0.8606824575967331]","[0.285749816476016,9.906130799976216e-17,0.11421237286730979,0.600037810656674]",3
170,Mirjana Pu��karski,0.14285714285714285,1.0,0.875,"[0.14285714285714285,1.0,0.875]",0.8033399333349625,1.0330689770840162,"[0.8033399333349625,1.0330689770840162]","[0.1357673780421573,0.8343194696524587,0.029913152305384036,4.523600494128772e-17]",1
171,Mirkomatic,0.16666666666666666,0.9166666666666666,0.2307692307692308,"[0.16666666666666666,0.9166666666666666,0.2307692307692308]",0.24863661814074953,0.9257141331168467,"[0.24863661814074953,0.9257141331168467]","[0.7053328990027498,7.715796822966692e-17,0.05170285236740203,0.2429642486298479]",0
172,miroc,1.0,0.8,0.16666666666666666,"[1.0,0.8,0.16666666666666666]",-0.28060336945799425,1.1205888350095743,"[-0.28060336945799425,1.1205888350095743]","[0.9732803186583393,1.797698143701473e-15,3.101588518342979e-06,0.026716579753140547]",0
173,Mi��o,0.3333333333333333,1.0,0.75,"[0.3333333333333333,1.0,0.75]",0.5963421601596044,1.0957026701787582,"[0.5963421601596044,1.0957026701787582]","[0.9143132460480387,2.117095442202859e-16,0.0856867539519609,2.1171004484539114e-16]",0
174,MojcaDamijan,0.1111111111111111,1.0,0.6153846153846154,"[0.1111111111111111,1.0,0.6153846153846154]",0.6080316157291659,1.005732985456731,"[0.6080316157291659,1.005732985456731]","[0.18452770380688666,0.7946055546022861,0.02086674159082718,4.78007785112822e-17]",1
175,Nata��a,0.16666666666666669,1.0,0.7142857142857143,"[0.16666666666666669,1.0,0.7142857142857143]",0.6585747740763523,1.032156555365218,"[0.6585747740763523,1.032156555365218]","[0.3949553780912875,0.5545840252028161,0.050460596705896234,5.823666481384022e-17]",1
176,Nejc Kodric,0.25,1.0,0.15384615384615385,"[0.25,1.0,0.15384615384615385]",0.15358510158404534,1.0290872208882038,"[0.15358510158404534,1.0290872208882038]","[0.8348645442913051,1.4277952130298787e-06,0.0036262790772026263,0.1615077488362792]",0
177,Nejc Likar,0.5,1.0,0.25,"[0.5,1.0,0.25]",0.09512946890738422,1.1269719849099324,"[0.09512946890738422,1.1269719849099324]","[0.909583129126377,2.4856339257131773e-16,0.0005662637696520998,0.08985060710397062]",0
178,nenad,0.14285714285714285,1.0,0.8571428571428571,"[0.14285714285714285,1.0,0.8571428571428571]",0.7887072640904467,1.0319930837479374,"[0.7887072640904467,1.0319930837479374]","[0.12333258315206429,0.850794125668525,0.025873291179410812,3.7056303425271915e-17]",1
179,NenadS,0.19999999999999998,1.0,0.25,"[0.19999999999999998,1.0,0.25]",0.25982578323778704,1.0164621942554444,"[0.25982578323778704,1.0164621942554444]","[0.9798788326852478,0.0032069438193290663,0.012736604164166554,0.00417761933125668]",0
180,Neven,0.1,0.9166666666666666,0.6923076923076923,"[0.1,0.9166666666666666,0.6923076923076923]",0.6634340195766989,0.9289641065466396,"[0.6634340195766989,0.9289641065466396]","[0.7990062347375927,1.3113485709254238e-16,0.2009937652623975,9.599951274112197e-15]",0
181,Niko Vukusic,0.1111111111111111,1.0,0.75,"[0.1111111111111111,1.0,0.75]",0.7183394300339769,1.0138435659902485,"[0.7183394300339769,1.0138435659902485]","[0.04942958178996987,0.9424028570281039,0.008167561181926316,8.821818491073267e-18]",1
182,niko.mihovilovic,0.0909090909090909,0.9090909090909092,0.4166666666666667,"[0.0909090909090909,0.9090909090909092,0.4166666666666667]",0.4413082083641864,0.9019797148104864,"[0.4413082083641864,0.9019797148104864]","[0.794590328022466,1.0526117531920701e-16,0.20516753030682544,0.0002421416707083702]",0
183,Nikola Bar��ic,0.5,0.0,0.0,"[0.5,0.0,0.0]",-0.274493857217338,0.1841829844241465,"[-0.274493857217338,0.1841829844241465]","[1.0078007131566689e-14,1.0078007006712055e-14,0.9999999999999698,1.0078007006712055e-14]",2
184,Nikoleta,0.14285714285714285,1.0,0.7,"[0.14285714285714285,1.0,0.7]",0.6599397747387081,1.0225252223904433,"[0.6599397747387081,1.0225252223904433]","[0.10165443220736312,0.8850398642988322,0.013305703493804649,1.4220627692646428e-17]",1
185,nikonikokaoja,0.25,0.6666666666666666,0.25,"[0.25,0.6666666666666666,0.25]",0.17745441194888595,0.7256383281042984,"[0.17745441194888595,0.7256383281042984]","[0.013384288468238536,3.850994178761034e-16,0.9826541234398638,0.003961588091897395]",2
186,Oaky,0.14285714285714288,1.0,0.7777777777777778,"[0.14285714285714288,1.0,0.7777777777777778]",0.7236731785592656,1.027211335587587,"[0.7236731785592656,1.027211335587587]","[0.09596944779610342,0.8880214942285162,0.016009057975380266,1.896964417275077e-17]",1
187,Ojiga,0.3333333333333333,1.0,0.75,"[0.3333333333333333,1.0,0.75]",0.5963421601596044,1.0957026701787582,"[0.5963421601596044,1.0957026701787582]","[0.9143132460480387,2.117095442202859e-16,0.0856867539519609,2.1171004484539114e-16]",0
188,Pavle,0.09090909090909093,1.0,0.8461538461538461,"[0.09090909090909093,1.0,0.8461538461538461]",0.8082213868636551,1.012195101055494,"[0.8082213868636551,1.012195101055494]","[0.044753051519270864,0.9456879763210704,0.009558972159658835,1.348270483275295e-17]",1
189,pedro,1.0,1.0,0.2,"[1.0,1.0,0.2]",-0.22033586219459786,1.3081424679930582,"[-0.22033586219459786,1.3081424679930582]","[0.0014411945754658196,3.37375071823409e-16,1.6205412650077337e-09,0.9985588038039926]",3
190,peri,0.08333333333333333,0.75,0.7692307692307693,"[0.08333333333333333,0.75,0.7692307692307693]",0.7081558587792997,0.7728382088834455,"[0.7081558587792997,0.7728382088834455]","[0.1939168499949596,8.516516224647696e-16,0.8060830899478585,6.005718103690577e-08]",2
191,Pero,0.3333333333333333,1.0,0.1111111111111111,"[0.3333333333333333,1.0,0.1111111111111111]",0.07281777163359664,1.057209597487937,"[0.07281777163359664,1.057209597487937]","[0.5570522687572417,3.1512064051262974e-16,0.0006725021991957692,0.44227522904356237]",0
192,Petar,0.14285714285714285,1.0,0.4166666666666667,"[0.14285714285714285,1.0,0.4166666666666667]",0.4277680893923917,1.0054543814579922,"[0.4277680893923917,1.0054543814579922]","[0.7027405896053076,0.2645265363816208,0.03273282265918312,5.135388844854351e-08]",0
193,PeterKogej,0.25,0.8,0.18181818181818185,"[0.25,0.8,0.18181818181818185]",0.1435530145148746,0.8452272375676034,"[0.1435530145148746,0.8452272375676034]","[0.42750958346764706,2.685714102660773e-16,0.2239277274488101,0.34856268908354254]",0
194,PetraP,0.16666666666666669,1.0,0.6,"[0.16666666666666669,1.0,0.6]",0.5649256909114515,1.0252708380143136,"[0.5649256909114515,1.0252708380143136]","[0.40587598463662594,0.5601736451470333,0.033950370216339766,1.0294506685444095e-15]",1
195,Pina,0.08333333333333333,1.0,0.9230769230769232,"[0.08333333333333333,1.0,0.9230769230769232]",0.8754134214458879,1.0140390672240647,"[0.8754134214458879,1.0140390672240647]","[0.041642753641838996,0.9480584048244552,0.010298841533705786,2.0286155604022824e-17]",1
196,Pino,0.3333333333333333,1.0,0.2222222222222222,"[0.3333333333333333,1.0,0.2222222222222222]",0.16386549137725018,1.0639040449124275,"[0.16386549137725018,1.0639040449124275]","[0.95529080034846,2.5384203047313923e-16,0.0026786613592217528,0.042030538292318086]",0
197,Pirko,0.25,1.0,0.16666666666666666,"[0.25,1.0,0.16666666666666666]",0.16409060770831305,1.0298596571294911,"[0.16409060770831305,1.0298596571294911]","[0.8762885818558113,1.7028793345947504e-06,0.004130734803945317,0.11957898046090895]",0
198,Pjerino,0.16666666666666666,1.0,1.0,"[0.16666666666666666,1.0,1.0]",0.8926974819886043,1.04937084874248,"[0.8926974819886043,1.04937084874248]","[0.7310716815538176,0.041112820334452425,0.22781549811172944,5.440747133679548e-16]",0
199,Pjero,0.125,1.0,0.5555555555555556,"[0.125,1.0,0.5555555555555556]",0.551381091115435,1.0072444770091717,"[0.551381091115435,1.0072444770091717]","[0.2544745583828429,0.7232876580098127,0.022237783607305477,3.912522203801366e-14]",1
200,Plavac_mali,0.125,1.0,0.6666666666666666,"[0.125,1.0,0.6666666666666666]",0.6424288108590884,1.0139389244336625,"[0.6424288108590884,1.0139389244336625]","[0.08358009368894183,0.9059621875005387,0.010457718810519493,1.0432119670368813e-17]",1
201,plombar,0.14285714285714282,0.75,0.5384615384615384,"[0.14285714285714282,0.75,0.5384615384615384]",0.48637890839755954,0.7808609023050519,"[0.48637890839755954,0.7808609023050519]","[0.13291657413261254,2.8700218155945946e-16,0.8252370915527844,0.04184633431460283]",2
202,Pokmon,0.14285714285714285,1.0,0.5833333333333334,"[0.14285714285714285,1.0,0.5833333333333334]",0.564339669007872,1.015496052594728,"[0.564339669007872,1.015496052594728]","[0.19055988626936637,0.7926699367199579,0.016770177010673733,1.9802274546653915e-15]",1
203,Pokret Otoka,0.25,1.0,0.5714285714285714,"[0.25,1.0,0.5714285714285714]",0.49576444391733665,1.0542465727472785,"[0.49576444391733665,1.0542465727472785]","[0.9535327111408749,8.419896266248904e-07,0.04646644686925947,2.3895396199201884e-13]",0
204,Polona,0.1111111111111111,0.9166666666666666,0.4615384615384616,"[0.1111111111111111,0.9166666666666666,0.4615384615384616]",0.4682350458461616,0.9191532094128922,"[0.4682350458461616,0.9191532094128922]","[0.83486514945189,9.135844370649404e-17,0.16512605940857478,8.791139535050938e-06]",0
205,Primosius,0.3333333333333333,1.0,0.0,"[0.3333333333333333,1.0,0.0]",-0.018229948110056904,1.0505151500634462,"[-0.018229948110056904,1.0505151500634462]","[0.41959520032722497,3.202223820680568e-16,0.0002103511061610742,0.5801944485666136]",3
206,RadoL,0.14285714285714285,1.0,0.5,"[0.14285714285714285,1.0,0.5]",0.49605387920013183,1.0104752170263602,"[0.49605387920013183,1.0104752170263602]","[0.3860712429336409,0.5889580929452167,0.024970664100700736,2.0441617517751502e-11]",1
207,Ramo,0.09090909090909093,0.8333333333333334,0.8461538461538461,"[0.09090909090909093,0.8333333333333334,0.8461538461538461]",0.7807603940800715,0.8575740187587136,"[0.7807603940800715,0.8575740187587136]","[0.6214389728260457,4.542739132196791e-16,0.3785610271739533,6.302669555094572e-16]",0
208,Rebeka,0.125,1.0,0.0,"[0.125,1.0,0.0]",0.09614249239716724,0.9737722398867185,"[0.09614249239716724,0.9737722398867185]","[0.501759913206166,4.551551064491616e-08,0.004236653570589242,0.494003387707734]",0
209,RobiF,0.25,1.0,0.75,"[0.25,1.0,0.75]",0.6420911363624942,1.0650055061080672,"[0.6420911363624942,1.0650055061080672]","[0.8950546539465993,2.8572487186893835e-08,0.10494531748091329,1.6569970454199038e-16]",0
210,rocco337,0.5,1.0,0.2222222222222222,"[0.5,1.0,0.2222222222222222]",0.07236753897147083,1.1252983730538098,"[0.07236753897147083,1.1252983730538098]","[0.7953994061871602,2.254704835017138e-16,0.00037692784103588307,0.20422366597180366]",0
211,Rok321,0.3333333333333333,1.0,0.75,"[0.3333333333333333,1.0,0.75]",0.5963421601596044,1.0957026701787582,"[0.5963421601596044,1.0957026701787582]","[0.9143132460480387,2.117095442202859e-16,0.0856867539519609,2.1171004484539114e-16]",0
212,Roki,0.16666666666666666,0.9166666666666666,0.2307692307692308,"[0.16666666666666666,0.9166666666666666,0.2307692307692308]",0.24863661814074953,0.9257141331168467,"[0.24863661814074953,0.9257141331168467]","[0.7053328990027498,7.715796822966692e-17,0.05170285236740203,0.2429642486298479]",0
213,rokian,0.3333333333333333,1.0,0.5,"[0.3333333333333333,1.0,0.5]",0.39148479073638404,1.0806401634736542,"[0.39148479073638404,1.0806401634736542]","[0.9806982981046675,1.0781368185365023e-16,0.01930170076922449,1.1261078858135668e-09]",0
214,Romana,0.2,0.75,0.3333333333333333,"[0.2,0.75,0.3333333333333333]",0.2869200838701517,0.789551406378642,"[0.2869200838701517,0.789551406378642]","[0.07315074682535153,1.416268223223371e-16,0.38078507151639,0.5460641816582582]",3
215,ruzica kovacevic,0.125,1.0,0.5,"[0.125,1.0,0.5]",0.5058572312436082,1.0038972532969264,"[0.5058572312436082,1.0038972532969264]","[0.4567066670427513,0.5103889415375591,0.03290439140110215,1.8587350887610576e-11]",1
216,Sailman,0.125,1.0,0.6666666666666666,"[0.125,1.0,0.6666666666666666]",0.6424288108590884,1.0139389244336625,"[0.6424288108590884,1.0139389244336625]","[0.08358009368894183,0.9059621875005387,0.010457718810519493,1.0432119670368813e-17]",1
217,Salieri,0.19999999999999998,1.0,0.0,"[0.19999999999999998,1.0,0.0]",0.05496841381456655,1.0013996875503404,"[0.05496841381456655,1.0013996875503404]","[0.48960592357483657,4.972927818918654e-06,0.0015105353714668023,0.5088785681258777]",3
218,Sandi,0.19999999999999998,1.0,0.6666666666666666,"[0.19999999999999998,1.0,0.6666666666666666]",0.6012547322764877,1.0415663720972843,"[0.6012547322764877,1.0415663720972843]","[0.8984465942613459,0.016095023920645837,0.08545838181800815,1.1310498793306323e-16]",0
219,sawyer,0.25,1.0,0.2307692307692308,"[0.25,1.0,0.2307692307692308]",0.21661813832965168,1.0337218383359281,"[0.21661813832965168,1.0337218383359281]","[0.9784834528408609,3.129133870500294e-06,0.006894031438029251,0.01461938658723942]",0
220,shrike,0.19999999999999998,1.0,0.8333333333333334,"[0.19999999999999998,1.0,0.8333333333333334]",0.7378263118919681,1.0516080432340202,"[0.7378263118919681,1.0516080432340202]","[0.8438097199530514,0.0018623643061150177,0.15432791574083327,2.2153818926250415e-16]",0
221,Silvestar Tokic,0.2,1.0,0.38461538461538464,"[0.2,1.0,0.38461538461538464]",0.370133597542598,1.024572774788962,"[0.370133597542598,1.024572774788962]","[0.9588772684887686,0.016057375021015147,0.025063782593004864,1.5738972112711404e-06]",0
222,��imun Zamberlin,0.08333333333333333,0.9166666666666666,0.8461538461538461,"[0.08333333333333333,0.9166666666666666,0.8461538461538461]",0.7986498883084896,0.93209390862795,"[0.7986498883084896,0.93209390862795]","[0.7898968395262612,2.4623430221788004e-16,0.21010316047373817,2.4623433095107484e-16]",0
223,��katja,0.3333333333333333,0.8333333333333334,0.2857142857142857,"[0.3333333333333333,0.8333333333333334,0.2857142857142857]",0.18843176701861145,0.9131083611439276,"[0.18843176701861145,0.9131083611439276]","[0.4532144743222648,6.698166985246763e-17,0.03391015429657549,0.5128753713811596]",3
224,slipke,1.0,1.0,0.0,"[1.0,1.0,0.0]",-0.38422175773317424,1.296092462628975,"[-0.38422175773317424,1.296092462628975]","[0.004574409662492775,2.1072265831548973e-15,1.538492213234843e-10,0.995425590183656]",3
225,splicho,0.5,1.0,0.25,"[0.5,1.0,0.25]",0.09512946890738422,1.1269719849099324,"[0.09512946890738422,1.1269719849099324]","[0.909583129126377,2.4856339257131773e-16,0.0005662637696520998,0.08985060710397062]",0
226,staneb,0.1111111111111111,1.0,0.75,"[0.1111111111111111,1.0,0.75]",0.7183394300339769,1.0138435659902485,"[0.7183394300339769,1.0138435659902485]","[0.04942958178996987,0.9424028570281039,0.008167561181926316,8.821818491073267e-18]",1
227,Stanojevic,0.33333333333333337,1.0,0.0,"[0.33333333333333337,1.0,0.0]",-0.01822994811005693,1.0505151500634462,"[-0.01822994811005693,1.0505151500634462]","[0.419595200327225,3.202223820680551e-16,0.00021035110616107424,0.5801944485666135]",3
228,stipica,0.14285714285714282,0.3333333333333333,0.38461538461538464,"[0.14285714285714282,0.3333333333333333,0.38461538461538464]",0.2916603529473879,0.3850389616676525,"[0.2916603529473879,0.3850389616676525]","[2.499184380602113e-11,3.37105374672679e-15,0.999999999974965,3.9556707695078423e-14]",2
229,TAMARA L.,0.08333333333333333,0.9166666666666666,0.8461538461538461,"[0.08333333333333333,0.9166666666666666,0.8461538461538461]",0.7986498883084896,0.93209390862795,"[0.7986498883084896,0.93209390862795]","[0.7898968395262612,2.4623430221788004e-16,0.21010316047373817,2.4623433095107484e-16]",0
230,tasa,0.25,1.0,0.5714285714285714,"[0.25,1.0,0.5714285714285714]",0.49576444391733665,1.0542465727472785,"[0.49576444391733665,1.0542465727472785]","[0.9535327111408749,8.419896266248904e-07,0.04646644686925947,2.3895396199201884e-13]",0
231,Tatjana,0.5,0.6666666666666666,0.5,"[0.5,0.6666666666666666,0.5]",0.24506485276343742,0.8327923270214757,"[0.24506485276343742,0.8327923270214757]","[0.18872716240746995,1.1707950221807508e-16,0.2033072836021779,0.6079655539903521]",3
232,tibor,0.25,1.0,0.16666666666666666,"[0.25,1.0,0.16666666666666666]",0.16409060770831305,1.0298596571294911,"[0.16409060770831305,1.0298596571294911]","[0.8762885818558113,1.7028793345947504e-06,0.004130734803945317,0.11957898046090895]",0
233,Tina Kiler,0.16666666666666666,1.0,0.4615384615384616,"[0.16666666666666666,1.0,0.4615384615384616]",0.45146622476936027,1.0169285266084098,"[0.45146622476936027,1.0169285266084098]","[0.6470157169311943,0.3222056748996445,0.030778606588745174,1.5804159311648147e-09]",0
234,Tja��a,0.1111111111111111,1.0,0.6666666666666666,"[0.1111111111111111,1.0,0.6666666666666666]",0.6500536402262367,1.0088227304218806,"[0.6500536402262367,1.0088227304218806]","[0.10303121433786208,0.8834223013818916,0.013546484280246315,1.3028956313387287e-17]",1
235,Tojo,0.3333333333333333,1.0,0.25,"[0.3333333333333333,1.0,0.25]",0.18662742131316357,1.0655776567685502,"[0.18662742131316357,1.0655776567685502]","[0.9820710089363187,2.0977053864189505e-16,0.003380401227129615,0.014548589836551471]",0
236,tomaz1961,0.1111111111111111,0.8181818181818182,0.6666666666666666,"[0.1111111111111111,0.8181818181818182,0.6666666666666666]",0.6200961935532364,0.8401451860981203,"[0.6200961935532364,0.8401451860981203]","[0.4809799529907578,2.6415572607241974e-16,0.5190199562825218,9.072671997008783e-08]",2
237,tomba,0.2,0.875,0.5555555555555556,"[0.2,0.875,0.5555555555555556]",0.48961126794514653,0.9189061129502085,"[0.48961126794514653,0.9189061129502085]","[0.8262954520745905,9.327243929830321e-17,0.17370283726180843,1.7106636008283604e-06]",0
238,Tome,0.19999999999999998,0.8333333333333334,0.7142857142857143,"[0.19999999999999998,0.8333333333333334,0.7142857142857143]",0.6128141908116128,0.8898143386967144,"[0.6128141908116128,0.8898143386967144]","[0.7049604374051681,1.5256504022720603e-16,0.29503956202571335,5.69118425624742e-10]",0
239,Tomica,0.14285714285714285,1.0,1.0,"[0.14285714285714285,1.0,1.0]",0.9057686180465727,1.0406002304365682,"[0.9057686180465727,1.0406002304365682]","[0.3394274322650898,0.5578867994315861,0.10268576830332368,2.5631342163899007e-16]",1
240,Tomislav Cipcic,0.3333333333333333,1.0,0.25,"[0.3333333333333333,1.0,0.25]",0.18662742131316357,1.0655776567685502,"[0.18662742131316357,1.0655776567685502]","[0.9820710089363187,2.0977053864189505e-16,0.003380401227129615,0.014548589836551471]",0
241,TonCa,0.16666666666666666,1.0,0.3076923076923077,"[0.16666666666666666,1.0,0.3076923076923077]",0.3254001512781476,1.0076592917129612,"[0.3254001512781476,1.0076592917129612]","[0.9359596451539993,0.041623729650026246,0.02226621196322764,0.0001504132327469084]",0
242,toni88,0.25,1.0,0.25,"[0.25,1.0,0.25]",0.2323763975160532,1.0348804926978592,"[0.2323763975160532,1.0348804926978592]","[0.9856639395738668,3.49656942936618e-06,0.007816126854738507,0.0065164370019653245]",0
243,Tpk,0.16666666666666669,0.8333333333333334,0.7142857142857143,"[0.16666666666666669,0.8333333333333334,0.7142857142857143]",0.6311137812927687,0.8775354730684379,"[0.6311137812927687,0.8775354730684379]","[0.6585824212436889,1.8247359785604473e-16,0.3414175783534745,4.028364532851212e-10]",0
244,Trojan,0.1111111111111111,1.0,0.8888888888888888,"[0.1111111111111111,1.0,0.8888888888888888]",0.8321490797135438,1.022211625270862,"[0.8321490797135438,1.022211625270862]","[0.032082861226054055,0.960501175265735,0.0074159635082109935,1.20160280489113e-17]",1
245,Urle,0.3333333333333333,1.0,0.07692307692307693,"[0.3333333333333333,1.0,0.07692307692307693]",0.044803088635549396,1.0551497675111705,"[0.044803088635549396,1.0551497675111705]","[0.45269844240610346,2.9684693598959735e-16,0.0004186371621777667,0.5468829204317185]",3
246,Urosv,0.1111111111111111,1.0,0.75,"[0.1111111111111111,1.0,0.75]",0.7183394300339769,1.0138435659902485,"[0.7183394300339769,1.0138435659902485]","[0.04942958178996987,0.9424028570281039,0.008167561181926316,8.821818491073267e-18]",1
247,vanja123,0.33333333333333337,0.5,0.6,"[0.33333333333333337,0.5,0.6]",0.3910447601549213,0.6228019192653548,"[0.3910447601549213,0.6228019192653548]","[0.000171722182033384,3.9730476805054656e-16,0.9155388795140604,0.08428939830390575]",2
248,Vedran,0.1,1.0,0.5454545454545454,"[0.1,1.0,0.5454545454545454]",0.5568287185450606,0.9974267416584653,"[0.5568287185450606,0.9974267416584653]","[0.5929809580624552,0.3498125811553683,0.05720646078199954,1.77068624931775e-13]",0
249,Vedran_499,0.19999999999999998,0.5,0.42857142857142855,"[0.19999999999999998,0.5,0.42857142857142855]",0.3237694973321936,0.5633578807258921,"[0.3237694973321936,0.5633578807258921]","[5.07583586204125e-06,5.050083814269547e-16,0.9998680136874616,0.00012691047667592558]",2
250,vedrana,0.3333333333333333,0.3333333333333333,0.5,"[0.3333333333333333,0.3333333333333333,0.5]",0.28164081960204956,0.46215583428653284,"[0.28164081960204956,0.46215583428653284]","[5.98765219602837e-09,1.102224386089316e-15,0.999999993810335,2.0201167847998813e-10]",2
251,vibord,0.14285714285714282,0.9166666666666666,0.15384615384615385,"[0.14285714285714282,0.9166666666666666,0.15384615384615385]",0.19867471745311166,0.9123088973632106,"[0.19867471745311166,0.9123088973632106]","[0.4656269773249008,6.76829772278349e-17,0.037533262898894554,0.4968397597762046]",3
252,vid,0.16666666666666666,0.9,0.2727272727272727,"[0.16666666666666666,0.9,0.2727272727272727]",0.28027217526908543,0.9127799980404728,"[0.28027217526908543,0.9127799980404728]","[0.73483382030093,8.964219901442572e-17,0.08582989274083754,0.17933628695823234]",0
253,Vido,0.5,0.6666666666666666,0.5,"[0.5,0.6666666666666666,0.5]",0.24506485276343742,0.8327923270214757,"[0.24506485276343742,0.8327923270214757]","[0.18872716240746995,1.1707950221807508e-16,0.2033072836021779,0.6079655539903521]",3
254,Vido Repan��ek,0.3333333333333333,1.0,0.75,"[0.3333333333333333,1.0,0.75]",0.5963421601596044,1.0957026701787582,"[0.5963421601596044,1.0957026701787582]","[0.9143132460480387,2.117095442202859e-16,0.0856867539519609,2.1171004484539114e-16]",0
255,Viktor Vic,0.1,0.8,0.6363636363636364,"[0.1,0.8,0.6363636363636364]",0.5983691160859314,0.8173587180678213,"[0.5983691160859314,0.8173587180678213]","[0.34820377734362157,3.1083856114105234e-16,0.6517907483773113,5.474279066846649e-06]",2
256,vini,0.2,0.7777777777777778,0.1,"[0.2,0.7777777777777778,0.1]",0.10029670453907658,0.8012632471700084,"[0.10029670453907658,0.8012632471700084]","[0.2818976231736013,7.217136015203966e-16,0.6991090616669343,0.018993315159463734]",2
257,Vlado,0.09090909090909091,0.9,0.8181818181818182,"[0.09090909090909091,0.9,0.8181818181818182]",0.7688236869223752,0.9177371362418897,"[0.7688236869223752,0.9177371362418897]","[0.7696891953551853,2.2861563150218187e-16,0.23031080464481418,2.286519284269974e-16]",0
258,Vlajko,0.25,1.0,0.15384615384615385,"[0.25,1.0,0.15384615384615385]",0.15358510158404534,1.0290872208882038,"[0.15358510158404534,1.0290872208882038]","[0.8348645442913051,1.4277952130298787e-06,0.0036262790772026263,0.1615077488362792]",0
259,Vlasta Svetina,1.0,0.0,0.0,"[1.0,0.0,0.0]",-0.548987714434676,0.368365968848293,"[-0.548987714434676,0.368365968848293]","[3.3231300752176406e-14,2.7967938844206858e-14,0.9999999999999108,2.7967938844206858e-14]",2
260,wavemaker,0.16666666666666666,1.0,0.4166666666666667,"[0.16666666666666666,1.0,0.4166666666666667]",0.41469695333442325,1.014224999763904,"[0.41469695333442325,1.014224999763904]","[0.756337639121536,0.21405604513256996,0.029606241106785777,7.463910831227718e-08]",0
261,x,0.5,1.0,0.0,"[0.5,1.0,0.0]",-0.10972790051583625,1.1119094782048284,"[-0.10972790051583625,1.1119094782048284]","[0.2647635128439611,1.3496065377583109e-16,1.3037097172867625e-05,0.7352234500588659]",3
262,��anetic,0.5,1.0,0.07692307692307693,"[0.5,1.0,0.07692307692307693]",-0.04669486377022995,1.1165440956525527,"[-0.04669486377022995,1.1165440956525527]","[0.22173990247186134,8.695869673642835e-17,2.4303198227158484e-05,0.7782357943299114]",3
263,Zdenko,0.5,0.5,0.2,"[0.5,0.5,0.2]",-0.02822498332801074,0.6600962366785706,"[-0.02822498332801074,0.6600962366785706]","[0.00039136391647236305,8.313371868872815e-16,0.9996086360834402,8.65903794379432e-14]",2
264,Zdenko ��krlj,0.14285714285714282,0.5,0.38461538461538464,"[0.14285714285714282,0.5,0.38461538461538464]",0.3191213457309715,0.5396600439644329,"[0.3191213457309715,0.5396600439644329]","[1.2172311027092774e-06,5.998653279744821e-16,0.9999846122479744,1.4170520922229094e-05]",2
265,Zdravko,0.125,1.0,0.3076923076923077,"[0.125,1.0,0.3076923076923077]",0.34827463937959247,0.9923107096776157,"[0.34827463937959247,0.9923107096776157]","[0.9561271296318306,0.010834962005491113,0.0329338652214369,0.00010404314124131939]",0
266,��ivko Joncic,0.5,1.0,0.07692307692307693,"[0.5,1.0,0.07692307692307693]",-0.04669486377022995,1.1165440956525527,"[-0.04669486377022995,1.1165440956525527]","[0.22173990247186134,8.695869673642835e-17,2.4303198227158484e-05,0.7782357943299114]",3
267,zvjezdana,0.33333333333333337,1.0,0.4,"[0.33333333333333337,1.0,0.4]",0.30954184296709586,1.0746151607916126,"[0.30954184296709586,1.0746151607916126]","[0.9900798655639559,1.0404581912069784e-16,0.00991684715855662,3.2872774873454717e-06]",0
268,Zvonimir Matic,1.0,0.0,0.25,"[1.0,0.0,0.25]",-0.3441303450114555,0.383428475553397,"[-0.3441303450114555,0.383428475553397]","[7.409205587460822e-14,3.838145342821927e-15,0.9999999999999182,3.838145342821927e-15]",2
