,users,followingRatio,order,freq,catchingUpRatio,features,prediction
0,AB,0.3333333333333333,1.0,0.75,0.25,"[0.3333333333333333,1.0,0.75,0.25]",1
1,Albert,0.1,0.9166666666666666,0.7692307692307693,0.23076923076923078,"[0.1,0.9166666666666666,0.7692307692307693,0.23076923076923078]",1
2,Aleksander Valant,1.0,1.0,0.125,0.875,"[1.0,1.0,0.125,0.875]",3
3,alenka dornik,0.125,0.7272727272727273,0.4166666666666667,0.25,"[0.125,0.7272727272727273,0.4166666666666667,0.25]",2
4,Alenka Neudauer,0.0909090909090909,1.0,0.9166666666666666,0.08333333333333333,"[0.0909090909090909,1.0,0.9166666666666666,0.08333333333333333]",1
5,alesj,0.33333333333333337,0.75,0.6,0.4,"[0.33333333333333337,0.75,0.6,0.4]",2
6,alexhana,0.25,0.75,0.4,0.0,"[0.25,0.75,0.4,0.0]",4
7,alja,0.14285714285714285,1.0,0.875,0.125,"[0.14285714285714285,1.0,0.875,0.125]",1
8,Alja��,0.1,0.8,0.2727272727272727,0.0,"[0.1,0.8,0.2727272727272727,0.0]",0
9,amanita.amanita,0.2,0.3333333333333333,0.2307692307692308,0.07692307692307693,"[0.2,0.3333333333333333,0.2307692307692308,0.07692307692307693]",4
10,Ana Horvath,0.2,0.75,0.6,0.0,"[0.2,0.75,0.6,0.0]",1
11,Ana Stadler,0.5,1.0,0.25,0.0,"[0.5,1.0,0.25,0.0]",0
12,AnaPetar,1.0,1.0,0.25,0.75,"[1.0,1.0,0.25,0.75]",3
13,AnBn,0.14285714285714285,1.0,0.5,0.4166666666666667,"[0.14285714285714285,1.0,0.5,0.4166666666666667]",2
14,Ando Saina,0.09090909090909091,1.0,1.0,0.0,"[0.09090909090909091,1.0,1.0,0.0]",1
15,Andra�� ��unkar,0.11111111111111112,0.9,0.8181818181818182,0.0,"[0.11111111111111112,0.9,0.8181818181818182,0.0]",1
16,andrea vlastelica,0.14285714285714285,0.7272727272727273,0.5,0.4166666666666667,"[0.14285714285714285,0.7272727272727273,0.5,0.4166666666666667]",2
17,andrea zavorovic,0.3333333333333333,0.2857142857142857,0.125,0.0,"[0.3333333333333333,0.2857142857142857,0.125,0.0]",4
18,Andrej_A,0.3333333333333333,0.9,0.2727272727272727,0.7272727272727273,"[0.3333333333333333,0.9,0.2727272727272727,0.7272727272727273]",2
19,Andro Zuanic,0.5,0.6666666666666666,0.5,0.5,"[0.5,0.6666666666666666,0.5,0.5]",2
20,andrzej,0.3333333333333333,0.6666666666666666,0.5,0.25,"[0.3333333333333333,0.6666666666666666,0.5,0.25]",4
21,ane,1.0,1.0,0.125,0.875,"[1.0,1.0,0.125,0.875]",3
22,Anela,0.5,0.6666666666666666,0.25,0.5,"[0.5,0.6666666666666666,0.25,0.5]",2
23,Ankica,0.5,1.0,0.09090909090909093,0.45454545454545453,"[0.5,1.0,0.09090909090909093,0.45454545454545453]",2
24,Annie,0.07692307692307693,1.0,1.0,0.0,"[0.07692307692307693,1.0,1.0,0.0]",1
25,ante vrataric,0.3333333333333333,1.0,0.3333333333333333,0.16666666666666666,"[0.3333333333333333,1.0,0.3333333333333333,0.16666666666666666]",0
26,anton jane��,0.2,1.0,0.3636363636363637,0.0,"[0.2,1.0,0.3636363636363637,0.0]",0
27,Anze-G,1.0,1.0,0.25,0.75,"[1.0,1.0,0.25,0.75]",3
28,Anzze99,0.16666666666666666,0.875,0.6666666666666666,0.3333333333333333,"[0.16666666666666666,0.875,0.6666666666666666,0.3333333333333333]",1
29,Apsirtgirl,0.19999999999999998,1.0,0.7142857142857143,0.2857142857142857,"[0.19999999999999998,1.0,0.7142857142857143,0.2857142857142857]",1
30,benjamin,1.0,1.0,0.16666666666666666,0.8333333333333334,"[1.0,1.0,0.16666666666666666,0.8333333333333334]",3
31,blaz02,1.0,1.0,0.16666666666666666,0.8333333333333334,"[1.0,1.0,0.16666666666666666,0.8333333333333334]",3
32,Bojan1825,0.125,1.0,0.6666666666666666,0.3333333333333333,"[0.125,1.0,0.6666666666666666,0.3333333333333333]",1
33,BORIS MREVLJE,0.5,1.0,0.0,0.0,"[0.5,1.0,0.0,0.0]",0
34,Bo��tjan M.,0.16666666666666669,1.0,0.7142857142857143,0.0,"[0.16666666666666669,1.0,0.7142857142857143,0.0]",1
35,BostjanH,0.25,0.9166666666666666,0.0,0.0,"[0.25,0.9166666666666666,0.0,0.0]",0
36,Bo��tjanK,0.08333333333333333,1.0,0.6153846153846154,0.0,"[0.08333333333333333,1.0,0.6153846153846154,0.0]",1
37,Branklo,0.3333333333333333,1.0,0.75,0.25,"[0.3333333333333333,1.0,0.75,0.25]",1
38,BrunoB,0.14285714285714288,0.875,0.6666666666666666,0.2222222222222222,"[0.14285714285714288,0.875,0.6666666666666666,0.2222222222222222]",1
39,Buda,0.5,0.4,0.3333333333333333,0.6666666666666666,"[0.5,0.4,0.3333333333333333,0.6666666666666666]",4
40,Buki,0.1,1.0,0.8,0.0,"[0.1,1.0,0.8,0.0]",1
41,chibu79,0.0909090909090909,1.0,0.9166666666666666,0.08333333333333333,"[0.0909090909090909,1.0,0.9166666666666666,0.08333333333333333]",1
42,Cromiza,0.25,0.8,0.2727272727272727,0.2727272727272727,"[0.25,0.8,0.2727272727272727,0.2727272727272727]",2
43,cvjetko,0.1111111111111111,1.0,0.6666666666666666,0.25,"[0.1111111111111111,1.0,0.6666666666666666,0.25]",1
44,Dalka,0.14285714285714285,0.5714285714285714,0.5,0.0,"[0.14285714285714285,0.5714285714285714,0.5,0.0]",4
45,Damir Mulalic,0.25,1.0,0.16666666666666666,0.25,"[0.25,1.0,0.16666666666666666,0.25]",0
46,damir.juretic,0.09090909090909091,1.0,1.0,0.0,"[0.09090909090909091,1.0,1.0,0.0]",1
47,Danilo4783,0.3333333333333333,1.0,0.09090909090909093,0.2727272727272727,"[0.3333333333333333,1.0,0.09090909090909093,0.2727272727272727]",0
48,Dario,0.3333333333333333,1.0,0.2222222222222222,0.1111111111111111,"[0.3333333333333333,1.0,0.2222222222222222,0.1111111111111111]",0
49,DarioR,0.3333333333333333,1.0,0.14285714285714285,0.14285714285714285,"[0.3333333333333333,1.0,0.14285714285714285,0.14285714285714285]",0
50,Darko Babic,0.1,1.0,0.6923076923076923,0.15384615384615385,"[0.1,1.0,0.6923076923076923,0.15384615384615385]",1
51,Dejan Adamic,0.1,0.5833333333333334,0.6153846153846154,0.15384615384615385,"[0.1,0.5833333333333334,0.6153846153846154,0.15384615384615385]",4
52,DejanJ,0.08333333333333333,0.9166666666666666,0.8461538461538461,0.07692307692307693,"[0.08333333333333333,0.9166666666666666,0.8461538461538461,0.07692307692307693]",1
53,delimir,0.3333333333333333,0.8,0.0,0.0,"[0.3333333333333333,0.8,0.0,0.0]",0
54,demirel,1.0,0.6666666666666666,0.25,0.75,"[1.0,0.6666666666666666,0.25,0.75]",3
55,Deni Oreb,1.0,1.0,0.09090909090909093,0.9090909090909091,"[1.0,1.0,0.09090909090909093,0.9090909090909091]",3
56,Dimen,0.33333333333333337,0.75,0.4,0.2,"[0.33333333333333337,0.75,0.4,0.2]",4
57,dkervina,0.25,1.0,0.5,0.5,"[0.25,1.0,0.5,0.5]",2
58,dmeic,0.2,0.8333333333333334,0.3076923076923077,0.46153846153846156,"[0.2,0.8333333333333334,0.3076923076923077,0.46153846153846156]",2
59,Domen S,0.08333333333333333,1.0,0.9166666666666666,0.0,"[0.08333333333333333,1.0,0.9166666666666666,0.0]",1
60,Dorsi,0.25,1.0,0.4,0.6,"[0.25,1.0,0.4,0.6]",2
61,dragana,0.3333333333333333,0.5,0.42857142857142855,0.5714285714285714,"[0.3333333333333333,0.5,0.42857142857142855,0.5714285714285714]",2
62,Dra��en,0.16666666666666666,0.875,0.5555555555555556,0.0,"[0.16666666666666666,0.875,0.5555555555555556,0.0]",1
63,Dra��en Kralj,0.3333333333333333,0.9090909090909092,0.0,0.0,"[0.3333333333333333,0.9090909090909092,0.0,0.0]",0
64,drejc,0.125,0.7,0.18181818181818185,0.09090909090909091,"[0.125,0.7,0.18181818181818185,0.09090909090909091]",4
65,Du��i,0.3333333333333333,1.0,0.125,0.0,"[0.3333333333333333,1.0,0.125,0.0]",0
66,Edvard,0.125,1.0,0.7777777777777778,0.1111111111111111,"[0.125,1.0,0.7777777777777778,0.1111111111111111]",1
67,Efa i Neno,0.125,0.75,0.38461538461538464,0.38461538461538464,"[0.125,0.75,0.38461538461538464,0.38461538461538464]",2
68,Elena Nikolovska,0.5,1.0,0.125,0.5,"[0.5,1.0,0.125,0.5]",2
69,Ferijan Perkovic,0.16666666666666666,0.875,0.5555555555555556,0.3333333333333333,"[0.16666666666666666,0.875,0.5555555555555556,0.3333333333333333]",2
70,filip mestrovic,0.19999999999999998,1.0,0.7142857142857143,0.2857142857142857,"[0.19999999999999998,1.0,0.7142857142857143,0.2857142857142857]",1
71,Gasper,0.25,0.6666666666666666,0.42857142857142855,0.14285714285714285,"[0.25,0.6666666666666666,0.42857142857142855,0.14285714285714285]",4
72,gcampa,0.125,1.0,0.4166666666666667,0.25,"[0.125,1.0,0.4166666666666667,0.25]",2
73,GITA MARINKOVIC,1.0,0.6666666666666666,0.25,0.75,"[1.0,0.6666666666666666,0.25,0.75]",3
74,Goran Cacic,0.16666666666666666,1.0,0.08333333333333333,0.16666666666666666,"[0.16666666666666666,1.0,0.08333333333333333,0.16666666666666666]",0
75,Goran ��urica,0.16666666666666666,0.9166666666666666,0.3076923076923077,0.0,"[0.16666666666666666,0.9166666666666666,0.3076923076923077,0.0]",0
76,Gordan,0.25,0.9166666666666666,0.07692307692307693,0.0,"[0.25,0.9166666666666666,0.07692307692307693,0.0]",0
77,Gordana Genc,0.125,1.0,0.8888888888888888,0.1111111111111111,"[0.125,1.0,0.8888888888888888,0.1111111111111111]",1
78,gpet,0.09999999999999999,0.9090909090909092,0.8333333333333334,0.16666666666666666,"[0.09999999999999999,0.9090909090909092,0.8333333333333334,0.16666666666666666]",1
79,Gregor Primc,0.09999999999999999,1.0,0.4166666666666667,0.08333333333333333,"[0.09999999999999999,1.0,0.4166666666666667,0.08333333333333333]",1
80,greta,0.25,0.6666666666666666,0.2857142857142857,0.42857142857142855,"[0.25,0.6666666666666666,0.2857142857142857,0.42857142857142855]",2
81,Grozdana Sirotic,0.3333333333333333,1.0,0.5,0.0,"[0.3333333333333333,1.0,0.5,0.0]",1
82,Grup amor,0.16666666666666666,0.875,0.1111111111111111,0.0,"[0.16666666666666666,0.875,0.1111111111111111,0.0]",0
83,HanaP,0.33333333333333337,1.0,0.0,0.0,"[0.33333333333333337,1.0,0.0,0.0]",0
84,Hrvoje Juvancic,0.2,1.0,0.5555555555555556,0.4444444444444444,"[0.2,1.0,0.5555555555555556,0.4444444444444444]",2
85,Igor ��utic,0.08333333333333333,1.0,0.8461538461538461,0.0,"[0.08333333333333333,1.0,0.8461538461538461,0.0]",1
86,Igor ��afran,0.08333333333333333,0.75,0.7692307692307693,0.0,"[0.08333333333333333,0.75,0.7692307692307693,0.0]",1
87,Igor29,0.5,1.0,0.3333333333333333,0.6666666666666666,"[0.5,1.0,0.3333333333333333,0.6666666666666666]",2
88,IgorGancevic,0.3333333333333333,0.8571428571428571,0.125,0.25,"[0.3333333333333333,0.8571428571428571,0.125,0.25]",0
89,igorr,0.3333333333333333,1.0,0.2222222222222222,0.1111111111111111,"[0.3333333333333333,1.0,0.2222222222222222,0.1111111111111111]",0
90,iivana,0.25,0.8333333333333334,0.2857142857142857,0.14285714285714285,"[0.25,0.8333333333333334,0.2857142857142857,0.14285714285714285]",0
91,Ina,0.1,1.0,0.9,0.0,"[0.1,1.0,0.9,0.0]",1
92,Ines,1.0,1.0,0.125,0.875,"[1.0,1.0,0.125,0.875]",3
93,Ivan Odrljin,0.09090909090909093,0.9166666666666666,0.6923076923076923,0.07692307692307693,"[0.09090909090909093,0.9166666666666666,0.6923076923076923,0.07692307692307693]",1
94,Ivana PR,0.2,1.0,1.0,0.0,"[0.2,1.0,1.0,0.0]",1
95,IvanV,0.5,0.8,0.3333333333333333,0.3333333333333333,"[0.5,0.8,0.3333333333333333,0.3333333333333333]",2
96,Ivica Komljenovic,0.5,0.9166666666666666,0.15384615384615385,0.8461538461538461,"[0.5,0.9166666666666666,0.15384615384615385,0.8461538461538461]",3
97,Iztok3,0.25,1.0,0.2,0.4,"[0.25,1.0,0.2,0.4]",2
98,jadralec Jaro,0.14285714285714285,0.7142857142857143,0.625,0.125,"[0.14285714285714285,0.7142857142857143,0.625,0.125]",1
99,Jadran,0.09999999999999999,1.0,0.8333333333333334,0.16666666666666666,"[0.09999999999999999,1.0,0.8333333333333334,0.16666666666666666]",1
100,Janez  stupica,0.16666666666666666,0.8571428571428571,0.625,0.0,"[0.16666666666666666,0.8571428571428571,0.625,0.0]",1
101,Jani Pristavec,0.08333333333333333,1.0,0.6923076923076923,0.07692307692307693,"[0.08333333333333333,1.0,0.6923076923076923,0.07692307692307693]",1
102,Jaro��,0.19999999999999998,0.8,0.5,0.0,"[0.19999999999999998,0.8,0.5,0.0]",1
103,Jasminka,0.19999999999999998,0.8333333333333334,0.5714285714285714,0.2857142857142857,"[0.19999999999999998,0.8333333333333334,0.5714285714285714,0.2857142857142857]",2
104,jelena,0.1,1.0,0.9090909090909092,0.09090909090909091,"[0.1,1.0,0.9090909090909092,0.09090909090909091]",1
105,Jelena-Marija,0.25,0.8,0.2727272727272727,0.6363636363636364,"[0.25,0.8,0.2727272727272727,0.6363636363636364]",2
106,Jelena Cutura,0.25,1.0,0.6,0.2,"[0.25,1.0,0.6,0.2]",1
107,jerko,0.16666666666666666,0.9090909090909092,0.5,0.5,"[0.16666666666666666,0.9090909090909092,0.5,0.5]",2
108,Jerko. Marinkovic,0.125,0.9090909090909092,0.6666666666666666,0.3333333333333333,"[0.125,0.9090909090909092,0.6666666666666666,0.3333333333333333]",1
109,Josip Rabanasic,0.25,0.8333333333333334,0.42857142857142855,0.42857142857142855,"[0.25,0.8333333333333334,0.42857142857142855,0.42857142857142855]",2
110,josko52@gmail.com,0.5,0.8333333333333334,0.14285714285714285,0.7142857142857143,"[0.5,0.8333333333333334,0.14285714285714285,0.7142857142857143]",3
111,JOZE,0.5,0.5,0.0,0.0,"[0.5,0.5,0.0,0.0]",4
112,Jo��ko,0.125,0.8888888888888888,0.6,0.0,"[0.125,0.8888888888888888,0.6,0.0]",1
113,Jure Gros,0.16666666666666666,1.0,0.3076923076923077,0.3076923076923077,"[0.16666666666666666,1.0,0.3076923076923077,0.3076923076923077]",2
114,jure111,1.0,1.0,0.16666666666666666,0.8333333333333334,"[1.0,1.0,0.16666666666666666,0.8333333333333334]",3
115,jurebizjak,0.1111111111111111,1.0,0.5,0.08333333333333333,"[0.1111111111111111,1.0,0.5,0.08333333333333333]",1
116,kapitan72,0.2,0.625,0.5555555555555556,0.4444444444444444,"[0.2,0.625,0.5555555555555556,0.4444444444444444]",2
117,Karla,0.5,1.0,0.5,0.5,"[0.5,1.0,0.5,0.5]",2
118,Karmen Hrvatic,0.16666666666666666,1.0,0.5454545454545454,0.45454545454545453,"[0.16666666666666666,1.0,0.5454545454545454,0.45454545454545453]",2
119,Katarina ��edlbauer,0.5,1.0,0.0,0.0,"[0.5,1.0,0.0,0.0]",0
120,kec,0.3333333333333333,0.9166666666666666,0.07692307692307693,0.07692307692307693,"[0.3333333333333333,0.9166666666666666,0.07692307692307693,0.07692307692307693]",0
121,kemi,0.2,0.5714285714285714,0.5,0.25,"[0.2,0.5714285714285714,0.5,0.25]",4
122,Kiklop,0.2,0.4,0.18181818181818185,0.0,"[0.2,0.4,0.18181818181818185,0.0]",4
123,KlaraM,0.3333333333333333,1.0,0.25,0.0,"[0.3333333333333333,1.0,0.25,0.0]",0
124,Kreso,0.25,1.0,0.16666666666666666,0.5,"[0.25,1.0,0.16666666666666666,0.5]",2
125,Kristijan Lopac,0.16666666666666666,0.7,0.2727272727272727,0.18181818181818182,"[0.16666666666666666,0.7,0.2727272727272727,0.18181818181818182]",4
126,Ksenija Sekulic,0.16666666666666666,0.4545454545454545,0.0,0.0,"[0.16666666666666666,0.4545454545454545,0.0,0.0]",4
127,Kskoric,0.3333333333333333,0.8888888888888888,0.0,0.0,"[0.3333333333333333,0.8888888888888888,0.0,0.0]",0
128,Kvasina,0.2,1.0,0.4545454545454545,0.5454545454545454,"[0.2,1.0,0.4545454545454545,0.5454545454545454]",2
129,Labura,0.5,1.0,0.25,0.5,"[0.5,1.0,0.25,0.5]",2
130,Lana,0.3333333333333333,1.0,0.75,0.25,"[0.3333333333333333,1.0,0.75,0.25]",1
131,Lea Svilicic,0.14285714285714285,0.9090909090909092,0.3333333333333333,0.08333333333333333,"[0.14285714285714285,0.9090909090909092,0.3333333333333333,0.08333333333333333]",0
132,Leo Mihaljevic,0.3333333333333333,1.0,0.75,0.25,"[0.3333333333333333,1.0,0.75,0.25]",1
133,ljubica basic,0.07692307692307693,1.0,0.9230769230769232,0.0,"[0.07692307692307693,1.0,0.9230769230769232,0.0]",1
134,Luc,0.11111111111111112,1.0,0.8181818181818182,0.18181818181818182,"[0.11111111111111112,1.0,0.8181818181818182,0.18181818181818182]",1
135,lucijan,0.125,0.6666666666666666,0.4615384615384616,0.07692307692307693,"[0.125,0.6666666666666666,0.4615384615384616,0.07692307692307693]",4
136,ludmilla,0.2,0.5,0.4,0.0,"[0.2,0.5,0.4,0.0]",4
137,Luka Skocir,0.25,1.0,0.4444444444444444,0.5555555555555556,"[0.25,1.0,0.4444444444444444,0.5555555555555556]",2
138,luka.voncina,0.09999999999999999,1.0,0.8333333333333334,0.16666666666666666,"[0.09999999999999999,1.0,0.8333333333333334,0.16666666666666666]",1
139,lukaaa11,0.25,1.0,0.3333333333333333,0.3333333333333333,"[0.25,1.0,0.3333333333333333,0.3333333333333333]",2
140,Lupodimare,0.25,0.4,0.3333333333333333,0.3333333333333333,"[0.25,0.4,0.3333333333333333,0.3333333333333333]",4
141,Maja Demaria,0.16666666666666669,1.0,0.6,0.4,"[0.16666666666666669,1.0,0.6,0.4]",2
142,Maja Grinek,0.2,0.875,0.3333333333333333,0.4444444444444444,"[0.2,0.875,0.3333333333333333,0.4444444444444444]",2
143,maja laurence,1.0,0.6666666666666666,0.0,0.0,"[1.0,0.6666666666666666,0.0,0.0]",0
144,MajaM,0.2,0.5833333333333334,0.38461538461538464,0.6153846153846154,"[0.2,0.5833333333333334,0.38461538461538464,0.6153846153846154]",2
145,Mare_,0.2,1.0,1.0,0.0,"[0.2,1.0,1.0,0.0]",1
146,mare10,0.5,0.8333333333333334,0.0,0.0,"[0.5,0.8333333333333334,0.0,0.0]",0
147,Maria,0.14285714285714285,0.8571428571428571,0.625,0.0,"[0.14285714285714285,0.8571428571428571,0.625,0.0]",1
148,Marijana,0.3333333333333333,1.0,0.42857142857142855,0.42857142857142855,"[0.3333333333333333,1.0,0.42857142857142855,0.42857142857142855]",2
149,MARINO BRZAC,0.25,0.9090909090909092,0.3333333333333333,0.6666666666666666,"[0.25,0.9090909090909092,0.3333333333333333,0.6666666666666666]",2
150,Mario Bursac,0.125,1.0,0.7777777777777778,0.1111111111111111,"[0.125,1.0,0.7777777777777778,0.1111111111111111]",1
151,Mario91,0.5,1.0,0.1111111111111111,0.5555555555555556,"[0.5,1.0,0.1111111111111111,0.5555555555555556]",2
152,Marjan Henigman,0.1,1.0,0.9090909090909092,0.09090909090909091,"[0.1,1.0,0.9090909090909092,0.09090909090909091]",1
153,Markisha,0.5,1.0,0.5,0.5,"[0.5,1.0,0.5,0.5]",2
154,Marko Dundovic,0.16666666666666666,0.9166666666666666,0.15384615384615385,0.07692307692307693,"[0.16666666666666666,0.9166666666666666,0.15384615384615385,0.07692307692307693]",0
155,Marko Kralj,0.5,1.0,0.4,0.6,"[0.5,1.0,0.4,0.6]",2
156,Marko L,0.3333333333333333,0.9090909090909092,0.0,0.0,"[0.3333333333333333,0.9090909090909092,0.0,0.0]",0
157,marko maticic,0.3333333333333333,0.6666666666666666,0.5,0.25,"[0.3333333333333333,0.6666666666666666,0.5,0.25]",4
158,Maru��aaaa,1.0,1.0,0.0,0.0,"[1.0,1.0,0.0,0.0]",0
159,Ma��a,0.125,1.0,0.8,0.0,"[0.125,1.0,0.8,0.0]",1
160,masa sarusic,0.1111111111111111,0.9090909090909092,0.75,0.25,"[0.1111111111111111,0.9090909090909092,0.75,0.25]",1
161,Mate Vitaljic,0.125,0.7777777777777778,0.8,0.2,"[0.125,0.7777777777777778,0.8,0.2]",1
162,Matija Osterc,0.25,0.9166666666666666,0.2307692307692308,0.6923076923076923,"[0.25,0.9166666666666666,0.2307692307692308,0.6923076923076923]",2
163,Matija Turkalj,0.2,0.9,0.0,0.0,"[0.2,0.9,0.0,0.0]",0
164,Matjazzavrl,0.25,0.8571428571428571,0.375,0.125,"[0.25,0.8571428571428571,0.375,0.125]",0
165,Mauro,0.25,0.75,0.0,0.0,"[0.25,0.75,0.0,0.0]",0
166,MedoPiki,0.2,1.0,0.0,0.0,"[0.2,1.0,0.0,0.0]",0
167,melina lako��,1.0,1.0,0.0,0.0,"[1.0,1.0,0.0,0.0]",0
168,mihaelas,0.5,1.0,0.1111111111111111,0.4444444444444444,"[0.5,1.0,0.1111111111111111,0.4444444444444444]",2
169,Miho,0.14285714285714285,0.8,0.3636363636363637,0.18181818181818182,"[0.14285714285714285,0.8,0.3636363636363637,0.18181818181818182]",2
170,Milan Kura��,0.3333333333333333,0.9166666666666666,0.07692307692307693,0.0,"[0.3333333333333333,0.9166666666666666,0.07692307692307693,0.0]",0
171,Mirela,0.2,0.8333333333333334,0.2307692307692308,0.07692307692307693,"[0.2,0.8333333333333334,0.2307692307692308,0.07692307692307693]",0
172,Mirjana Pu��karski,0.14285714285714285,1.0,0.875,0.0,"[0.14285714285714285,1.0,0.875,0.0]",1
173,Mirkomatic,0.16666666666666666,0.9166666666666666,0.2307692307692308,0.3076923076923077,"[0.16666666666666666,0.9166666666666666,0.2307692307692308,0.3076923076923077]",2
174,miroc,1.0,0.8,0.16666666666666666,0.8333333333333334,"[1.0,0.8,0.16666666666666666,0.8333333333333334]",3
175,Mi��o,0.3333333333333333,1.0,0.75,0.0,"[0.3333333333333333,1.0,0.75,0.0]",1
176,MojcaDamijan,0.1111111111111111,1.0,0.6153846153846154,0.3076923076923077,"[0.1111111111111111,1.0,0.6153846153846154,0.3076923076923077]",1
177,Nata��a,0.16666666666666669,1.0,0.7142857142857143,0.0,"[0.16666666666666669,1.0,0.7142857142857143,0.0]",1
178,Nejc Kodric,0.25,1.0,0.15384615384615385,0.6153846153846154,"[0.25,1.0,0.15384615384615385,0.6153846153846154]",2
179,Nejc Likar,0.5,1.0,0.25,0.0,"[0.5,1.0,0.25,0.0]",0
180,nenad,0.14285714285714285,1.0,0.8571428571428571,0.0,"[0.14285714285714285,1.0,0.8571428571428571,0.0]",1
181,NenadS,0.19999999999999998,1.0,0.25,0.5,"[0.19999999999999998,1.0,0.25,0.5]",2
182,Neven,0.1,0.9166666666666666,0.6923076923076923,0.23076923076923078,"[0.1,0.9166666666666666,0.6923076923076923,0.23076923076923078]",1
183,Niko Vukusic,0.1111111111111111,1.0,0.75,0.25,"[0.1111111111111111,1.0,0.75,0.25]",1
184,niko.mihovilovic,0.0909090909090909,0.9090909090909092,0.4166666666666667,0.08333333333333333,"[0.0909090909090909,0.9090909090909092,0.4166666666666667,0.08333333333333333]",1
185,Nikola Bar��ic,0.5,0.0,0.0,0.0,"(4,[0],[0.5])",4
186,Nikoleta,0.14285714285714285,1.0,0.7,0.3,"[0.14285714285714285,1.0,0.7,0.3]",1
187,nikonikokaoja,0.25,0.6666666666666666,0.25,0.0,"[0.25,0.6666666666666666,0.25,0.0]",4
188,Oaky,0.14285714285714288,1.0,0.7777777777777778,0.2222222222222222,"[0.14285714285714288,1.0,0.7777777777777778,0.2222222222222222]",1
189,Ojiga,0.3333333333333333,1.0,0.75,0.25,"[0.3333333333333333,1.0,0.75,0.25]",1
190,Pavle,0.09090909090909093,1.0,0.8461538461538461,0.15384615384615385,"[0.09090909090909093,1.0,0.8461538461538461,0.15384615384615385]",1
191,pedro,1.0,1.0,0.2,0.8,"[1.0,1.0,0.2,0.8]",3
192,peri,0.08333333333333333,0.75,0.7692307692307693,0.0,"[0.08333333333333333,0.75,0.7692307692307693,0.0]",1
193,Pero,0.3333333333333333,1.0,0.1111111111111111,0.1111111111111111,"[0.3333333333333333,1.0,0.1111111111111111,0.1111111111111111]",0
194,Petar,0.14285714285714285,1.0,0.4166666666666667,0.16666666666666666,"[0.14285714285714285,1.0,0.4166666666666667,0.16666666666666666]",2
195,PeterKogej,0.25,0.8,0.18181818181818185,0.2727272727272727,"[0.25,0.8,0.18181818181818185,0.2727272727272727]",0
196,PetraP,0.16666666666666669,1.0,0.6,0.4,"[0.16666666666666669,1.0,0.6,0.4]",2
197,Pina,0.08333333333333333,1.0,0.9230769230769232,0.07692307692307693,"[0.08333333333333333,1.0,0.9230769230769232,0.07692307692307693]",1
198,Pino,0.3333333333333333,1.0,0.2222222222222222,0.1111111111111111,"[0.3333333333333333,1.0,0.2222222222222222,0.1111111111111111]",0
199,Pirko,0.25,1.0,0.16666666666666666,0.16666666666666666,"[0.25,1.0,0.16666666666666666,0.16666666666666666]",0
200,Pjerino,0.16666666666666666,1.0,1.0,0.0,"[0.16666666666666666,1.0,1.0,0.0]",1
201,Pjero,0.125,1.0,0.5555555555555556,0.1111111111111111,"[0.125,1.0,0.5555555555555556,0.1111111111111111]",1
202,Plavac_mali,0.125,1.0,0.6666666666666666,0.3333333333333333,"[0.125,1.0,0.6666666666666666,0.3333333333333333]",1
203,plombar,0.14285714285714282,0.75,0.5384615384615384,0.46153846153846156,"[0.14285714285714282,0.75,0.5384615384615384,0.46153846153846156]",2
204,Pokmon,0.14285714285714285,1.0,0.5833333333333334,0.4166666666666667,"[0.14285714285714285,1.0,0.5833333333333334,0.4166666666666667]",2
205,Pokret Otoka,0.25,1.0,0.5714285714285714,0.42857142857142855,"[0.25,1.0,0.5714285714285714,0.42857142857142855]",2
206,Polona,0.1111111111111111,0.9166666666666666,0.4615384615384616,0.0,"[0.1111111111111111,0.9166666666666666,0.4615384615384616,0.0]",1
207,Primosius,0.3333333333333333,1.0,0.0,0.0,"[0.3333333333333333,1.0,0.0,0.0]",0
208,RadoL,0.14285714285714285,1.0,0.5,0.25,"[0.14285714285714285,1.0,0.5,0.25]",2
209,Ramo,0.09090909090909093,0.8333333333333334,0.8461538461538461,0.15384615384615385,"[0.09090909090909093,0.8333333333333334,0.8461538461538461,0.15384615384615385]",1
210,Rebeka,0.125,1.0,0.0,0.0,"[0.125,1.0,0.0,0.0]",0
211,RobiF,0.25,1.0,0.75,0.0,"[0.25,1.0,0.75,0.0]",1
212,rocco337,0.5,1.0,0.2222222222222222,0.7777777777777778,"[0.5,1.0,0.2222222222222222,0.7777777777777778]",3
213,Rok321,0.3333333333333333,1.0,0.75,0.25,"[0.3333333333333333,1.0,0.75,0.25]",1
214,Roki,0.16666666666666666,0.9166666666666666,0.2307692307692308,0.07692307692307693,"[0.16666666666666666,0.9166666666666666,0.2307692307692308,0.07692307692307693]",0
215,rokian,0.3333333333333333,1.0,0.5,0.0,"[0.3333333333333333,1.0,0.5,0.0]",1
216,Romana,0.2,0.75,0.3333333333333333,0.3333333333333333,"[0.2,0.75,0.3333333333333333,0.3333333333333333]",2
217,ruzica kovacevic,0.125,1.0,0.5,0.3333333333333333,"[0.125,1.0,0.5,0.3333333333333333]",2
218,Sailman,0.125,1.0,0.6666666666666666,0.3333333333333333,"[0.125,1.0,0.6666666666666666,0.3333333333333333]",1
219,Salieri,0.19999999999999998,1.0,0.0,0.0,"[0.19999999999999998,1.0,0.0,0.0]",0
220,Sandi,0.19999999999999998,1.0,0.6666666666666666,0.16666666666666666,"[0.19999999999999998,1.0,0.6666666666666666,0.16666666666666666]",1
221,sawyer,0.25,1.0,0.2307692307692308,0.46153846153846156,"[0.25,1.0,0.2307692307692308,0.46153846153846156]",2
222,shrike,0.19999999999999998,1.0,0.8333333333333334,0.16666666666666666,"[0.19999999999999998,1.0,0.8333333333333334,0.16666666666666666]",1
223,Silvestar Tokic,0.2,1.0,0.38461538461538464,0.6153846153846154,"[0.2,1.0,0.38461538461538464,0.6153846153846154]",2
224,��imun Zamberlin,0.08333333333333333,0.9166666666666666,0.8461538461538461,0.0,"[0.08333333333333333,0.9166666666666666,0.8461538461538461,0.0]",1
225,��katja,0.3333333333333333,0.8333333333333334,0.2857142857142857,0.0,"[0.3333333333333333,0.8333333333333334,0.2857142857142857,0.0]",0
226,slipke,1.0,1.0,0.0,0.0,"[1.0,1.0,0.0,0.0]",0
227,splicho,0.5,1.0,0.25,0.75,"[0.5,1.0,0.25,0.75]",2
228,staneb,0.1111111111111111,1.0,0.75,0.25,"[0.1111111111111111,1.0,0.75,0.25]",1
229,Stanojevic,0.33333333333333337,1.0,0.0,0.0,"[0.33333333333333337,1.0,0.0,0.0]",0
230,stipica,0.14285714285714282,0.3333333333333333,0.38461538461538464,0.38461538461538464,"[0.14285714285714282,0.3333333333333333,0.38461538461538464,0.38461538461538464]",4
231,TAMARA L.,0.08333333333333333,0.9166666666666666,0.8461538461538461,0.07692307692307693,"[0.08333333333333333,0.9166666666666666,0.8461538461538461,0.07692307692307693]",1
232,tasa,0.25,1.0,0.5714285714285714,0.2857142857142857,"[0.25,1.0,0.5714285714285714,0.2857142857142857]",2
233,Tatjana,0.5,0.6666666666666666,0.5,0.5,"[0.5,0.6666666666666666,0.5,0.5]",2
234,tibor,0.25,1.0,0.16666666666666666,0.3333333333333333,"[0.25,1.0,0.16666666666666666,0.3333333333333333]",2
235,Tina Kiler,0.16666666666666666,1.0,0.4615384615384616,0.5384615384615384,"[0.16666666666666666,1.0,0.4615384615384616,0.5384615384615384]",2
236,Tja��a,0.1111111111111111,1.0,0.6666666666666666,0.0,"[0.1111111111111111,1.0,0.6666666666666666,0.0]",1
237,Tojo,0.3333333333333333,1.0,0.25,0.75,"[0.3333333333333333,1.0,0.25,0.75]",2
238,tomaz1961,0.1111111111111111,0.8181818181818182,0.6666666666666666,0.16666666666666666,"[0.1111111111111111,0.8181818181818182,0.6666666666666666,0.16666666666666666]",1
239,tomba,0.2,0.875,0.5555555555555556,0.4444444444444444,"[0.2,0.875,0.5555555555555556,0.4444444444444444]",2
240,Tome,0.19999999999999998,0.8333333333333334,0.7142857142857143,0.2857142857142857,"[0.19999999999999998,0.8333333333333334,0.7142857142857143,0.2857142857142857]",1
241,Tomica,0.14285714285714285,1.0,1.0,0.0,"[0.14285714285714285,1.0,1.0,0.0]",1
242,Tomislav Cipcic,0.3333333333333333,1.0,0.25,0.25,"[0.3333333333333333,1.0,0.25,0.25]",0
243,TonCa,0.16666666666666666,1.0,0.3076923076923077,0.23076923076923078,"[0.16666666666666666,1.0,0.3076923076923077,0.23076923076923078]",2
244,toni88,0.25,1.0,0.25,0.5,"[0.25,1.0,0.25,0.5]",2
245,Tpk,0.16666666666666669,0.8333333333333334,0.7142857142857143,0.14285714285714285,"[0.16666666666666669,0.8333333333333334,0.7142857142857143,0.14285714285714285]",1
246,Trojan,0.1111111111111111,1.0,0.8888888888888888,0.0,"[0.1111111111111111,1.0,0.8888888888888888,0.0]",1
247,Urle,0.3333333333333333,1.0,0.07692307692307693,0.15384615384615385,"[0.3333333333333333,1.0,0.07692307692307693,0.15384615384615385]",0
248,Urosv,0.1111111111111111,1.0,0.75,0.16666666666666666,"[0.1111111111111111,1.0,0.75,0.16666666666666666]",1
249,vanja123,0.33333333333333337,0.5,0.6,0.4,"[0.33333333333333337,0.5,0.6,0.4]",4
250,Vedran,0.1,1.0,0.5454545454545454,0.09090909090909091,"[0.1,1.0,0.5454545454545454,0.09090909090909091]",1
251,Vedran_499,0.19999999999999998,0.5,0.42857142857142855,0.14285714285714285,"[0.19999999999999998,0.5,0.42857142857142855,0.14285714285714285]",4
252,vedrana,0.3333333333333333,0.3333333333333333,0.5,0.25,"[0.3333333333333333,0.3333333333333333,0.5,0.25]",4
253,vibord,0.14285714285714282,0.9166666666666666,0.15384615384615385,0.23076923076923078,"[0.14285714285714282,0.9166666666666666,0.15384615384615385,0.23076923076923078]",0
254,vid,0.16666666666666666,0.9,0.2727272727272727,0.36363636363636365,"[0.16666666666666666,0.9,0.2727272727272727,0.36363636363636365]",2
255,Vido,0.5,0.6666666666666666,0.5,0.5,"[0.5,0.6666666666666666,0.5,0.5]",2
256,Vido Repan��ek,0.3333333333333333,1.0,0.75,0.0,"[0.3333333333333333,1.0,0.75,0.0]",1
257,Viktor Vic,0.1,0.8,0.6363636363636364,0.09090909090909091,"[0.1,0.8,0.6363636363636364,0.09090909090909091]",1
258,vini,0.2,0.7777777777777778,0.1,0.0,"[0.2,0.7777777777777778,0.1,0.0]",0
259,Vlado,0.09090909090909091,0.9,0.8181818181818182,0.0,"[0.09090909090909091,0.9,0.8181818181818182,0.0]",1
260,Vlajko,0.25,1.0,0.15384615384615385,0.0,"[0.25,1.0,0.15384615384615385,0.0]",0
261,Vlasta Svetina,1.0,0.0,0.0,0.0,"(4,[0],[1.0])",4
262,wavemaker,0.16666666666666666,1.0,0.4166666666666667,0.4166666666666667,"[0.16666666666666666,1.0,0.4166666666666667,0.4166666666666667]",2
263,x,0.5,1.0,0.0,0.0,"[0.5,1.0,0.0,0.0]",0
264,��anetic,0.5,1.0,0.07692307692307693,0.0,"[0.5,1.0,0.07692307692307693,0.0]",0
265,Zdenko,0.5,0.5,0.2,0.4,"[0.5,0.5,0.2,0.4]",4
266,Zdenko ��krlj,0.14285714285714282,0.5,0.38461538461538464,0.0,"[0.14285714285714282,0.5,0.38461538461538464,0.0]",4
267,Zdravko,0.125,1.0,0.3076923076923077,0.15384615384615385,"[0.125,1.0,0.3076923076923077,0.15384615384615385]",0
268,��ivko Joncic,0.5,1.0,0.07692307692307693,0.0,"[0.5,1.0,0.07692307692307693,0.0]",0
269,��S,1.0,0.6666666666666666,0.0,0.0,"[1.0,0.6666666666666666,0.0,0.0]",0
270,zvjezdana,0.33333333333333337,1.0,0.4,0.4,"[0.33333333333333337,1.0,0.4,0.4]",2
271,Zvonimir Matic,1.0,0.0,0.25,0.75,"[1.0,0.0,0.25,0.75]",3
