,users,intensityNormalized,order,freq,pcaInput,_1,_2,features,probability,prediction
0,003136ec-fd3a-908e-de7e-45301e3b,0.125,0.25,0.4,"[0.125,0.25,0.4]",0.3618669088454512,0.22384892096849965,"[0.3618669088454512,0.22384892096849965]","[7.683641801617572e-16,7.683641801617572e-16,0.9999999999999984]",2
1,0064c3fd-7e6e-425c-f754-34b889c8,0.4166666666666667,1.0,0.0,"[0.4166666666666667,1.0,0.0]",0.08552521529296153,1.072047209826335,"[0.08552521529296153,1.072047209826335]","[6.452344249965148e-17,0.979712791442559,0.020287208557440994]",1
2,037820a7-a143-422c-3ebd-3553d373,0.5,0.5,0.14285714285714285,"[0.5,0.5,0.14285714285714285]",0.04662276011254528,0.6106228917176225,"[0.04662276011254528,0.6106228917176225]","[2.617519864933459e-16,2.617519864933459e-16,0.9999999999999994]",2
3,04745589-295d-158e-c6c0-ef24f730,0.0,1.0,1.0,"[0.0,1.0,1.0]",1.1309208118180614,0.8125976002903509,"[1.1309208118180614,0.8125976002903509]","[0.9999836794629448,2.8878778754135384e-13,1.6320536766456037e-05]",0
4,04a7d779-f053-b1a3-386e-82d69979,0.5,0.8333333333333334,0.0,"[0.5,0.8333333333333334,0.0]",0.007982200191088695,0.9419494589730129,"[0.007982200191088695,0.9419494589730129]","[1.5984293618226282e-15,0.00025085516766332433,0.999749144832335]",2
5,068616a9-816f-e8e4-d737-6ddba1df,0.25,0.6666666666666666,0.0,"[0.25,0.6666666666666666,0.0]",0.06852386702313423,0.7058659973173625,"[0.06852386702313423,0.7058659973173625]","[2.934553402185207e-16,2.934596201345636e-16,0.9999999999999994]",2
6,06f2e041-7a2d-a0ab-5f48-fd01f0a2,0.8333333333333334,1.0,0.09090909090909093,"[0.8333333333333334,1.0,0.09090909090909093]",-0.0077361149328272205,1.1929868509626018,"[-0.0077361149328272205,1.1929868509626018]","[1.7612079432094241e-16,0.993349186943893,0.006650813056106845]",1
7,0781bbba-c179-f93c-1116-8d684911,0.125,0.75,0.0,"[0.125,0.75,0.0]",0.14181654505755026,0.7444184450434416,"[0.14181654505755026,0.7444184450434416]","[2.478369190307034e-16,1.0028620946293621e-13,0.9999999999998995]",2
8,08ee9ac0-7656-2b25-ce41-b44d758e,0.0,1.0,1.0,"[0.0,1.0,1.0]",1.1309208118180614,0.8125976002903509,"[1.1309208118180614,0.8125976002903509]","[0.9999836794629448,2.8878778754135384e-13,1.6320536766456037e-05]",0
9,0a84077c-d3fa-56fc-803c-a863ca7e,0.25,0.6666666666666666,0.0,"[0.25,0.6666666666666666,0.0]",0.06852386702313423,0.7058659973173625,"[0.06852386702313423,0.7058659973173625]","[2.934553402185207e-16,2.934596201345636e-16,0.9999999999999994]",2
10,0c9621b0-ff94-77e8-727f-5420882d,0.016666666666666663,1.0,0.5,"[0.016666666666666663,1.0,0.5]",0.6876217056675145,0.8813806213470042,"[0.6876217056675145,0.8813806213470042]","[0.43426943979033505,0.15482206960740041,0.41090849060226464]",0
11,0e59235e-e51a-a5cd-e0ba-0fffe847,0.8333333333333334,1.0,0.09090909090909093,"[0.8333333333333334,1.0,0.09090909090909093]",-0.0077361149328272205,1.1929868509626018,"[-0.0077361149328272205,1.1929868509626018]","[1.7612079432094241e-16,0.993349186943893,0.006650813056106845]",1
12,101c246c-3f77-d919-ca38-8d19141e,0.25,1.0,0.0,"[0.25,1.0,0.0]",0.15456755625992075,1.019054354425171,"[0.15456755625992075,1.019054354425171]","[7.211735788794038e-17,0.9451643240184823,0.05483567598151772]",1
13,10355f7a-f86a-830c-cbf1-fb3c40b6,0.08333333333333333,0.6666666666666666,0.0,"[0.08333333333333333,0.6666666666666666,0.0]",0.13756620799009345,0.6528731419161985,"[0.13756620799009345,0.6528731419161985]","[1.9676057243054046e-16,1.9676062087473502e-16,0.9999999999999996]",2
14,135b42ab-ac52-d14a-c37c-6ffeca28,0.5833333333333334,1.0,0.0,"[0.5833333333333334,1.0,0.0]",0.016482874326002345,1.125040065227499,"[0.016482874326002345,1.125040065227499]","[7.200399739772232e-17,0.9922420918265172,0.007757908173482777]",1
15,1459b8fd-ecab-4e30-1fc9-3d649648,0.5,0.3333333333333333,0.14285714285714285,"[0.5,0.3333333333333333,0.14285714285714285]",0.003600915494152021,0.45402871316371834,"[0.003600915494152021,0.45402871316371834]","[3.234883462352257e-16,3.234883462352257e-16,0.9999999999999993]",2
16,1496b095-5b5f-4c47-5066-49bcf5d6,0.25,1.0,0.25,"[0.25,1.0,0.25]",0.3727649922868462,0.9873124866669024,"[0.3727649922868462,0.9873124866669024]","[6.861414179387287e-17,0.8888422357511228,0.11115776424887733]",1
17,14a5fec5-bb5b-cac7-e40e-9a363e5c,0.08333333333333333,0.6666666666666666,0.25,"[0.08333333333333333,0.6666666666666666,0.25]",0.3557636440170189,0.62113127415793,"[0.3557636440170189,0.62113127415793]","[1.605198385733553e-16,6.940910007557034e-15,0.9999999999999929]",2
18,16ba8f74-d9b7-c724-98c5-f31f43be,0.016666666666666663,0.8,0.8333333333333334,"[0.016666666666666663,0.8,0.8333333333333334]",0.9269254068280098,0.6511451167379614,"[0.9269254068280098,0.6511451167379614]","[5.566050441420172e-16,0.9386150714929594,0.061384928507040026]",1
19,17b4a5d5-5e2a-5bc2-a4e6-25e3d1d4,0.5833333333333334,0.8571428571428571,0.125,"[0.5833333333333334,0.8571428571428571,0.125]",0.0887057255236994,0.9749455497307324,"[0.0887057255236994,0.9749455497307324]","[1.419081688419417e-15,0.24692562166687468,0.7530743783331239]",2
20,195b9f52-3731-37a7-2c74-19d11cb6,0.5,1.0,0.0,"[0.5,1.0,0.0]",0.05100404480948195,1.0985436375269169,"[0.05100404480948195,1.0985436375269169]","[6.621734067893743e-17,0.9875227782371753,0.012477221762824635]",1
21,196bc15c-4aac-31e9-7c5d-3599ce10,0.125,0.0,0.2,"[0.125,0.0,0.2]",0.12277619309632096,0.014351147344258238,"[0.12277619309632096,0.014351147344258238]","[3.620499945106319e-15,3.620499945106319e-15,0.9999999999999928]",2
22,1acb1c12-47e9-e408-eaf9-8167947a,0.0,1.0,1.0,"[0.0,1.0,1.0]",1.1309208118180614,0.8125976002903509,"[1.1309208118180614,0.8125976002903509]","[0.9999836794629448,2.8878778754135384e-13,1.6320536766456037e-05]",0
23,1b1cd7ac-2f24-1493-5d7e-d7873af1,0.0,1.0,0.75,"[0.0,1.0,0.75]",0.9127233757911358,0.8443394680486194,"[0.9127233757911358,0.8443394680486194]","[0.9973143521797809,1.4823606559985916e-06,0.0026841654595631675]",0
24,1beb31a1-0aea-018e-a7e1-82085ffa,0.25,1.0,0.0,"[0.25,1.0,0.0]",0.15456755625992075,1.019054354425171,"[0.15456755625992075,1.019054354425171]","[7.211735788794038e-17,0.9451643240184823,0.05483567598151772]",1
25,1c09a110-d9c3-2442-9f5d-aee802c0,0.25,0.6666666666666666,0.25,"[0.25,0.6666666666666666,0.25]",0.28672130305005966,0.6741241295590941,"[0.28672130305005966,0.6741241295590941]","[1.5980075413358425e-16,2.0721464008285602e-13,0.9999999999997926]",2
26,1cb07e56-7b73-0087-0a17-3e9c1f88,0.08333333333333333,0.8571428571428571,0.5,"[0.08333333333333333,0.8571428571428571,0.5]",0.6231289024649651,0.7683541818898377,"[0.6231289024649651,0.7683541818898377]","[1.2078830957241813e-16,0.758225147097425,0.24177485290257492]",1
27,1d3ed189-1162-0dd0-bcb2-fda83a50,0.0,0.8,0.8333333333333334,"[0.0,0.8,0.8333333333333334]",0.9338296409247058,0.645845831197845,"[0.9338296409247058,0.645845831197845]","[5.949201230384281e-16,0.9406806245572958,0.05931937544270351]",1
28,1d66d118-9cc1-c6cd-c61c-02ca2ddc,0.125,0.75,0.4,"[0.125,0.75,0.4]",0.49093244270063097,0.693631456630212,"[0.49093244270063097,0.693631456630212]","[2.3674213813665097e-16,7.33635607072895e-05,0.9999266364392925]",2
29,1d90b45b-4d8d-42a1-43cd-38e1a241,0.0,0.75,0.8,"[0.0,0.75,0.8]",0.891830096068931,0.6030998266661094,"[0.891830096068931,0.6030998266661094]","[1.5823709361213641e-15,0.7607620868841042,0.23923791311589412]",1
30,1e81aa64-c3c9-ee4f-ce3c-c4248be0,0.3333333333333333,0.0,0.0,"[0.3333333333333333,0.0,0.0]",-0.13808468193391837,0.10598571080232806,"[-0.13808468193391837,0.10598571080232806]","[3.4046960222039285e-15,3.4046960222039285e-15,0.9999999999999932]",2
31,1f7f3fd7-7087-1461-cf43-9add2172,0.027777777777777773,0.6666666666666666,0.75,"[0.027777777777777773,0.6666666666666666,0.75]",0.8151726297265227,0.5399832535076717,"[0.8151726297265227,0.5399832535076717]","[3.3436496251270195e-15,0.0011944672986300513,0.9988055327013665]",2
32,1f96865d-62d4-b049-1788-cfccf324,0.0,1.0,1.0,"[0.0,1.0,1.0]",1.1309208118180614,0.8125976002903509,"[1.1309208118180614,0.8125976002903509]","[0.9999836794629448,2.8878778754135384e-13,1.6320536766456037e-05]",0
33,20e2fc85-7d0f-8a2c-b651-4b811a97,0.08333333333333333,0.4,0.3333333333333333,"[0.08333333333333333,0.4,0.3333333333333333]",0.3596611713032315,0.359999965885594,"[0.3596611713032315,0.359999965885594]","[3.147459258907914e-16,3.147459258907914e-16,0.9999999999999993]",2
34,23e6f6c8-2cd0-ac1c-e8a1-f2338caa,0.9166666666666666,0.9090909090909092,0.08333333333333333,"[0.9166666666666666,0.9090909090909092,0.08333333333333333]",-0.07233578963321594,1.13503014695979,"[-0.07233578963321594,1.13503014695979]","[1.7636802250927553e-16,0.99227085214702,0.007729147852979649]",1
35,258d2e1f-e3e8-2612-8285-895fb96d,0.027777777777777773,1.0,0.75,"[0.027777777777777773,1.0,0.75]",0.9012163189633093,0.8531716106154801,"[0.9012163189633093,0.8531716106154801]","[0.9948137280565118,2.0348200234780348e-06,0.005184237123464808]",0
36,269144fa-ef0e-c81e-52ff-df9a348a,0.1875,0.8333333333333334,0.2307692307692308,"[0.1875,0.8333333333333334,0.2307692307692308]",0.3388496073751453,0.8132876694728132,"[0.3388496073751453,0.8132876694728132]","[2.312000926802892e-16,0.006145340489747002,0.9938546595102528]",2
37,270174bf-baf8-aab4-48e3-139fcf47,0.08333333333333333,0.3333333333333333,0.0,"[0.08333333333333333,0.3333333333333333,0.0]",0.05152251875330692,0.33968478480839026,"[0.05152251875330692,0.33968478480839026]","[3.660949032428253e-16,3.660949032428253e-16,0.9999999999999992]",2
38,27080783-250a-3521-f816-6e7b29cf,0.0,1.0,1.0,"[0.0,1.0,1.0]",1.1309208118180614,0.8125976002903509,"[1.1309208118180614,0.8125976002903509]","[0.9999836794629448,2.8878778754135384e-13,1.6320536766456037e-05]",0
39,2c1d08f2-a1ba-6915-db46-1a7721b9,0.3333333333333333,1.0,0.0,"[0.3333333333333333,1.0,0.0]",0.12004638577644117,1.0455507821257528,"[0.12004638577644117,1.0455507821257528]","[6.646994521295806e-17,0.9667272142863748,0.033272785713625255]",1
40,2ee1d86b-74ed-47f3-5733-61cc4821,0.08333333333333333,1.0,0.0,"[0.08333333333333333,1.0,0.0]",0.22360989722687996,0.9660614990240068,"[0.22360989722687996,0.9660614990240068]","[9.642464532322796e-15,0.8532724088017614,0.14672759119822898]",1
41,2f7f0e40-1234-75db-2bcf-bdfbdfbc,0.0,1.0,1.0,"[0.0,1.0,1.0]",1.1309208118180614,0.8125976002903509,"[1.1309208118180614,0.8125976002903509]","[0.9999836794629448,2.8878778754135384e-13,1.6320536766456037e-05]",0
42,31a88be4-13ad-06c2-119c-3551a490,0.3333333333333333,1.0,0.1,"[0.3333333333333333,1.0,0.1]",0.20732536018721134,1.0328540350224453,"[0.20732536018721134,1.0328540350224453]","[4.2874691534294796e-17,0.9643068260240061,0.0356931739759939]",1
43,3244a4c0-3f85-3017-5694-2f5647cb,0.0,0.8333333333333334,0.8571428571428571,"[0.0,0.8333333333333334,0.8571428571428571]",0.9632147180414248,0.6741416318840288,"[0.9632147180414248,0.6741416318840288]","[1.1392098590596713e-15,0.9180303648100782,0.08196963518992069]",1
44,3447bacb-f54d-55c2-592f-3a3ff765,0.25,1.0,0.25,"[0.25,1.0,0.25]",0.3727649922868462,0.9873124866669024,"[0.3727649922868462,0.9873124866669024]","[6.861414179387287e-17,0.8888422357511228,0.11115776424887733]",1
45,34a3d1d8-74eb-8a4e-0506-b9ca1551,0.08333333333333333,1.0,0.25,"[0.08333333333333333,1.0,0.25]",0.4418073332538054,0.9343196312657384,"[0.4418073332538054,0.9343196312657384]","[1.9755693072103727e-13,0.886429690766564,0.11357030923323849]",1
46,35813a40-7aa6-5336-237b-c93f1759,0.5833333333333334,0.8571428571428571,0.0,"[0.5833333333333334,0.8571428571428571,0.0]",-0.020392992489763312,0.9908164836098667,"[-0.020392992489763312,0.9908164836098667]","[2.9796259322897376e-15,0.01645424759426512,0.9835457524057318]",2
47,35ce5334-aefb-9a61-d1c3-7f01a776,0.5833333333333334,1.0,0.125,"[0.5833333333333334,1.0,0.125]",0.12558159233946506,1.1091691313483647,"[0.12558159233946506,1.1091691313483647]","[7.607465464772022e-17,0.9795775098988476,0.02042249010115235]",1
48,35daa597-4591-5a82-57a9-1fba2635,0.027777777777777773,1.0,0.75,"[0.027777777777777773,1.0,0.75]",0.9012163189633093,0.8531716106154801,"[0.9012163189633093,0.8531716106154801]","[0.9948137280565118,2.0348200234780348e-06,0.005184237123464808]",0
49,367365a7-8d2a-3b00-f3e3-f877be3c,0.20833333333333331,0.8333333333333334,0.2857142857142857,"[0.20833333333333331,0.8333333333333334,0.2857142857142857]",0.3781747951997535,0.8129355417258117,"[0.3781747951997535,0.8129355417258117]","[2.29691973107362e-16,0.03293695883345507,0.9670630411665447]",2
50,3681eecc-7864-c1c1-0024-4d4234be,0.75,1.0,0.1,"[0.75,1.0,0.1]",0.034719507769813335,1.1653361735253556,"[0.034719507769813335,1.1653361735253556]","[1.2623128287539837e-16,0.9903769148622676,0.009623085137732211]",1
51,36a67ef1-5f22-7846-3f95-faec67c9,0.0,1.0,1.0,"[0.0,1.0,1.0]",1.1309208118180614,0.8125976002903509,"[1.1309208118180614,0.8125976002903509]","[0.9999836794629448,2.8878778754135384e-13,1.6320536766456037e-05]",0
52,37ada581-75c2-560e-2eb3-3db3a231,0.3333333333333333,0.5,0.2,"[0.3333333333333333,0.5,0.2]",0.16553880074280175,0.5503747522574257,"[0.16553880074280175,0.5503747522574257]","[1.708395390429953e-16,1.708395390429953e-16,0.9999999999999997]",2
53,37d73652-37e1-cc5f-6c84-3b9a528c,0.016666666666666663,0.8,0.8333333333333334,"[0.016666666666666663,0.8,0.8333333333333334]",0.9269254068280098,0.6511451167379614,"[0.9269254068280098,0.6511451167379614]","[5.566050441420172e-16,0.9386150714929594,0.061384928507040026]",1
54,380773a6-f975-22c8-187e-e40fe702,0.027777777777777773,0.6666666666666666,0.75,"[0.027777777777777773,0.6666666666666666,0.75]",0.8151726297265227,0.5399832535076717,"[0.8151726297265227,0.5399832535076717]","[3.3436496251270195e-15,0.0011944672986300513,0.9988055327013665]",2
55,3be7d5a2-f78e-3472-e5ac-fa27ed08,0.16666666666666666,0.4,0.0,"[0.16666666666666666,0.4,0.0]",0.03421008611718464,0.428818883930534,"[0.03421008611718464,0.428818883930534]","[2.9615307452478884e-16,2.9615307452478884e-16,0.9999999999999994]",2
56,3c370e25-1bd5-c34b-ec40-31117752,0.25,0.3333333333333333,0.25,"[0.25,0.3333333333333333,0.25]",0.20067761381327315,0.36093577245128583,"[0.20067761381327315,0.36093577245128583]","[2.5671865336574605e-16,2.5671865336574605e-16,0.9999999999999994]",2
57,3d524e1d-934c-6d53-022b-983c91c3,0.05555555555555556,1.0,0.4,"[0.05555555555555556,1.0,0.4]",0.5842328516977872,0.9064423680439165,"[0.5842328516977872,0.9064423680439165]","[9.419349166670724e-05,0.6318097244966543,0.368096082011679]",1
58,3d7d0f75-dda5-644d-e527-018ff340,0.14583333333333334,0.7,0.09090909090909093,"[0.14583333333333334,0.7,0.09090909090909093]",0.19962422124277163,0.6925218010357729,"[0.19962422124277163,0.6925218010357729]","[1.8198319845857606e-16,1.1296745674893964e-15,0.9999999999999988]",2
59,3dc06a27-afe4-b105-1f3c-997851c7,0.2222222222222222,0.7,0.18181818181818185,"[0.2222222222222222,0.7,0.18181818181818185]",0.2473243371578579,0.7052676957279965,"[0.2473243371578579,0.7052676957279965]","[1.7374731694301902e-16,1.6871533569954905e-12,0.9999999999983128]",2
60,3e4346e0-6285-8776-f373-101eac22,0.0,1.0,1.0,"[0.0,1.0,1.0]",1.1309208118180614,0.8125976002903509,"[1.1309208118180614,0.8125976002903509]","[0.9999836794629448,2.8878778754135384e-13,1.6320536766456037e-05]",0
61,3e713aeb-dcb2-d6a8-962f-635df3e8,0.3333333333333333,1.0,0.0,"[0.3333333333333333,1.0,0.0]",0.12004638577644117,1.0455507821257528,"[0.12004638577644117,1.0455507821257528]","[6.646994521295806e-17,0.9667272142863748,0.033272785713625255]",1
62,3fc2e2fe-697a-3255-1a17-4204819d,0.08333333333333333,0.7142857142857143,0.5,"[0.08333333333333333,0.7142857142857143,0.5]",0.5862530356491995,0.6341306002722057,"[0.5862530356491995,0.6341306002722057]","[3.786741616575211e-16,2.641721179186898e-05,0.9999735827882077]",2
63,404bc704-6703-c3c0-815e-55c756c5,0.0,0.8571428571428571,0.625,"[0.0,0.8571428571428571,0.625]",0.7667487909619075,0.7259868203101214,"[0.7667487909619075,0.7259868203101214]","[1.6849690284356625e-16,0.8832339057702007,0.11676609422979928]",1
64,4196e8ee-e405-a1e1-4a7f-7d9149a5,0.25,1.0,0.25,"[0.25,1.0,0.25]",0.3727649922868462,0.9873124866669024,"[0.3727649922868462,0.9873124866669024]","[6.861414179387287e-17,0.8888422357511228,0.11115776424887733]",1
65,42779e7e-90bc-7eac-5aa8-a9874f90,0.047619047619047616,1.0,0.3636363636363637,"[0.047619047619047616,1.0,0.3636363636363637]",0.5557827733433797,0.9085358976857565,"[0.5557827733433797,0.9085358976857565]","[0.0006056969391508692,0.7399848759047326,0.25940942715611653]",1
66,440d90ef-c7d7-0530-608e-8c0fc440,0.033333333333333326,1.0,0.7142857142857143,"[0.033333333333333326,1.0,0.7142857142857143]",0.8677438453081832,0.8594725916657476,"[0.8677438453081832,0.8594725916657476]","[0.9656739223577959,4.191496051308207e-05,0.03428416268169101]",0
67,459f5319-edaf-cd53-126d-fdfb12a5,0.0,1.0,1.0,"[0.0,1.0,1.0]",1.1309208118180614,0.8125976002903509,"[1.1309208118180614,0.8125976002903509]","[0.9999836794629448,2.8878778754135384e-13,1.6320536766456037e-05]",0
68,45d78fe4-7d30-3b18-371e-57bb06c7,0.6666666666666666,1.0,0.1111111111111111,"[0.6666666666666666,1.0,0.1111111111111111]",0.07893834207671187,1.1374289961466282,"[0.07893834207671187,1.1374289961466282]","[9.540619901888585e-17,0.9860091606278703,0.013990839372129658]",1
69,4641102c-f3d3-3878-6d00-1c49a28c,0.14583333333333334,0.7,0.2727272727272727,"[0.14583333333333334,0.7,0.2727272727272727]",0.3583132656259901,0.6694368063024867,"[0.3583132656259901,0.6694368063024867]","[1.6523583106526972e-16,8.40815735593266e-11,0.9999999999159183]",2
70,4a97a9b2-74fe-c9f3-625f-0176bddf,0.016666666666666663,0.8,0.3333333333333333,"[0.016666666666666663,0.8,0.3333333333333333]",0.490530534774159,0.7146288522544983,"[0.490530534774159,0.7146288522544983]","[2.413744938176816e-16,0.0007391663546662572,0.9992608336453335]",2
71,4b21d918-4ac0-0787-3094-37c9432c,0.2222222222222222,0.6,0.2727272727272727,"[0.2222222222222222,0.6,0.2727272727272727]",0.30085575257843117,0.599768691229011,"[0.30085575257843117,0.599768691229011]","[1.5226070951369908e-16,1.523716338645287e-16,0.9999999999999997]",2
72,4bd540f6-e34d-4592-7680-b2735389,0.0,1.0,1.0,"[0.0,1.0,1.0]",1.1309208118180614,0.8125976002903509,"[1.1309208118180614,0.8125976002903509]","[0.9999836794629448,2.8878778754135384e-13,1.6320536766456037e-05]",0
73,4c4ac589-35f5-76e3-d0a3-fedab6c6,0.027777777777777773,0.7142857142857143,0.5,"[0.027777777777777773,0.7142857142857143,0.5]",0.6092671493048526,0.6164663151384844,"[0.6092671493048526,0.6164663151384844]","[4.46130155201297e-16,1.3980161769394387e-05,0.9999860198382301]",2
74,4cc576c8-f218-94be-fef3-4b6fd86e,0.0972222222222222,0.8333333333333334,0.3076923076923077,"[0.0972222222222222,0.8333333333333334,0.3076923076923077]",0.44338521468925085,0.7748164775895103,"[0.44338521468925085,0.7748164775895103]","[2.2991895473239574e-16,0.021361058383228916,0.9786389416167708]",2
75,4d0232bc-202c-ee3a-e58c-e543848c,0.013888888888888895,1.0,0.7142857142857143,"[0.013888888888888895,1.0,0.7142857142857143]",0.8757987850876618,0.8532900918689452,"[0.8757987850876618,0.8532900918689452]","[0.9986630525817614,2.0371214994563577e-06,0.001334910296739286]",0
76,4debb215-7398-77ba-2243-94adbd31,0.16666666666666666,1.0,0.1111111111111111,"[0.16666666666666666,1.0,0.1111111111111111]",0.28606536497758944,0.9784504299431362,"[0.28606536497758944,0.9784504299431362]","[4.055980738700425e-17,0.9349504437574568,0.06504955624254313]",1
77,4f3771bf-0850-3813-5de9-d0592e66,0.3333333333333333,0.75,0.0,"[0.3333333333333333,0.75,0.0]",0.05551361884885128,0.8106595142948967,"[0.05551361884885128,0.8106595142948967]","[4.892366357937245e-16,9.135888813835494e-12,0.9999999999908636]",2
78,502b50b6-08fa-b922-9bb6-dbd4d848,0.3333333333333333,1.0,0.0,"[0.3333333333333333,1.0,0.0]",0.12004638577644117,1.0455507821257528,"[0.12004638577644117,1.0455507821257528]","[6.646994521295806e-17,0.9667272142863748,0.033272785713625255]",1
79,53cb26b0-7222-8eb4-ef0d-29e7a801,0.3333333333333333,0.25,0.2,"[0.3333333333333333,0.25,0.2]",0.10100603381521187,0.3154834844265695,"[0.10100603381521187,0.3154834844265695]","[3.565868006936992e-16,3.565868006936992e-16,0.9999999999999993]",2
80,5409088d-b542-9cac-7fac-9ab00271,0.25,0.7272727272727273,0.25,"[0.25,0.7272727272727273,0.25]",0.30236561018402086,0.7310674672150593,"[0.30236561018402086,0.7310674672150593]","[1.7836940652573823e-16,1.9244855475490013e-08,0.9999999807551443]",2
81,5414140f-2888-40b9-e1e2-7984f327,0.25,1.0,0.0,"[0.25,1.0,0.0]",0.15456755625992075,1.019054354425171,"[0.15456755625992075,1.019054354425171]","[7.211735788794038e-17,0.9451643240184823,0.05483567598151772]",1
82,54e1c86d-b289-f693-e3a3-5d393778,0.016666666666666663,0.8,0.8333333333333334,"[0.016666666666666663,0.8,0.8333333333333334]",0.9269254068280098,0.6511451167379614,"[0.9269254068280098,0.6511451167379614]","[5.566050441420172e-16,0.9386150714929594,0.061384928507040026]",1
83,554558f4-55fd-07df-ddb3-309239ad,0.027777777777777773,1.0,0.25,"[0.027777777777777773,1.0,0.25]",0.4648214469094584,0.916655346132017,"[0.4648214469094584,0.916655346132017]","[6.287235654606688e-06,0.8843371295462605,0.11565658321808493]",1
84,56a4a9a0-7ab4-0a76-0621-b118321b,0.25,1.0,0.0,"[0.25,1.0,0.0]",0.15456755625992075,1.019054354425171,"[0.15456755625992075,1.019054354425171]","[7.211735788794038e-17,0.9451643240184823,0.05483567598151772]",1
85,57b97824-05f2-21af-72f1-95f7d697,0.13888888888888887,0.5714285714285714,0.125,"[0.13888888888888887,0.5714285714285714,0.125]",0.19906690113739267,0.5651841054256976,"[0.19906690113739267,0.5651841054256976]","[1.6060127617087587e-16,1.6060127617088731e-16,0.9999999999999997]",2
86,5bfa22fd-175f-02d2-c446-36369a81,0.14583333333333334,0.1,0.0,"[0.14583333333333334,0.1,0.0]",-0.034598941575053346,0.140325255608361,"[-0.034598941575053346,0.140325255608361]","[1.5768496309180566e-15,1.5768496309180566e-15,0.9999999999999969]",2
87,5d557ed3-ce5e-24e4-a66e-aa966d6c,0.027777777777777773,0.6666666666666666,0.5,"[0.027777777777777773,0.6666666666666666,0.5]",0.5969751936995973,0.5717251212659402,"[0.5969751936995973,0.5717251212659402]","[4.444509681395108e-16,1.0305884255831734e-08,0.9999999896941153]",2
88,5e97ad83-2b2c-529e-f831-deac0066,0.125,0.5,0.2,"[0.125,0.5,0.2]",0.25184172695150076,0.48413368300597065,"[0.25184172695150076,0.48413368300597065]","[1.7103541624137534e-16,1.7103541624137534e-16,0.9999999999999997]",2
89,5fad3306-616d-9b57-3411-75efa34d,0.08333333333333333,0.6,0.3333333333333333,"[0.08333333333333333,0.6,0.3333333333333333]",0.41128738484530336,0.5479129801502789,"[0.41128738484530336,0.5479129801502789]","[1.9254626096446857e-16,1.9302434047041702e-16,0.9999999999999997]",2
90,600fadb1-9f64-3bf4-b14c-378c45ae,0.03125,0.9,0.4545454545454545,"[0.03125,0.9,0.4545454545454545]",0.6160951329660649,0.7978322377455852,"[0.6160951329660649,0.7978322377455852]","[7.794268119902875e-17,0.846404299268469,0.153595700731531]",1
91,6408c27b-ab13-d145-5b44-24f30202,0.25,1.0,0.25,"[0.25,1.0,0.25]",0.3727649922868462,0.9873124866669024,"[0.3727649922868462,0.9873124866669024]","[6.861414179387287e-17,0.8888422357511228,0.11115776424887733]",1
92,6613f3e0-2e08-24f1-52ba-bfab8807,0.6666666666666666,0.125,0.1111111111111111,"[0.6666666666666666,0.125,0.1111111111111111]",-0.14692634216985273,0.31530955873863153,"[-0.14692634216985273,0.31530955873863153]","[1.1162798451410131e-15,1.1162798451410131e-15,0.9999999999999978]",2
93,6809fd15-56b5-3424-e33d-88eb107c,0.3333333333333333,0.25,0.2,"[0.3333333333333333,0.25,0.2]",0.10100603381521187,0.3154834844265695,"[0.10100603381521187,0.3154834844265695]","[3.565868006936992e-16,3.565868006936992e-16,0.9999999999999993]",2
94,6a9b69a1-5f2e-6aea-63d9-0e9d77c1,0.013888888888888895,1.0,0.8571428571428571,"[0.013888888888888895,1.0,0.8571428571428571]",1.0004830342459048,0.8351518817213632,"[1.0004830342459048,0.8351518817213632]","[0.999858822671343,1.183871680380018e-09,0.0001411761447853792]",0
95,6c86b1d0-fd95-c414-78d2-9495251b,0.02083333333333333,0.75,0.8,"[0.02083333333333333,0.75,0.8]",0.8831998034480611,0.6097239335912549,"[0.8831998034480611,0.6097239335912549]","[1.3594952929342093e-15,0.767205433107108,0.23279456689289071]",1
96,6e25573c-8b7b-a2e7-a782-480ddb63,0.027777777777777773,0.3333333333333333,0.25,"[0.027777777777777773,0.3333333333333333,0.25]",0.2927340684358854,0.2902786319164004,"[0.2927340684358854,0.2902786319164004]","[3.992813000396997e-16,3.992813000396997e-16,0.9999999999999992]",2
97,6f168bc8-c816-a359-ba88-da8c663d,0.25,0.7142857142857143,0.125,"[0.25,0.7142857142857143,0.125]",0.18991454064185218,0.7347362573107725,"[0.18991454064185218,0.7347362573107725]","[2.08353074671466e-16,1.761197681962056e-12,0.9999999999982386]",2
98,6f359ebe-9f0a-2bae-a27a-c4ec1712,0.08333333333333333,1.0,0.5,"[0.08333333333333333,1.0,0.5]",0.6600047692807308,0.9025777635074699,"[0.6600047692807308,0.9025777635074699]","[8.572024760133576e-14,0.20171744570504926,0.798282554294865]",2
99,6f99bc0c-a871-5dd6-80cb-22296ada,0.25,1.0,0.0,"[0.25,1.0,0.0]",0.15456755625992075,1.019054354425171,"[0.15456755625992075,1.019054354425171]","[7.211735788794038e-17,0.9451643240184823,0.05483567598151772]",1
100,70eacff4-a340-e4fd-746a-807b58c3,0.25,1.0,0.16666666666666666,"[0.25,1.0,0.16666666666666666]",0.30003251361120437,0.9978931092529919,"[0.30003251361120437,0.9978931092529919]","[4.2545122817216605e-17,0.9398475649893454,0.060152435010654634]",1
101,74105285-3bd1-71b2-bb2b-df56e6f7,0.08333333333333333,1.0,0.25,"[0.08333333333333333,1.0,0.25]",0.4418073332538054,0.9343196312657384,"[0.4418073332538054,0.9343196312657384]","[1.9755693072103727e-13,0.886429690766564,0.11357030923323849]",1
102,74df8aff-e884-bc0d-7710-a23afc0d,0.3333333333333333,0.75,0.0,"[0.3333333333333333,0.75,0.0]",0.05551361884885128,0.8106595142948967,"[0.05551361884885128,0.8106595142948967]","[4.892366357937245e-16,9.135888813835494e-12,0.9999999999908636]",2
103,7550652e-a184-e590-1205-03d91e86,0.0,1.0,1.0,"[0.0,1.0,1.0]",1.1309208118180614,0.8125976002903509,"[1.1309208118180614,0.8125976002903509]","[0.9999836794629448,2.8878778754135384e-13,1.6320536766456037e-05]",0
104,755f4b52-e48e-eda7-42c0-2dabd3cf,0.016666666666666663,0.6,0.3333333333333333,"[0.016666666666666663,0.6,0.3333333333333333]",0.43890432123208706,0.5267158379898133,"[0.43890432123208706,0.5267158379898133]","[2.1970251031949938e-16,2.1980777794557484e-16,0.9999999999999996]",2
105,75bece44-7ed0-9de1-f411-854abe3b,0.027777777777777773,0.6666666666666666,0.5,"[0.027777777777777773,0.6666666666666666,0.5]",0.5969751936995973,0.5717251212659402,"[0.5969751936995973,0.5717251212659402]","[4.444509681395108e-16,1.0305884255831734e-08,0.9999999896941153]",2
106,77d5ac07-0cfc-ac01-e741-58dae777,0.05000000000000001,0.2857142857142857,0.0,"[0.05000000000000001,0.2857142857142857,0.0]",0.05303903134144354,0.28434501985561345,"[0.05303903134144354,0.28434501985561345]","[4.690645531444991e-16,4.690645531444991e-16,0.9999999999999991]",2
107,78928b9d-af19-1353-e439-c5b1d36f,0.3333333333333333,0.5,0.2,"[0.3333333333333333,0.5,0.2]",0.16553880074280175,0.5503747522574257,"[0.16553880074280175,0.5503747522574257]","[1.708395390429953e-16,1.708395390429953e-16,0.9999999999999997]",2
108,78f08216-f3b9-62f6-7676-e8f9b3e2,0.05555555555555556,0.5,0.2,"[0.05555555555555556,0.5,0.2]",0.28060936902106703,0.462053326588819,"[0.28060936902106703,0.462053326588819]","[1.8263525302256704e-16,1.8263525302256704e-16,0.9999999999999997]",2
109,7b7820c3-5040-cdf4-4448-bacd9426,0.6666666666666666,0.625,0.1111111111111111,"[0.6666666666666666,0.625,0.1111111111111111]",-0.017860808314672946,0.785092094400344,"[-0.017860808314672946,0.785092094400344]","[6.729614733054087e-16,6.94675918611719e-16,0.9999999999999987]",2
110,7c6856f2-bacb-4be2-61d0-ba4bf284,0.02083333333333333,0.75,0.8,"[0.02083333333333333,0.75,0.8]",0.8831998034480611,0.6097239335912549,"[0.8831998034480611,0.6097239335912549]","[1.3594952929342093e-15,0.767205433107108,0.23279456689289071]",1
111,7d0acedd-f795-6e39-b508-3eea42ac,0.0,0.8333333333333334,0.7142857142857143,"[0.0,0.8333333333333334,0.7142857142857143]",0.8385304688831818,0.6922798420316107,"[0.8385304688831818,0.6922798420316107]","[2.747604146590583e-16,0.9083918198145362,0.09160818018546349]",1
112,80e6c3aa-f56c-4679-d623-79d6fd2d,0.0,0.3333333333333333,0.25,"[0.0,0.3333333333333333,0.25]",0.30424112526371194,0.28144648934953975,"[0.30424112526371194,0.28144648934953975]","[4.3197282565990944e-16,4.3197282565990944e-16,0.9999999999999991]",2
113,85d4f155-5a13-7eb1-4d96-5c0b6e30,0.4583333333333333,0.9166666666666666,0.07692307692307693,"[0.4583333333333333,0.9166666666666666,0.07692307692307693]",0.1138913803656945,0.9972316058586681,"[0.1138913803656945,0.9972316058586681]","[3.132567218481572e-16,0.7634182058742082,0.23658179412579147]",1
114,8a2e2082-7444-5533-6931-1b05fd88,0.20833333333333331,0.8333333333333334,0.14285714285714285,"[0.20833333333333331,0.8333333333333334,0.14285714285714285]",0.2534905460415104,0.8310737518733937,"[0.2534905460415104,0.8310737518733937]","[2.673873521748034e-16,0.0004964940587470418,0.9995035059412527]",2
115,8a68d73e-17f5-4571-ef15-e1d03878,0.3333333333333333,1.0,0.1,"[0.3333333333333333,1.0,0.1]",0.20732536018721134,1.0328540350224453,"[0.20732536018721134,1.0328540350224453]","[4.2874691534294796e-17,0.9643068260240061,0.0356931739759939]",1
116,8a6d88da-00af-01eb-e85b-db817e28,0.13888888888888887,0.5714285714285714,0.25,"[0.13888888888888887,0.5714285714285714,0.25]",0.3081656191508554,0.5493131715465633,"[0.3081656191508554,0.5493131715465633]","[1.578267960647582e-16,1.5782679705983805e-16,0.9999999999999997]",2
117,8ae29d55-64a1-1cf2-962b-4a35e380,0.125,0.5555555555555556,0.1,"[0.125,0.5555555555555556,0.1]",0.1789033674135283,0.549028489627246,"[0.1789033674135283,0.549028489627246]","[1.667528029241724e-16,1.667528029241724e-16,0.9999999999999997]",2
118,8c7bdf99-8cda-02c4-7ccf-ad45ef8a,0.4583333333333333,0.9166666666666666,0.0,"[0.4583333333333333,0.9166666666666666,0.0]",0.04675370774202514,1.0069983343996738,"[0.04675370774202514,1.0069983343996738]","[1.0787487634069173e-15,0.4998781618560512,0.5001218381439477]",2
119,8cedbb4b-6088-0b3c-fc04-ad8ce093,0.2916666666666667,1.0,0.1111111111111111,"[0.2916666666666667,1.0,0.1111111111111111]",0.23428360925237002,1.0181950714940091,"[0.23428360925237002,1.0181950714940091]","[4.1304117157602134e-17,0.9573155312246633,0.042684468775336715]",1
120,8f38fcd5-8798-9850-2359-5268418e,0.08333333333333333,1.0,0.125,"[0.08333333333333333,1.0,0.125]",0.3327086152403427,0.9501905651448725,"[0.3327086152403427,0.9501905651448725]","[6.134131299199485e-14,0.9147624246795033,0.0852375753204352]",1
121,9187a2a4-6ffb-f4f5-f012-df8a1141,0.0,1.0,0.75,"[0.0,1.0,0.75]",0.9127233757911358,0.8443394680486194,"[0.9127233757911358,0.8443394680486194]","[0.9973143521797809,1.4823606559985916e-06,0.0026841654595631675]",0
122,92d86eda-129e-0d8c-0a73-835acef9,0.25,1.0,0.0,"[0.25,1.0,0.0]",0.15456755625992075,1.019054354425171,"[0.15456755625992075,1.019054354425171]","[7.211735788794038e-17,0.9451643240184823,0.05483567598151772]",1
123,9627fef7-14c0-4a88-0954-9cf43b68,0.2916666666666667,1.0,0.1111111111111111,"[0.2916666666666667,1.0,0.1111111111111111]",0.23428360925237002,1.0181950714940091,"[0.23428360925237002,1.0181950714940091]","[4.1304117157602134e-17,0.9573155312246633,0.042684468775336715]",1
124,97372a43-0a6d-3145-e63f-0202242e,0.16666666666666666,0.8,0.16666666666666666,"[0.16666666666666666,0.8,0.16666666666666666]",0.2829274705526121,0.783483667287725,"[0.2829274705526121,0.783483667287725]","[2.1147930151562851e-16,8.843779247271812e-06,0.9999911562207526]",2
125,97f93288-c344-0f1f-19c0-14aff5aa,0.02380952380952382,0.75,0.6666666666666666,"[0.02380952380952382,0.75,0.6666666666666666]",0.7655949386211957,0.6275992307183046,"[0.7655949386211957,0.6275992307183046]","[1.3203212779646143e-15,0.15278317617760195,0.8472168238223968]",2
126,98599cc0-703a-b3be-34dc-7bcf7e6a,0.5833333333333334,1.0,0.125,"[0.5833333333333334,1.0,0.125]",0.12558159233946506,1.1091691313483647,"[0.12558159233946506,1.1091691313483647]","[7.607465464772022e-17,0.9795775098988476,0.02042249010115235]",1
127,987749e2-fc0f-96db-2aa7-7df33e6d,0.08333333333333333,0.3333333333333333,0.5,"[0.08333333333333333,0.3333333333333333,0.5]",0.4879173908071578,0.2762010492918533,"[0.4879173908071578,0.2762010492918533]","[9.316607700195384e-16,9.316607700195384e-16,0.9999999999999981]",2
128,991dbd0d-8c68-1ed6-f469-0348585f,0.0,1.0,0.8571428571428571,"[0.0,1.0,0.8571428571428571]",1.0062365626598182,0.8307358104379329,"[1.0062365626598182,0.8307358104379329]","[0.9998566508461804,1.480737528084126e-09,0.00014334767308215633]",0
129,9946a658-3dc0-f680-6e04-89182b0f,0.16666666666666666,0.8,0.16666666666666666,"[0.16666666666666666,0.8,0.16666666666666666]",0.2829274705526121,0.783483667287725,"[0.2829274705526121,0.783483667287725]","[2.1147930151562851e-16,8.843779247271812e-06,0.9999911562207526]",2
130,999f9f91-e880-70f1-00d3-e8994609,0.05000000000000001,0.8571428571428571,0.375,"[0.05000000000000001,0.8571428571428571,0.375]",0.5278386526448943,0.7736265446887391,"[0.5278386526448943,0.7736265446887391]","[2.15593013045154e-16,0.3038845539662303,0.6961154460337695]",2
131,99d9bce0-1f7d-da02-6d84-afe0122e,0.20833333333333331,0.6666666666666666,0.14285714285714285,"[0.20833333333333331,0.6666666666666666,0.14285714285714285]",0.21046870142311713,0.6744795733194895,"[0.21046870142311713,0.6744795733194895]","[1.718760636810696e-16,2.3531974315170865e-16,0.9999999999999997]",2
132,9c5c43e2-3def-6e8f-844e-4ee72d08,0.05000000000000001,1.0,0.0,"[0.05000000000000001,1.0,0.0]",0.23741836542027178,0.9554629279437741,"[0.23741836542027178,0.9554629279437741]","[1.0959554846635599e-10,0.822947468533915,0.17705253135648957]",1
133,9cc2cc33-730e-86eb-e910-ff1ec6fd,0.25,1.0,0.0,"[0.25,1.0,0.0]",0.15456755625992075,1.019054354425171,"[0.15456755625992075,1.019054354425171]","[7.211735788794038e-17,0.9451643240184823,0.05483567598151772]",1
134,9dfba79f-46d5-9b68-3a28-dff09283,0.08333333333333333,1.0,0.0,"[0.08333333333333333,1.0,0.0]",0.22360989722687996,0.9660614990240068,"[0.22360989722687996,0.9660614990240068]","[9.642464532322796e-15,0.8532724088017614,0.14672759119822898]",1
135,9e184ea2-45e6-abdb-90a9-fb5b011b,0.11666666666666665,0.5454545454545454,0.16666666666666666,"[0.11666666666666665,0.5454545454545454,0.16666666666666666]",0.23793408288006285,0.5284237925123221,"[0.23793408288006285,0.5284237925123221]","[1.5923943632410525e-16,1.5923943632410535e-16,0.9999999999999997]",2
136,a070cc15-8fb3-b7eb-834d-d191a652,0.08333333333333333,0.6666666666666666,0.25,"[0.08333333333333333,0.6666666666666666,0.25]",0.3557636440170189,0.62113127415793,"[0.3557636440170189,0.62113127415793]","[1.605198385733553e-16,6.940910007557034e-15,0.9999999999999929]",2
137,a134cb86-69ed-3ceb-ab8b-42799b5f,0.20833333333333331,0.5,0.14285714285714285,"[0.20833333333333331,0.5,0.14285714285714285]",0.16744685680472388,0.5178853947655855,"[0.16744685680472388,0.5178853947655855]","[1.742880702509806e-16,1.742880702509806e-16,0.9999999999999997]",2
138,a1ac05b8-d131-07d0-f419-28c0d19a,0.4583333333333333,0.08333333333333333,0.15384615384615385,"[0.4583333333333333,0.08333333333333333,0.15384615384615385]",-0.03408017010260242,0.20449398454814177,"[-0.03408017010260242,0.20449398454814177]","[1.0105768485050221e-15,1.0105768485050221e-15,0.999999999999998]",2
139,a1b9f7ef-402c-6b05-11c1-33d65f47,0.5833333333333334,1.0,0.0,"[0.5833333333333334,1.0,0.0]",0.016482874326002345,1.125040065227499,"[0.016482874326002345,1.125040065227499]","[7.200399739772232e-17,0.9922420918265172,0.007757908173482777]",1
140,a4793f2a-58de-2b33-168f-32424641,0.25,0.6666666666666666,0.0,"[0.25,0.6666666666666666,0.0]",0.06852386702313423,0.7058659973173625,"[0.06852386702313423,0.7058659973173625]","[2.934553402185207e-16,2.934596201345636e-16,0.9999999999999994]",2
141,a55e8048-fa92-f072-72e3-bbf2ba61,0.0,1.0,1.0,"[0.0,1.0,1.0]",1.1309208118180614,0.8125976002903509,"[1.1309208118180614,0.8125976002903509]","[0.9999836794629448,2.8878778754135384e-13,1.6320536766456037e-05]",0
142,a7010942-2bf9-c022-3897-796a718f,0.125,0.75,0.2,"[0.125,0.75,0.2]",0.3163744938790906,0.7190249508368268,"[0.3163744938790906,0.7190249508368268]","[1.7343930713394913e-16,8.922164802657455e-09,0.9999999910778351]",2
143,a898d118-8b18-a02c-ae58-2a774d5f,0.20833333333333331,0.3333333333333333,0.14285714285714285,"[0.20833333333333331,0.3333333333333333,0.14285714285714285]",0.12442501218633062,0.36129121621168125,"[0.12442501218633062,0.36129121621168125]","[2.789416247375157e-16,2.789416247375157e-16,0.9999999999999994]",2
144,a932ede5-1443-cb58-2838-6a6efc0a,0.0,1.0,1.0,"[0.0,1.0,1.0]",1.1309208118180614,0.8125976002903509,"[1.1309208118180614,0.8125976002903509]","[0.9999836794629448,2.8878778754135384e-13,1.6320536766456037e-05]",0
145,a96e9db0-5940-66d7-4a98-2379b34d,0.05555555555555556,0.75,0.2,"[0.05555555555555556,0.75,0.2]",0.34514213594865695,0.6969445944196752,"[0.34514213594865695,0.6969445944196752]","[1.6886792294698533e-16,2.7685532990924718e-09,0.9999999972314465]",2
146,a98a0de3-d8ed-675c-b2d4-ac776c7b,0.0,1.0,1.0,"[0.0,1.0,1.0]",1.1309208118180614,0.8125976002903509,"[1.1309208118180614,0.8125976002903509]","[0.9999836794629448,2.8878778754135384e-13,1.6320536766456037e-05]",0
147,a997f5a7-10f2-8566-1c1d-559b423c,0.2777777777777777,1.0,0.15384615384615385,"[0.2777777777777777,1.0,0.15384615384615385]",0.27733584467943295,1.0083530399100202,"[0.27733584467943295,1.0083530399100202]","[4.247916881474035e-17,0.9469403375003397,0.053059662499660196]",1
148,abcc36e1-adfa-f564-04d4-d632273a,0.04166666666666666,0.8,0.3333333333333333,"[0.04166666666666666,0.8,0.3333333333333333]",0.4801741836291151,0.7225777805646729,"[0.4801741836291151,0.7225777805646729]","[2.3503139036963073e-16,0.0009613167528715901,0.9990386832471282]",2
149,abda0840-539e-d7ad-7f3c-e3005350,0.0625,0.6666666666666666,0.5714285714285714,"[0.0625,0.6666666666666666,0.5714285714285714]",0.6449334972439358,0.5736961944007251,"[0.6449334972439358,0.5736961944007251]","[6.198408472319941e-16,6.526030959959696e-07,0.9999993473969033]",2
150,abe4e05a-6e7f-9b91-6fc2-255d8ca8,0.08333333333333333,0.6666666666666666,0.0,"[0.08333333333333333,0.6666666666666666,0.0]",0.13756620799009345,0.6528731419161985,"[0.13756620799009345,0.6528731419161985]","[1.9676057243054046e-16,1.9676062087473502e-16,0.9999999999999996]",2
151,ad50ec3a-b5fa-441c-dff6-68962309,0.25,0.0,0.25,"[0.25,0.0,0.25]",0.11463392457648663,0.04774741534347757,"[0.11463392457648663,0.04774741534347757]","[2.559231879531309e-15,2.559231879531309e-15,0.9999999999999949]",2
152,af82af91-5c05-62ed-d5f4-ab452057,0.25,1.0,0.125,"[0.25,1.0,0.125]",0.26366627427338346,1.0031834205460366,"[0.26366627427338346,1.0031834205460366]","[4.0138602489272973e-17,0.9492410663657689,0.05075893363423121]",1
153,b203a259-8fca-f544-f793-7196165c,0.5833333333333334,1.0,0.0,"[0.5833333333333334,1.0,0.0]",0.016482874326002345,1.125040065227499,"[0.016482874326002345,1.125040065227499]","[7.200399739772232e-17,0.9922420918265172,0.007757908173482777]",1
154,b341bfef-bd17-e48f-e3c6-71e45a3b,0.5833333333333334,0.42857142857142855,0.125,"[0.5833333333333334,0.42857142857142855,0.125]",-0.02192187492359754,0.5722748048778361,"[-0.02192187492359754,0.5722748048778361]","[3.590334800802985e-16,3.590334800802985e-16,0.9999999999999993]",2
155,b3ed71c3-f69d-be41-8e55-61063ba5,0.25,1.0,0.25,"[0.25,1.0,0.25]",0.3727649922868462,0.9873124866669024,"[0.3727649922868462,0.9873124866669024]","[6.861414179387287e-17,0.8888422357511228,0.11115776424887733]",1
156,b4317fab-f533-bf46-11da-30745ab3,0.08333333333333333,1.0,0.0,"[0.08333333333333333,1.0,0.0]",0.22360989722687996,0.9660614990240068,"[0.22360989722687996,0.9660614990240068]","[9.642464532322796e-15,0.8532724088017614,0.14672759119822898]",1
157,b51ab28b-c73d-4a8a-b819-1193d14b,0.047619047619047616,0.9,0.5454545454545454,"[0.047619047619047616,0.9,0.5454545454545454]",0.6886587109555621,0.7914943958201278,"[0.6886587109555621,0.7914943958201278]","[1.0482121713473236e-16,0.8699129509930061,0.13008704900699386]",1
158,bbed801c-180e-99dc-7c6b-4a6ce07e,0.0,1.0,0.75,"[0.0,1.0,0.75]",0.9127233757911358,0.8443394680486194,"[0.9127233757911358,0.8443394680486194]","[0.9973143521797809,1.4823606559985916e-06,0.0026841654595631675]",0
159,bc165eba-99d1-fcf2-3c18-7b8ddbe3,0.16666666666666666,0.125,0.0,"[0.16666666666666666,0.125,0.0]",-0.036775957503164244,0.17043848931659214,"[-0.036775957503164244,0.17043848931659214]","[1.2795397031875711e-15,1.2795397031875711e-15,0.9999999999999974]",2
160,bc59fb83-de20-c8dc-0046-06b5a884,0.4166666666666667,1.0,0.16666666666666666,"[0.4166666666666667,1.0,0.16666666666666666]",0.23099017264424515,1.050885964654156,"[0.23099017264424515,1.050885964654156]","[5.790661339973028e-17,0.9556749888729889,0.04432501112701117]",1
161,bde2c3b9-096f-3106-3105-39e3c690,0.16666666666666666,0.875,0.0,"[0.16666666666666666,0.875,0.0]",0.1568223432796054,0.8751122928091608,"[0.1568223432796054,0.8751122928091608]","[4.4108966933514393e-16,0.00036357083372903656,0.9996364291662706]",2
162,be7e4626-8ea8-e4e7-bd98-df4d6b7e,0.05555555555555556,0.75,0.4,"[0.05555555555555556,0.75,0.4]",0.5197000847701974,0.6715511002130603,"[0.5197000847701974,0.6715511002130603]","[2.6376120126765224e-16,3.24390708648638e-05,0.9999675609291349]",2
163,be8f96e0-decb-0d0f-f5a0-da9a731a,0.0,1.0,1.0,"[0.0,1.0,1.0]",1.1309208118180614,0.8125976002903509,"[1.1309208118180614,0.8125976002903509]","[0.9999836794629448,2.8878778754135384e-13,1.6320536766456037e-05]",0
164,bf2d4ca4-7b76-c83f-c25b-69db4d40,0.375,1.0,0.0,"[0.375,1.0,0.0]",0.10278580053470135,1.058798995976044,"[0.10278580053470135,1.058798995976044]","[6.504804666068396e-17,0.9740421628560436,0.025957837143956317]",1
165,c0a279eb-433f-7d20-4fe4-30c7bf1d,0.5,0.3333333333333333,0.0,"[0.5,0.3333333333333333,0.0]",-0.12108333366409108,0.47216692331130033,"[-0.12108333366409108,0.47216692331130033]","[6.757849562730597e-16,6.757849562730597e-16,0.9999999999999987]",2
166,c0e4f1b6-286e-9a62-9b55-08b882ec,0.025000000000000005,1.0,0.2307692307692308,"[0.025000000000000005,1.0,0.2307692307692308]",0.44918773443632376,0.9182138140105823,"[0.44918773443632376,0.9182138140105823]","[1.0200472250307736e-06,0.8922573810276013,0.1077415989251737]",1
167,c0f2c451-9f22-3dc5-b0ab-d6747910,0.75,1.0,0.1,"[0.75,1.0,0.1]",0.034719507769813335,1.1653361735253556,"[0.034719507769813335,1.1653361735253556]","[1.2623128287539837e-16,0.9903769148622676,0.009623085137732211]",1
168,c1b850ff-362a-890f-0c23-014773bb,0.4166666666666667,1.0,0.16666666666666666,"[0.4166666666666667,1.0,0.16666666666666666]",0.23099017264424515,1.050885964654156,"[0.23099017264424515,1.050885964654156]","[5.790661339973028e-17,0.9556749888729889,0.04432501112701117]",1
169,c24334a0-477a-6656-021d-668ba57f,0.5,1.0,0.0,"[0.5,1.0,0.0]",0.05100404480948195,1.0985436375269169,"[0.05100404480948195,1.0985436375269169]","[6.621734067893743e-17,0.9875227782371753,0.012477221762824635]",1
170,c3385c79-a01d-377d-9eac-6cf460e9,0.25,1.0,0.125,"[0.25,1.0,0.125]",0.26366627427338346,1.0031834205460366,"[0.26366627427338346,1.0031834205460366]","[4.0138602489272973e-17,0.9492410663657689,0.05075893363423121]",1
171,c9f74898-df82-973e-76ca-08186d7c,0.4166666666666667,1.0,0.16666666666666666,"[0.4166666666666667,1.0,0.16666666666666666]",0.23099017264424515,1.050885964654156,"[0.23099017264424515,1.050885964654156]","[5.790661339973028e-17,0.9556749888729889,0.04432501112701117]",1
172,cc1e5f29-a1bd-4a13-5c8d-dbcaa11b,0.16666666666666666,1.0,0.16666666666666666,"[0.16666666666666666,1.0,0.16666666666666666]",0.334553684094684,0.9713966815524099,"[0.334553684094684,0.9713966815524099]","[3.982102972998115e-17,0.9286887581852116,0.07131124181478847]",1
173,ce280b9f-f7cf-eef4-dd34-fdc44bfe,0.08333333333333333,0.6666666666666666,0.25,"[0.08333333333333333,0.6666666666666666,0.25]",0.3557636440170189,0.62113127415793,"[0.3557636440170189,0.62113127415793]","[1.605198385733553e-16,6.940910007557034e-15,0.9999999999999929]",2
174,ce4913ec-b21e-60b6-d455-4bc5b2b4,0.027777777777777773,0.6666666666666666,0.75,"[0.027777777777777773,0.6666666666666666,0.75]",0.8151726297265227,0.5399832535076717,"[0.8151726297265227,0.5399832535076717]","[3.3436496251270195e-15,0.0011944672986300513,0.9988055327013665]",2
175,ceff0481-0e5a-e1d8-5361-b5ba2a52,0.02380952380952382,0.875,0.5555555555555556,"[0.02380952380952382,0.875,0.5555555555555556]",0.7008846838508016,0.7591523614151854,"[0.7008846838508016,0.7591523614151854]","[1.1341349540262232e-16,0.8655405817837047,0.13445941821629512]",1
176,cf23b843-3219-15e7-f878-361bbfeb,0.4166666666666667,0.8,0.16666666666666666,"[0.4166666666666667,0.8,0.16666666666666666]",0.17936395910217326,0.8629729503894711,"[0.17936395910217326,0.8629729503894711]","[3.7911995989161923e-16,0.00031070534804646474,0.9996892946519531]",2
177,d0fe3bbe-eeeb-e784-986f-51c01c74,0.0,1.0,1.0,"[0.0,1.0,1.0]",1.1309208118180614,0.8125976002903509,"[1.1309208118180614,0.8125976002903509]","[0.9999836794629448,2.8878778754135384e-13,1.6320536766456037e-05]",0
178,d2a78c5a-c501-ea53-1bcf-2fedb47d,0.02380952380952382,0.5,0.4444444444444444,"[0.02380952380952382,0.5,0.4444444444444444]",0.5071088952252276,0.42092295645035377,"[0.5071088952252276,0.42092295645035377]","[4.3199611683297894e-16,4.319961168353308e-16,0.9999999999999991]",2
179,d41a406c-81b7-dca2-962a-a408e155,0.25,1.0,0.25,"[0.25,1.0,0.25]",0.3727649922868462,0.9873124866669024,"[0.3727649922868462,0.9873124866669024]","[6.861414179387287e-17,0.8888422357511228,0.11115776424887733]",1
180,d424420a-72ee-7166-ac7e-9b96c0e6,0.05000000000000001,0.7142857142857143,0.125,"[0.05000000000000001,0.7142857142857143,0.125]",0.27276534980220324,0.6711448308293757,"[0.27276534980220324,0.6711448308293757]","[1.5980932890137018e-16,2.7509434505436033e-14,0.9999999999999724]",2
181,d4ca59b9-1058-6388-4cc5-e58c2290,0.0,1.0,0.8333333333333334,"[0.0,1.0,0.8333333333333334]",0.9854558544667776,0.8337588454625299,"[0.9854558544667776,0.8337588454625299]","[0.999750279243237,6.625511131978482e-09,0.0002497141312517025]",0
182,d5d7fee4-5428-bea3-17aa-30fb97f1,0.05555555555555556,0.75,0.0,"[0.05555555555555556,0.75,0.0]",0.1705841871271166,0.7223380886262899,"[0.1705841871271166,0.7223380886262899]","[2.108859699219429e-16,2.1996090501807458e-14,0.9999999999999779]",2
183,d6458839-e410-c16f-44d7-7aad9b6b,0.8333333333333334,1.0,0.09090909090909093,"[0.8333333333333334,1.0,0.09090909090909093]",-0.0077361149328272205,1.1929868509626018,"[-0.0077361149328272205,1.1929868509626018]","[1.7612079432094241e-16,0.993349186943893,0.006650813056106845]",1
184,d80b6775-ae61-8dae-98ce-99412037,0.25,1.0,0.25,"[0.25,1.0,0.25]",0.3727649922868462,0.9873124866669024,"[0.3727649922868462,0.9873124866669024]","[6.861414179387287e-17,0.8888422357511228,0.11115776424887733]",1
185,d89aba44-424b-9d5d-5dd4-f1fbabf1,0.8333333333333334,1.0,0.09090909090909093,"[0.8333333333333334,1.0,0.09090909090909093]",-0.0077361149328272205,1.1929868509626018,"[-0.0077361149328272205,1.1929868509626018]","[1.7612079432094241e-16,0.993349186943893,0.006650813056106845]",1
186,d92b593e-555f-9b3b-4007-752ea02c,0.5833333333333334,1.0,0.0,"[0.5833333333333334,1.0,0.0]",0.016482874326002345,1.125040065227499,"[0.016482874326002345,1.125040065227499]","[7.200399739772232e-17,0.9922420918265172,0.007757908173482777]",1
187,d964c832-c32d-77ff-672a-1cf12f7e,0.6666666666666666,0.875,0.1111111111111111,"[0.6666666666666666,0.875,0.1111111111111111]",0.04667195861291691,1.0199833622312002,"[0.04667195861291691,1.0199833622312002]","[6.939292954148586e-16,0.7153483350745021,0.2846516649254972]",1
188,daf25c41-8b84-6414-7646-b7df2abd,0.5833333333333334,1.0,0.125,"[0.5833333333333334,1.0,0.125]",0.12558159233946506,1.1091691313483647,"[0.12558159233946506,1.1091691313483647]","[7.607465464772022e-17,0.9795775098988476,0.02042249010115235]",1
189,db98a0d9-3d4f-4219-b27d-74a44a01,0.0,1.0,1.0,"[0.0,1.0,1.0]",1.1309208118180614,0.8125976002903509,"[1.1309208118180614,0.8125976002903509]","[0.9999836794629448,2.8878778754135384e-13,1.6320536766456037e-05]",0
190,dd30c478-d26e-3f37-f395-b912bead,0.6666666666666666,1.0,0.0,"[0.6666666666666666,1.0,0.0]",-0.018038296157477207,1.151536492928081,"[-0.018038296157477207,1.151536492928081]","[8.30684373026086e-17,0.9951172284023543,0.004882771597645832]",1
191,de14f7c6-1844-4e1b-bb5c-16ceef86,0.0,1.0,1.0,"[0.0,1.0,1.0]",1.1309208118180614,0.8125976002903509,"[1.1309208118180614,0.8125976002903509]","[0.9999836794629448,2.8878778754135384e-13,1.6320536766456037e-05]",0
192,dfc849d9-7793-4345-d533-579da01b,0.14583333333333334,1.0,0.2727272727272727,"[0.14583333333333334,1.0,0.2727272727272727]",0.43575258593909794,0.9513063276995142,"[0.43575258593909794,0.9513063276995142]","[6.72629424694585e-17,0.8671841509110009,0.13281584908899902]",1
193,e091c85e-d8a5-ed63-dfdb-631d4614,0.0,1.0,0.75,"[0.0,1.0,0.75]",0.9127233757911358,0.8443394680486194,"[0.9127233757911358,0.8443394680486194]","[0.9973143521797809,1.4823606559985916e-06,0.0026841654595631675]",0
194,e3485d79-4f92-1fff-4e64-56943e9b,0.125,0.7777777777777778,0.4,"[0.125,0.7777777777777778,0.4]",0.49810275013702987,0.719730486389196,"[0.49810275013702987,0.719730486389196]","[2.496855731721333e-16,0.0018672620877081209,0.9981327379122916]",2
195,e65e8c36-5f2d-131d-9602-cd643f97,0.25,0.0,0.0,"[0.25,0.0,0.0]",-0.1035635114504388,0.07948928310174605,"[-0.1035635114504388,0.07948928310174605]","[3.4913522522805123e-15,3.4913522522805123e-15,0.999999999999993]",2
196,e74ddfe8-97b1-613e-1495-f884f58c,0.0,1.0,1.0,"[0.0,1.0,1.0]",1.1309208118180614,0.8125976002903509,"[1.1309208118180614,0.8125976002903509]","[0.9999836794629448,2.8878778754135384e-13,1.6320536766456037e-05]",0
197,e88cc767-fc0d-54d4-243a-4479ebf9,0.20833333333333331,1.0,0.14285714285714285,"[0.20833333333333331,1.0,0.14285714285714285]",0.29651239065990365,0.987667930427298,"[0.29651239065990365,0.987667930427298]","[3.950247816524752e-17,0.9398918639701731,0.060108136029826835]",1
198,e9822752-a8af-cf42-1ddc-d2518ca8,0.16666666666666666,0.75,0.2222222222222222,"[0.16666666666666666,0.75,0.2222222222222222]",0.3185092362841886,0.7294516653308273,"[0.3185092362841886,0.7294516653308273]","[1.7770283213543317e-16,5.360934614848069e-08,0.9999999463906537]",2
199,e99d6a57-d572-b7f6-34cf-3ac76f24,0.0,1.0,1.0,"[0.0,1.0,1.0]",1.1309208118180614,0.8125976002903509,"[1.1309208118180614,0.8125976002903509]","[0.9999836794629448,2.8878778754135384e-13,1.6320536766456037e-05]",0
200,eb9864df-c827-4027-9de4-5829eee9,0.14583333333333334,0.4,0.2727272727272727,"[0.14583333333333334,0.4,0.2727272727272727]",0.28087394531288223,0.3875672849054592,"[0.28087394531288223,0.3875672849054592]","[2.364988989216969e-16,2.364988989216969e-16,0.9999999999999996]",2
201,eba3b0ea-3aeb-a6e3-8df6-742db8a0,0.20833333333333331,1.0,0.14285714285714285,"[0.20833333333333331,1.0,0.14285714285714285]",0.29651239065990365,0.987667930427298,"[0.29651239065990365,0.987667930427298]","[3.950247816524752e-17,0.9398918639701731,0.060108136029826835]",1
202,ebdd7e01-09f4-dbf1-8a08-602d0001,0.027777777777777773,1.0,0.75,"[0.027777777777777773,1.0,0.75]",0.9012163189633093,0.8531716106154801,"[0.9012163189633093,0.8531716106154801]","[0.9948137280565118,2.0348200234780348e-06,0.005184237123464808]",0
203,ed71098a-9600-3bac-4cca-70ce0496,0.0,1.0,1.0,"[0.0,1.0,1.0]",1.1309208118180614,0.8125976002903509,"[1.1309208118180614,0.8125976002903509]","[0.9999836794629448,2.8878778754135384e-13,1.6320536766456037e-05]",0
204,ed71bd28-a732-78c0-de66-e32f77c8,0.0,1.0,1.0,"[0.0,1.0,1.0]",1.1309208118180614,0.8125976002903509,"[1.1309208118180614,0.8125976002903509]","[0.9999836794629448,2.8878778754135384e-13,1.6320536766456037e-05]",0
205,edcaf7c0-7593-61d2-f4e9-689b8340,0.16666666666666666,0.6,0.3333333333333333,"[0.16666666666666666,0.6,0.3333333333333333]",0.3767662143618238,0.5744094078508609,"[0.3767662143618238,0.5744094078508609]","[1.70321609060493e-16,1.7345135212456482e-16,0.9999999999999997]",2
206,ef70bde5-8a4d-68a0-4f26-e5253d2c,0.25,0.6666666666666666,0.25,"[0.25,0.6666666666666666,0.25]",0.28672130305005966,0.6741241295590941,"[0.28672130305005966,0.6741241295590941]","[1.5980075413358425e-16,2.0721464008285602e-13,0.9999999999997926]",2
207,f2a9ccb0-9831-6d2a-6254-8f0366c9,0.16666666666666666,1.0,0.16666666666666666,"[0.16666666666666666,1.0,0.16666666666666666]",0.334553684094684,0.9713966815524099,"[0.334553684094684,0.9713966815524099]","[3.982102972998115e-17,0.9286887581852116,0.07131124181478847]",1
208,f4bf52fc-cffa-0f52-f4f9-2eff92fc,0.25,0.0,0.25,"[0.25,0.0,0.25]",0.11463392457648663,0.04774741534347757,"[0.11463392457648663,0.04774741534347757]","[2.559231879531309e-15,2.559231879531309e-15,0.9999999999999949]",2
209,f5196f35-183f-1d55-1883-5fef618e,0.08333333333333333,1.0,0.0,"[0.08333333333333333,1.0,0.0]",0.22360989722687996,0.9660614990240068,"[0.22360989722687996,0.9660614990240068]","[9.642464532322796e-15,0.8532724088017614,0.14672759119822898]",1
210,f6956137-aec3-29d6-ad64-d870e209,0.033333333333333326,1.0,0.42857142857142855,"[0.033333333333333326,1.0,0.42857142857142855]",0.6183753469916969,0.8957490119609116,"[0.6183753469916969,0.8957490119609116]","[0.07183452429146586,0.5089562190492699,0.41920925665926423]",1
211,f6c2c059-c90e-1566-cc25-b0823249,0.75,1.0,0.1,"[0.75,1.0,0.1]",0.034719507769813335,1.1653361735253556,"[0.034719507769813335,1.1653361735253556]","[1.2623128287539837e-16,0.9903769148622676,0.009623085137732211]",1
212,f6cd37ab-4add-fb6f-20c2-2374f109,0.3333333333333333,1.0,0.0,"[0.3333333333333333,1.0,0.0]",0.12004638577644117,1.0455507821257528,"[0.12004638577644117,1.0455507821257528]","[6.646994521295806e-17,0.9667272142863748,0.033272785713625255]",1
213,f83fd099-8c89-2894-3a91-bb38be88,0.13888888888888887,1.0,0.375,"[0.13888888888888887,1.0,0.375]",0.527891937611615,0.9361129825203254,"[0.527891937611615,0.9361129825203254]","[1.9901812178798405e-16,0.6553035826722577,0.34469641732774214]",1
214,f8c2bef5-12f7-05a2-39e8-43daff7b,0.04166666666666666,0.4,0.0,"[0.04166666666666666,0.4,0.0]",0.08599184184240402,0.389074242379661,"[0.08599184184240402,0.389074242379661]","[2.762184659223971e-16,2.762184659223971e-16,0.9999999999999994]",2
215,f8f5aa96-ff9b-eb8f-c3dc-06293d3f,0.08333333333333333,0.6666666666666666,0.0,"[0.08333333333333333,0.6666666666666666,0.0]",0.13756620799009345,0.6528731419161985,"[0.13756620799009345,0.6528731419161985]","[1.9676057243054046e-16,1.9676062087473502e-16,0.9999999999999996]",2
216,fcb83a6e-9298-b96c-29e5-c217b27f,0.11111111111111112,0.8333333333333334,0.14285714285714285,"[0.11111111111111112,0.8333333333333334,0.14285714285714285]",0.29376524493890327,0.8001612528893814,"[0.29376524493890327,0.8001612528893814]","[2.234100091847739e-16,0.00013931404536530169,0.9998606859546345]",2
217,ff3d026c-5e45-1835-2b58-e6308d38,0.25,0.6666666666666666,0.25,"[0.25,0.6666666666666666,0.25]",0.28672130305005966,0.6741241295590941,"[0.28672130305005966,0.6741241295590941]","[1.5980075413358425e-16,2.0721464008285602e-13,0.9999999999997926]",2
218,ff549000-a9c8-4964-1ece-6923a32e,0.05555555555555556,1.0,0.6,"[0.05555555555555556,1.0,0.6]",0.7587908005193275,0.8810488738373018,"[0.7587908005193275,0.8810488738373018]","[0.0004918714101687073,0.027847245687450974,0.9716608829023803]",2
