,users,intensityNormalized,order,freq,pcaInput,_1,_2,features,prediction
0,AB,0.027777777777777773,1.0,0.75,"[0.027777777777777773,1.0,0.75]",0.7538809625328782,0.9885915165681397,"[0.7538809625328782,0.9885915165681397]",3
1,Albert,0.025000000000000005,0.9166666666666666,0.7692307692307693,"[0.025000000000000005,0.9166666666666666,0.7692307692307693]",0.766464986987486,0.9064640019768267,"[0.766464986987486,0.9064640019768267]",3
2,Aleksander Valant,0.5833333333333334,1.0,0.125,"[0.5833333333333334,1.0,0.125]",-0.03459060763976764,1.096855576658519,"[-0.03459060763976764,1.096855576658519]",1
3,Aleksandra,0.4166666666666667,0.9090909090909092,0.0,"[0.4166666666666667,0.9090909090909092,0.0]",-0.09243754712633102,0.973969669724899,"[-0.09243754712633102,0.973969669724899]",1
4,alenka dornik,0.04166666666666666,0.7272727272727273,0.4166666666666667,"[0.04166666666666666,0.7272727272727273,0.4166666666666667]",0.42149646913558814,0.7227136130460683,"[0.42149646913558814,0.7227136130460683]",2
5,Alenka Neudauer,0.007575757575757569,1.0,0.9166666666666666,"[0.007575757575757569,1.0,0.9166666666666666]",0.9150428991957777,0.9852667201548742,"[0.9150428991957777,0.9852667201548742]",3
6,alesj,0.05555555555555556,0.75,0.6,"[0.05555555555555556,0.75,0.6]",0.5866038550986568,0.7485357105676298,"[0.5866038550986568,0.7485357105676298]",2
7,alexhana,0.02083333333333333,0.75,0.4,"[0.02083333333333333,0.75,0.4]",0.4158362104952095,0.7407526330152656,"[0.4158362104952095,0.7407526330152656]",2
8,alja,0.0119047619047619,1.0,0.875,"[0.0119047619047619,1.0,0.875]",0.8750292786506345,0.9859538650122647,"[0.8750292786506345,0.9859538650122647]",3
9,Alja��,0.00833333333333334,0.8,0.2727272727272727,"[0.00833333333333334,0.8,0.2727272727272727]",0.30719342070514655,0.7867084958014079,"[0.30719342070514655,0.7867084958014079]",0
10,alma,0.2916666666666667,1.0,0.0,"[0.2916666666666667,1.0,0.0]",-0.03772580548461167,1.0380901058885372,"[-0.03772580548461167,1.0380901058885372]",1
11,amanita.amanita,0.13333333333333333,0.3333333333333333,0.2307692307692308,"[0.13333333333333333,0.3333333333333333,0.2307692307692308]",0.18598121461494752,0.3542212583438253,"[0.18598121461494752,0.3542212583438253]",0
12,Ana Horvath,0.0,0.75,0.6,"[0.0,0.75,0.6]",0.6079223538834408,0.737443533631346,"[0.6079223538834408,0.737443533631346]",2
13,Ana Stadler,0.08333333333333333,1.0,0.25,"[0.08333333333333333,1.0,0.25]",0.2723331978882506,0.9975575260864564,"[0.2723331978882506,0.9975575260864564]",1
14,AnaPetar,0.25,1.0,0.25,"[0.25,1.0,0.25]",0.20837770153389817,1.030834056895308,"[0.20837770153389817,1.030834056895308]",1
15,AnBn,0.05952380952380953,1.0,0.5,"[0.05952380952380953,1.0,0.5]",0.5115843302973655,0.9938668196798898,"[0.5115843302973655,0.9938668196798898]",2
16,Ando Saina,0.0,1.0,1.0,"[0.0,1.0,1.0]",0.994654844855192,0.9841085118089814,"[0.994654844855192,0.9841085118089814]",3
17,Andra�� ��unkar,0.018518518518518528,0.9,0.8181818181818182,"[0.018518518518518528,0.9,0.8181818181818182]",0.81277295060374,0.8890471346354196,"[0.81277295060374,0.8890471346354196]",3
18,andrea vlastelica,0.05952380952380953,0.7272727272727273,0.5,"[0.05952380952380953,0.7272727272727273,0.5]",0.4913489721695005,0.7266333168690587,"[0.4913489721695005,0.7266333168690587]",2
19,andrea zavorovic,0.13888888888888887,0.2857142857142857,0.125,"[0.13888888888888887,0.2857142857142857,0.125]",0.08296001611314481,0.3082208919017862,"[0.08296001611314481,0.3082208919017862]",0
20,Andrej_A,0.2222222222222222,0.9,0.2727272727272727,"[0.2222222222222222,0.9,0.2727272727272727]",0.23253683169727807,0.9273989947034053,"[0.23253683169727807,0.9273989947034053]",1
21,AndrejaN,0.25,1.0,0.0,"[0.25,1.0,0.0]",-0.02173693139602355,1.0297709731863245,"[-0.02173693139602355,1.0297709731863245]",1
22,Andro Zuanic,0.08333333333333333,0.6666666666666666,0.5,"[0.08333333333333333,0.6666666666666666,0.5]",0.47771572643967064,0.6720018841377575,"[0.47771572643967064,0.6720018841377575]",2
23,andrzej,0.027777777777777773,0.6666666666666666,0.5,"[0.027777777777777773,0.6666666666666666,0.5]",0.4990342252244548,0.6609097072014737,"[0.4990342252244548,0.6609097072014737]",2
24,ane,0.5833333333333334,1.0,0.125,"[0.5833333333333334,1.0,0.125]",-0.03459060763976764,1.096855576658519,"[-0.03459060763976764,1.096855576658519]",1
25,Anela,0.08333333333333333,0.6666666666666666,0.25,"[0.08333333333333333,0.6666666666666666,0.25]",0.2476010935097489,0.670938800428774,"[0.2476010935097489,0.670938800428774]",0
26,anja menih,0.25,1.0,0.0,"[0.25,1.0,0.0]",-0.02173693139602355,1.0297709731863245,"[-0.02173693139602355,1.0297709731863245]",1
27,anja.r,0.25,1.0,0.0,"[0.25,1.0,0.0]",-0.02173693139602355,1.0297709731863245,"[-0.02173693139602355,1.0297709731863245]",1
28,Ankica,0.375,1.0,0.09090909090909093,"[0.375,1.0,0.09090909090909093]",0.013974494676365468,1.0551149471871388,"[0.013974494676365468,1.0551149471871388]",1
29,Annie,0.0,1.0,1.0,"[0.0,1.0,1.0]",0.994654844855192,0.9841085118089814,"[0.994654844855192,0.9841085118089814]",3
30,Annie Cornu,0.9166666666666666,1.0,0.0,"[0.9166666666666666,1.0,0.0]",-0.27755891681343337,1.1628770964217303,"[-0.27755891681343337,1.1628770964217303]",1
31,ante vrataric,0.08333333333333333,1.0,0.3333333333333333,"[0.08333333333333333,1.0,0.3333333333333333]",0.34903807553155786,0.9979118873227842,"[0.34903807553155786,0.9979118873227842]",1
32,anton jane��,0.10000000000000002,1.0,0.3636363636363637,"[0.10000000000000002,1.0,0.3636363636363637]",0.3705352086755071,1.0013683990350615,"[0.3705352086755071,1.0013683990350615]",1
33,Anze-G,0.25,1.0,0.25,"[0.25,1.0,0.25]",0.20837770153389817,1.030834056895308,"[0.20837770153389817,1.030834056895308]",1
34,Anzze99,0.04166666666666666,0.875,0.6666666666666666,"[0.04166666666666666,0.875,0.6666666666666666]",0.6625719210514367,0.8685281774442519,"[0.6625719210514367,0.8685281774442519]",2
35,Apsirtgirl,0.033333333333333326,1.0,0.7142857142857143,"[0.033333333333333326,1.0,0.7142857142857143]",0.7188755936644109,0.9895488651604848,"[0.7188755936644109,0.9895488651604848]",3
36,babao,0.0972222222222222,0.5833333333333334,0.0,"[0.0972222222222222,0.5833333333333334,0.0]",0.005973809789005746,0.5909940795394409,"[0.005973809789005746,0.5909940795394409]",0
37,benjamin,0.4166666666666667,1.0,0.16666666666666666,"[0.4166666666666667,1.0,0.16666666666666666]",0.06771732753623845,1.0637562264678315,"[0.06771732753623845,1.0637562264678315]",1
38,blaz02,0.4166666666666667,1.0,0.16666666666666666,"[0.4166666666666667,1.0,0.16666666666666666]",0.06771732753623845,1.0637562264678315,"[0.06771732753623845,1.0637562264678315]",1
39,Bojan1825,0.04166666666666666,1.0,0.6666666666666666,"[0.04166666666666666,1.0,0.6666666666666666]",0.6718464601933749,0.9910101995658829,"[0.6718464601933749,0.9910101995658829]",3
40,Bor,0.5833333333333334,0.8571428571428571,0.0,"[0.5833333333333334,0.8571428571428571,0.0]",-0.16024739740980065,0.9563445809507349,"[-0.16024739740980065,0.9563445809507349]",1
41,BORIS MREVLJE,0.25,1.0,0.0,"[0.25,1.0,0.0]",-0.02173693139602355,1.0297709731863245,"[-0.02173693139602355,1.0297709731863245]",1
42,BorutKolar,0.08333333333333333,1.0,0.0,"[0.08333333333333333,1.0,0.0]",0.04221856495832891,0.9964944423774729,"[0.04221856495832891,0.9964944423774729]",1
43,Bo��tjan M.,0.013888888888888895,1.0,0.7142857142857143,"[0.013888888888888895,1.0,0.7142857142857143]",0.7263370682390854,0.9856666032327854,"[0.7263370682390854,0.9856666032327854]",3
44,BostjanH,0.1875,0.9166666666666666,0.0,"[0.1875,0.9166666666666666,0.0]",-0.003936646357766804,0.9356375927185844,"[-0.003936646357766804,0.9356375927185844]",1
45,Bo��tjanK,0.006944444444444438,1.0,0.6153846153846154,"[0.006944444444444438,1.0,0.6153846153846154]",0.6379675203072144,0.9838595205275806,"[0.6379675203072144,0.9838595205275806]",3
46,Branklo,0.027777777777777773,1.0,0.75,"[0.027777777777777773,1.0,0.75]",0.7538809625328782,0.9885915165681397,"[0.7538809625328782,0.9885915165681397]",3
47,BrunoB,0.02380952380952382,0.875,0.6666666666666666,"[0.02380952380952382,0.875,0.6666666666666666]",0.6694242956608316,0.8649628348575893,"[0.6694242956608316,0.8649628348575893]",3
48,Buda,0.16666666666666666,0.4,0.3333333333333333,"[0.16666666666666666,0.4,0.3333333333333333]",0.27254253947307855,0.4266364465433818,"[0.27254253947307855,0.4266364465433818]",0
49,Buki,0.0,1.0,0.8,"[0.0,1.0,0.8]",0.8105631385112546,0.9832580448417946,"[0.8105631385112546,0.9832580448417946]",3
50,chibu79,0.007575757575757569,1.0,0.9166666666666666,"[0.007575757575757569,1.0,0.9166666666666666]",0.9150428991957777,0.9852667201548742,"[0.9150428991957777,0.9852667201548742]",3
51,Cromiza,0.14583333333333334,0.8,0.2727272727272727,"[0.14583333333333334,0.8,0.2727272727272727]",0.25443013621280575,0.8141616337187103,"[0.25443013621280575,0.8141616337187103]",1
52,cvjetko,0.027777777777777773,1.0,0.6666666666666666,"[0.027777777777777773,1.0,0.6666666666666666]",0.6771760848895709,0.9882371553318119,"[0.6771760848895709,0.9882371553318119]",3
53,Dalka,0.0119047619047619,0.5714285714285714,0.5,"[0.0119047619047619,0.5714285714285714,0.5]",0.4980589093405355,0.5644208778889119,"[0.4980589093405355,0.5644208778889119]",2
54,Damir Mulalic,0.16666666666666666,1.0,0.16666666666666666,"[0.16666666666666666,1.0,0.16666666666666666]",0.16365057206776715,1.0138414302545542,"[0.16365057206776715,1.0138414302545542]",1
55,damir.juretic,0.0,1.0,1.0,"[0.0,1.0,1.0]",0.994654844855192,0.9841085118089814,"[0.994654844855192,0.9841085118089814]",3
56,Danilo4783,0.2222222222222222,1.0,0.09090909090909093,"[0.2222222222222222,1.0,0.09090909090909093]",0.0726003663345219,1.0246114606123584,"[0.0726003663345219,1.0246114606123584]",1
57,Dario,0.16666666666666666,1.0,0.2222222222222222,"[0.16666666666666666,1.0,0.2222222222222222]",0.2147871571633053,1.014077671078773,"[0.2147871571633053,1.014077671078773]",1
58,DarioR,0.11111111111111112,1.0,0.14285714285714285,"[0.11111111111111112,1.0,0.14285714285714285]",0.16305339152589207,1.0026480072507482,"[0.16305339152589207,1.0026480072507482]",1
59,Darko Babic,0.025000000000000005,1.0,0.6923076923076923,"[0.025000000000000005,1.0,0.6923076923076923]",0.7018435106421355,0.9877915807115601,"[0.7018435106421355,0.9877915807115601]",3
60,David Sirk,0.2222222222222222,1.0,0.0,"[0.2222222222222222,1.0,0.0]",-0.011077682003631462,1.0242248847181825,"[-0.011077682003631462,1.0242248847181825]",1
61,Dejan Adamic,0.025000000000000005,0.5833333333333334,0.6153846153846154,"[0.025000000000000005,0.5833333333333334,0.6153846153846154]",0.6001238777290324,0.57919107095977,"[0.6001238777290324,0.57919107095977]",2
62,DejanJ,0.006944444444444438,0.9166666666666666,0.8461538461538461,"[0.006944444444444438,0.9166666666666666,0.8461538461538461]",0.8441980015325167,0.9031861471522218,"[0.8441980015325167,0.9031861471522218]",3
63,delimir,0.2222222222222222,0.8,0.0,"[0.2222222222222222,0.8,0.0]",-0.025916944630732484,0.8282536493235731,"[-0.025916944630732484,0.8282536493235731]",1
64,demirel,0.25,0.6666666666666666,0.25,"[0.25,0.6666666666666666,0.25]",0.18364559715539644,0.7042153312376255,"[0.18364559715539644,0.7042153312376255]",0
65,Deni Oreb,0.8333333333333334,1.0,0.09090909090909093,"[0.8333333333333334,1.0,0.09090909090909093]",-0.16190312029810383,1.1466254069114805,"[-0.16190312029810383,1.1466254069114805]",1
66,Dimen,0.05555555555555556,0.75,0.4,"[0.05555555555555556,0.75,0.4]",0.40251214875471947,0.7476852436004429,"[0.40251214875471947,0.7476852436004429]",2
67,dkervina,0.08333333333333333,1.0,0.5,"[0.08333333333333333,1.0,0.5]",0.5024478308181723,0.99862060979544,"[0.5024478308181723,0.99862060979544]",2
68,dmeic,0.13333333333333333,0.8333333333333334,0.3076923076923077,"[0.13333333333333333,0.8333333333333334,0.3076923076923077]",0.29388387362267593,0.8444764495100362,"[0.29388387362267593,0.8444764495100362]",1
69,Domen S,0.0,1.0,0.9166666666666666,"[0.0,1.0,0.9166666666666666]",0.9179499672118847,0.9837541505726536,"[0.9179499672118847,0.9837541505726536]",3
70,Dorsi,0.125,1.0,0.4,"[0.125,1.0,0.4]",0.39441310355761555,1.0065145090140595,"[0.39441310355761555,1.0065145090140595]",2
71,dragana,0.11111111111111112,0.5,0.42857142857142855,"[0.11111111111111112,0.5,0.42857142857142855]",0.38894338687805,0.5139348715744917,"[0.38894338687805,0.5139348715744917]",2
72,Dra��en,0.04166666666666666,0.875,0.5555555555555556,"[0.04166666666666666,0.875,0.5555555555555556]",0.5602987508603604,0.8680556957958148,"[0.5602987508603604,0.8680556957958148]",2
73,Dra��en Kralj,0.25,0.9090909090909092,0.0,"[0.25,0.9090909090909092,0.0]",-0.02848205077197856,0.9406931389160474,"[-0.02848205077197856,0.9406931389160474]",1
74,drejc,0.03125,0.7,0.18181818181818185,"[0.03125,0.7,0.18181818181818185]",0.20730186030471923,0.6929118251961442,"[0.20730186030471923,0.6929118251961442]",0
75,Du��i,0.13888888888888887,1.0,0.125,"[0.13888888888888887,1.0,0.125]",0.13595738263850562,1.0081181611682486,"[0.13595738263850562,1.0081181611682486]",1
76,Edvard,0.010416666666666666,1.0,0.7777777777777778,"[0.010416666666666666,1.0,0.7777777777777778]",0.7861112859508923,0.9852433316876604,"[0.7861112859508923,0.9852433316876604]",3
77,Efa i Neno,0.052083333333333336,0.75,0.38461538461538464,"[0.052083333333333336,0.75,0.38461538461538464]",0.3896836544407733,0.7469265620059877,"[0.3896836544407733,0.7469265620059877]",2
78,Elena Nikolovska,0.25,1.0,0.125,"[0.25,1.0,0.125]",0.0933203850689373,1.0303025150408163,"[0.0933203850689373,1.0303025150408163]",1
79,Ferijan Perkovic,0.04166666666666666,0.875,0.5555555555555556,"[0.04166666666666666,0.875,0.5555555555555556]",0.5602987508603604,0.8680556957958148,"[0.5602987508603604,0.8680556957958148]",2
80,filip mestrovic,0.033333333333333326,1.0,0.7142857142857143,"[0.033333333333333326,1.0,0.7142857142857143]",0.7188755936644109,0.9895488651604848,"[0.7188755936644109,0.9895488651604848]",3
81,Gaja,0.25,1.0,0.0,"[0.25,1.0,0.0]",-0.02173693139602355,1.0297709731863245,"[-0.02173693139602355,1.0297709731863245]",1
82,Gasper,0.0625,0.6666666666666666,0.42857142857142855,"[0.0625,0.6666666666666666,0.42857142857142855]",0.419963125503987,0.6675385795840845,"[0.419963125503987,0.6675385795840845]",2
83,gcampa,0.04166666666666666,1.0,0.4166666666666667,"[0.04166666666666666,1.0,0.4166666666666667]",0.44173182726345317,0.9899471158568993,"[0.44173182726345317,0.9899471158568993]",2
84,GITA MARINKOVIC,0.25,0.6666666666666666,0.25,"[0.25,0.6666666666666666,0.25]",0.18364559715539644,0.7042153312376255,"[0.18364559715539644,0.7042153312376255]",0
85,Goran Cacic,0.08333333333333333,1.0,0.08333333333333333,"[0.08333333333333333,1.0,0.08333333333333333]",0.11892344260163615,0.9968488036138007,"[0.11892344260163615,0.9968488036138007]",1
86,Goran ��urica,0.0972222222222222,0.9166666666666666,0.3076923076923077,"[0.0972222222222222,0.9166666666666666,0.3076923076923077]",0.3139239239274111,0.9189212159158722,"[0.3139239239274111,0.9189212159158722]",1
87,Gordan,0.1875,0.9166666666666666,0.07692307692307693,"[0.1875,0.9166666666666666,0.07692307692307693]",0.0668678560822091,0.9359646953982717,"[0.0668678560822091,0.9359646953982717]",1
88,Gordana Genc,0.010416666666666666,1.0,0.8888888888888888,"[0.010416666666666666,1.0,0.8888888888888888]",0.8883844561419685,0.9857158133360975,"[0.8883844561419685,0.9857158133360975]",3
89,gpet,0.016666666666666663,0.9090909090909092,0.8333333333333334,"[0.016666666666666663,0.9090909090909092,0.8333333333333334]",0.8281044205571872,0.897649608146934,"[0.8281044205571872,0.897649608146934]",3
90,Gregor Primc,0.016666666666666663,1.0,0.4166666666666667,"[0.016666666666666663,1.0,0.4166666666666667]",0.45132515171660603,0.9849556362355716,"[0.45132515171660603,0.9849556362355716]",2
91,greta,0.0625,0.6666666666666666,0.2857142857142857,"[0.0625,0.6666666666666666,0.2857142857142857]",0.28846904954403174,0.666931103178951,"[0.28846904954403174,0.666931103178951]",0
92,Grozdana Sirotic,0.027777777777777773,1.0,0.5,"[0.027777777777777773,1.0,0.5]",0.5237663296029564,0.9875284328591561,"[0.5237663296029564,0.9875284328591561]",2
93,Grup amor,0.04166666666666666,0.875,0.1111111111111111,"[0.04166666666666666,0.875,0.1111111111111111]",0.1512060700960552,0.8661657692020662,"[0.1512060700960552,0.8661657692020662]",1
94,HanaP,0.05555555555555556,1.0,0.0,"[0.05555555555555556,1.0,0.0]",0.05287781435072098,0.990948353909331,"[0.05287781435072098,0.990948353909331]",1
95,Hrvoje Juvancic,0.06666666666666668,1.0,0.5555555555555556,"[0.06666666666666668,1.0,0.5555555555555556]",0.5599799655491458,0.9955291975387734,"[0.5599799655491458,0.9955291975387734]",2
96,Hrvoje Petek,0.25,0.9090909090909092,0.0,"[0.25,0.9090909090909092,0.0]",-0.02848205077197856,0.9406931389160474,"[-0.02848205077197856,0.9406931389160474]",1
97,Igor ��utic,0.006944444444444438,1.0,0.8461538461538461,"[0.006944444444444438,1.0,0.8461538461538461]",0.8503810276271421,0.9848408285666425,"[0.8503810276271421,0.9848408285666425]",3
98,Igor ��afran,0.006944444444444438,0.75,0.7692307692307693,"[0.006944444444444438,0.75,0.7692307692307693]",0.7610274469032899,0.7395496816436934,"[0.7610274469032899,0.7395496816436934]",3
99,Igor29,0.16666666666666666,1.0,0.3333333333333333,"[0.16666666666666666,1.0,0.3333333333333333]",0.3170603273543816,1.01455015272721,"[0.3170603273543816,1.01455015272721]",1
100,IgorGancevic,0.13888888888888887,0.8571428571428571,0.125,"[0.13888888888888887,0.8571428571428571,0.125]",0.12535790933343346,0.868138707314956,"[0.12535790933343346,0.868138707314956]",1
101,igorr,0.16666666666666666,1.0,0.2222222222222222,"[0.16666666666666666,1.0,0.2222222222222222]",0.2147871571633053,1.014077671078773,"[0.2147871571633053,1.014077671078773]",1
102,iivana,0.0625,0.8333333333333334,0.2857142857142857,"[0.0625,0.8333333333333334,0.2857142857142857]",0.3008351017332826,0.8302404660077923,"[0.3008351017332826,0.8302404660077923]",1
103,Ina,0.0,1.0,0.9,"[0.0,1.0,0.9]",0.9026089916832233,0.983683278325388,"[0.9026089916832233,0.983683278325388]",3
104,Ines,0.5833333333333334,1.0,0.125,"[0.5833333333333334,1.0,0.125]",-0.03459060763976764,1.096855576658519,"[-0.03459060763976764,1.096855576658519]",1
105,Ivan Odrljin,0.015151515151515155,0.9166666666666666,0.6923076923076923,"[0.015151515151515155,0.9166666666666666,0.6923076923076923]",0.699439672968449,0.9041705588402528,"[0.699439672968449,0.9041705588402528]",3
106,Ivana Kozina,0.2777777777777777,0.9166666666666666,0.0,"[0.2777777777777777,0.9166666666666666,0.0]",-0.038579206883041006,0.9536623802400456,"[-0.038579206883041006,0.9536623802400456]",1
107,Ivana PR,0.0,1.0,1.0,"[0.0,1.0,1.0]",0.994654844855192,0.9841085118089814,"[0.994654844855192,0.9841085118089814]",3
108,IvanV,0.16666666666666666,0.8,0.3333333333333333,"[0.16666666666666666,0.8,0.3333333333333333]",0.3022210647272806,0.8185789173326007,"[0.3022210647272806,0.8185789173326007]",1
109,Ivica Komljenovic,0.4583333333333333,0.9166666666666666,0.15384615384615385,"[0.4583333333333333,0.9166666666666666,0.15384615384615385]",0.03374467694636228,0.9903661606423426,"[0.03374467694636228,0.9903661606423426]",1
110,Iztok3,0.125,1.0,0.2,"[0.125,1.0,0.2]",0.21032139721367815,1.0056640420468728,"[0.21032139721367815,1.0056640420468728]",1
111,jadralec Jaro,0.0119047619047619,0.7142857142857143,0.625,"[0.0119047619047619,0.7142857142857143,0.625]",0.6237156991105685,0.7049318735966962,"[0.6237156991105685,0.7049318735966962]",2
112,Jadran,0.016666666666666663,1.0,0.8333333333333334,"[0.016666666666666663,1.0,0.8333333333333334]",0.8348495399331423,0.9867274424172109,"[0.8348495399331423,0.9867274424172109]",3
113,Janez  stupica,0.027777777777777773,0.8571428571428571,0.625,"[0.027777777777777773,0.8571428571428571,0.625]",0.6282241727628451,0.8480805208603555,"[0.6282241727628451,0.8480805208603555]",2
114,Jani Pristavec,0.006944444444444438,1.0,0.6923076923076923,"[0.006944444444444438,1.0,0.6923076923076923]",0.7087720227471903,0.9841866232072679,"[0.7087720227471903,0.9841866232072679]",3
115,Jaro��,0.016666666666666663,0.8,0.5,"[0.016666666666666663,0.8,0.5]",0.5131907667328123,0.78933876207729,"[0.5131907667328123,0.78933876207729]",2
116,Jasminka,0.033333333333333326,0.8333333333333334,0.5714285714285714,"[0.033333333333333326,0.8333333333333334,0.5714285714285714]",0.5750154655152048,0.8256320259265103,"[0.5750154655152048,0.8256320259265103]",2
117,jelena,0.00833333333333334,1.0,0.9090909090909092,"[0.00833333333333334,1.0,0.9090909090909092]",0.907779021699321,0.9853857624552482,"[0.907779021699321,0.9853857624552482]",3
118,Jelena-Marija,0.14583333333333334,0.8,0.2727272727272727,"[0.14583333333333334,0.8,0.2727272727272727]",0.25443013621280575,0.8141616337187103,"[0.25443013621280575,0.8141616337187103]",1
119,Jelena Cutura,0.02083333333333333,1.0,0.6,"[0.02083333333333333,1.0,0.6]",0.6184769951230231,0.9865671442257142,"[0.6184769951230231,0.9865671442257142]",2
120,Jelenaa,0.4166666666666667,0.9090909090909092,0.0,"[0.4166666666666667,0.9090909090909092,0.0]",-0.09243754712633102,0.973969669724899,"[-0.09243754712633102,0.973969669724899]",1
121,jerko,0.08333333333333333,0.9090909090909092,0.5,"[0.08333333333333333,0.9090909090909092,0.5]",0.49570271144221734,0.909542775525163,"[0.49570271144221734,0.909542775525163]",2
122,Jerko. Marinkovic,0.04166666666666666,0.9090909090909092,0.6666666666666666,"[0.04166666666666666,0.9090909090909092,0.6666666666666666]",0.6651013408174199,0.9019323652956059,"[0.6651013408174199,0.9019323652956059]",3
123,Jolanda,0.6666666666666666,1.0,0.0,"[0.6666666666666666,1.0,0.0]",-0.18162567228190468,1.112962300208453,"[-0.18162567228190468,1.112962300208453]",1
124,Josip Rabanasic,0.0625,0.8333333333333334,0.42857142857142855,"[0.0625,0.8333333333333334,0.42857142857142855]",0.43232917769323786,0.8308479424129258,"[0.43232917769323786,0.8308479424129258]",2
125,josko52@gmail.com,0.20833333333333331,0.8333333333333334,0.14285714285714285,"[0.20833333333333331,0.8333333333333334,0.14285714285714285]",0.11337996646326896,0.8587499540604039,"[0.11337996646326896,0.8587499540604039]",1
126,JOZE,0.125,0.5,0.0,"[0.125,0.5,0.0]",-0.010868465698011774,0.5148854865931622,"[-0.010868465698011774,0.5148854865931622]",0
127,Jo��ko,0.02083333333333333,0.8888888888888888,0.6,"[0.02083333333333333,0.8888888888888888,0.6]",0.6102329603301893,0.8776942356731534,"[0.6102329603301893,0.8776942356731534]",2
128,Jure Gros,0.0972222222222222,1.0,0.3076923076923077,"[0.0972222222222222,1.0,0.3076923076923077]",0.3201069500220365,1.000575897330293,"[0.3201069500220365,1.000575897330293]",1
129,jure111,0.4166666666666667,1.0,0.16666666666666666,"[0.4166666666666667,1.0,0.16666666666666666]",0.06771732753623845,1.0637562264678315,"[0.06771732753623845,1.0637562264678315]",1
130,jurebizjak,0.027777777777777773,1.0,0.5,"[0.027777777777777773,1.0,0.5]",0.5237663296029564,0.9875284328591561,"[0.5237663296029564,0.9875284328591561]",2
131,kapitan72,0.06666666666666668,0.625,0.5555555555555556,"[0.06666666666666668,0.625,0.5555555555555556]",0.5321563481233312,0.6280831311738808,"[0.5321563481233312,0.6280831311738808]",2
132,Karla,0.08333333333333333,1.0,0.5,"[0.08333333333333333,1.0,0.5]",0.5024478308181723,0.99862060979544,"[0.5024478308181723,0.99862060979544]",2
133,Karmen Hrvatic,0.06944444444444442,1.0,0.5454545454545454,"[0.06944444444444442,1.0,0.5454545454545454]",0.5496164796834451,0.9960408535084571,"[0.5496164796834451,0.9960408535084571]",2
134,Katarina ��edlbauer,0.20833333333333331,1.0,0.0,"[0.20833333333333331,1.0,0.0]",-0.005748057307435425,1.0214518404841115,"[-0.005748057307435425,1.0214518404841115]",1
135,Katja De Faveri,0.25,1.0,0.0,"[0.25,1.0,0.0]",-0.02173693139602355,1.0297709731863245,"[-0.02173693139602355,1.0297709731863245]",1
136,kec,0.2777777777777777,0.9166666666666666,0.07692307692307693,"[0.2777777777777777,0.9166666666666666,0.07692307692307693]",0.0322252955569349,0.9539894829197328,"[0.0322252955569349,0.9539894829197328]",1
137,kemi,0.05000000000000001,0.5714285714285714,0.5,"[0.05000000000000001,0.5714285714285714,0.5]",0.48344051017382633,0.5720269420737923,"[0.48344051017382633,0.5720269420737923]",2
138,Kiklop,0.10000000000000002,0.4,0.18181818181818185,"[0.10000000000000002,0.4,0.18181818181818185]",0.1586613241178973,0.41268154106288146,"[0.1586613241178973,0.41268154106288146]",0
139,KlaraM,0.027777777777777773,1.0,0.25,"[0.027777777777777773,1.0,0.25]",0.29365169667303476,0.9864653491501726,"[0.29365169667303476,0.9864653491501726]",1
140,Kopacin,0.25,1.0,0.0,"[0.25,1.0,0.0]",-0.02173693139602355,1.0297709731863245,"[-0.02173693139602355,1.0297709731863245]",1
141,Kreso,0.16666666666666666,1.0,0.16666666666666666,"[0.16666666666666666,1.0,0.16666666666666666]",0.16365057206776715,1.0138414302545542,"[0.16365057206776715,1.0138414302545542]",1
142,Kristijan Lopac,0.06944444444444442,0.7,0.2727272727272727,"[0.06944444444444442,0.7,0.2727272727272727]",0.2763234407283334,0.7009242727340153,"[0.2763234407283334,0.7009242727340153]",0
143,Ksenija,0.25,1.0,0.0,"[0.25,1.0,0.0]",-0.02173693139602355,1.0297709731863245,"[-0.02173693139602355,1.0297709731863245]",1
144,Ksenija Sekulic,0.08333333333333333,0.4545454545454545,0.0,"[0.08333333333333333,0.4545454545454545,0.0]",0.0017478487025988296,0.46202743675581076,"[0.0017478487025988296,0.46202743675581076]",0
145,Kskoric,0.19444444444444445,0.8888888888888888,0.0,"[0.19444444444444445,0.8888888888888888,0.0]",-0.00866246740407331,0.9098058876974797,"[-0.00866246740407331,0.9098058876974797]",1
146,Kvasina,0.10000000000000002,1.0,0.4545454545454545,"[0.10000000000000002,1.0,0.4545454545454545]",0.45421325701366033,1.0017549749292374,"[0.45421325701366033,1.0017549749292374]",2
147,Labura,0.08333333333333333,1.0,0.25,"[0.08333333333333333,1.0,0.25]",0.2723331978882506,0.9975575260864564,"[0.2723331978882506,0.9975575260864564]",1
148,Lana,0.027777777777777773,1.0,0.75,"[0.027777777777777773,1.0,0.75]",0.7538809625328782,0.9885915165681397,"[0.7538809625328782,0.9885915165681397]",3
149,Lea Svilicic,0.05952380952380953,0.9090909090909092,0.3333333333333333,"[0.05952380952380953,0.9090909090909092,0.3333333333333333]",0.35142945563479605,0.9040802629369571,"[0.35142945563479605,0.9040802629369571]",1
150,Lejla,0.25,1.0,0.0,"[0.25,1.0,0.0]",-0.02173693139602355,1.0297709731863245,"[-0.02173693139602355,1.0297709731863245]",1
151,Leo Mihaljevic,0.027777777777777773,1.0,0.75,"[0.027777777777777773,1.0,0.75]",0.7538809625328782,0.9885915165681397,"[0.7538809625328782,0.9885915165681397]",3
152,ljubica basic,0.0,1.0,0.9230769230769232,"[0.0,1.0,0.9230769230769232]",0.9238503424152162,0.9837814091292941,"[0.9238503424152162,0.9837814091292941]",3
153,Luc,0.018518518518518528,1.0,0.8181818181818182,"[0.018518518518518528,1.0,0.8181818181818182]",0.8201925819172906,0.9870327523327244,"[0.8201925819172906,0.9870327523327244]",3
154,lucijan,0.052083333333333336,0.6666666666666666,0.4615384615384616,"[0.052083333333333336,0.6666666666666666,0.4615384615384616]",0.45430513078612383,0.6655989832712543,"[0.45430513078612383,0.6655989832712543]",2
155,ludmilla,0.0,0.5,0.4,"[0.0,0.5,0.4]",0.4052815692556273,0.4916290224208973,"[0.4052815692556273,0.4916290224208973]",2
156,Luka Skocir,0.10416666666666667,1.0,0.4444444444444444,"[0.10416666666666667,1.0,0.4444444444444444]",0.44331680867834006,1.002543935322328,"[0.44331680867834006,1.002543935322328]",2
157,luka.voncina,0.016666666666666663,1.0,0.8333333333333334,"[0.016666666666666663,1.0,0.8333333333333334]",0.8348495399331423,0.9867274424172109,"[0.8348495399331423,0.9867274424172109]",3
158,lukaaa11,0.04166666666666666,1.0,0.3333333333333333,"[0.04166666666666666,1.0,0.3333333333333333]",0.3650269496201459,0.9895927546205714,"[0.3650269496201459,0.9895927546205714]",1
159,Lupodimare,0.04166666666666666,0.4,0.3333333333333333,"[0.04166666666666666,0.4,0.3333333333333333]",0.32050916173884286,0.4016790484367432,"[0.32050916173884286,0.4016790484367432]",0
160,Maja Demaria,0.05555555555555556,1.0,0.6,"[0.05555555555555556,1.0,0.6]",0.6051529333825331,0.9934997548108916,"[0.6051529333825331,0.9934997548108916]",2
161,Maja Grinek,0.06666666666666668,0.875,0.3333333333333333,"[0.06666666666666668,0.875,0.3333333333333333]",0.34615908602505496,0.8721022121202682,"[0.34615908602505496,0.8721022121202682]",1
162,maja laurence,0.25,0.6666666666666666,0.0,"[0.25,0.6666666666666666,0.0]",-0.04646903577452526,0.7031522475286419,"[-0.04646903577452526,0.7031522475286419]",0
163,MajaM,0.13333333333333333,0.5833333333333334,0.38461538461538464,"[0.13333333333333333,0.5833333333333334,0.38461538461538464]",0.3461392977787756,0.5998395079464617,"[0.3461392977787756,0.5998395079464617]",0
164,Marco,0.2777777777777777,0.8333333333333334,0.0,"[0.2777777777777777,0.8333333333333334,0.0]",-0.04476223297766643,0.8720076988256251,"[-0.04476223297766643,0.8720076988256251]",1
165,Mare_,0.0,1.0,1.0,"[0.0,1.0,1.0]",0.994654844855192,0.9841085118089814,"[0.994654844855192,0.9841085118089814]",3
166,mare10,0.20833333333333331,0.8333333333333334,0.0,"[0.20833333333333331,0.8333333333333334,0.0]",-0.01811410949668628,0.8581424776552704,"[-0.01811410949668628,0.8581424776552704]",1
167,Maria,0.0119047619047619,0.8571428571428571,0.625,"[0.0119047619047619,0.8571428571428571,0.625]",0.6343151724156406,0.8449113274499886,"[0.6343151724156406,0.8449113274499886]",2
168,Marijana,0.11111111111111112,1.0,0.42857142857142855,"[0.11111111111111112,1.0,0.42857142857142855]",0.4260415434458026,1.0038629600610152,"[0.4260415434458026,1.0038629600610152]",2
169,MARINO BRZAC,0.16666666666666666,0.9090909090909092,0.3333333333333333,"[0.16666666666666666,0.9090909090909092,0.3333333333333333]",0.3103152079784266,0.9254723184569331,"[0.3103152079784266,0.9254723184569331]",1
170,Mario Bursac,0.010416666666666666,1.0,0.7777777777777778,"[0.010416666666666666,1.0,0.7777777777777778]",0.7861112859508923,0.9852433316876604,"[0.7861112859508923,0.9852433316876604]",3
171,Mario91,0.2916666666666667,1.0,0.1111111111111111,"[0.2916666666666667,1.0,0.1111111111111111]",0.06454736470646463,1.0385625875369744,"[0.06454736470646463,1.0385625875369744]",1
172,Marjan Henigman,0.00833333333333334,1.0,0.9090909090909092,"[0.00833333333333334,1.0,0.9090909090909092]",0.907779021699321,0.9853857624552482,"[0.907779021699321,0.9853857624552482]",3
173,Markisha,0.08333333333333333,1.0,0.5,"[0.08333333333333333,1.0,0.5]",0.5024478308181723,0.99862060979544,"[0.5024478308181723,0.99862060979544]",2
174,Marko Dundovic,0.0972222222222222,0.9166666666666666,0.15384615384615385,"[0.0972222222222222,0.9166666666666666,0.15384615384615385]",0.17231491904745927,0.9182670105564977,"[0.17231491904745927,0.9182670105564977]",1
175,Marko Kralj,0.125,1.0,0.4,"[0.125,1.0,0.4]",0.39441310355761555,1.0065145090140595,"[0.39441310355761555,1.0065145090140595]",2
176,Marko L,0.25,0.9090909090909092,0.0,"[0.25,0.9090909090909092,0.0]",-0.02848205077197856,0.9406931389160474,"[-0.02848205077197856,0.9406931389160474]",1
177,marko maticic,0.027777777777777773,0.6666666666666666,0.5,"[0.027777777777777773,0.6666666666666666,0.5]",0.4990342252244548,0.6609097072014737,"[0.4990342252244548,0.6609097072014737]",2
178,Maru��aaaa,0.25,1.0,0.0,"[0.25,1.0,0.0]",-0.02173693139602355,1.0297709731863245,"[-0.02173693139602355,1.0297709731863245]",1
179,Ma��a,0.02083333333333333,1.0,0.8,"[0.02083333333333333,1.0,0.8]",0.8025687014669606,0.9874176111929011,"[0.8025687014669606,0.9874176111929011]",3
180,masa sarusic,0.027777777777777773,0.9090909090909092,0.75,"[0.027777777777777773,0.9090909090909092,0.75]",0.7471358431569232,0.8995136822978628,"[0.7471358431569232,0.8995136822978628]",3
181,Mate Vitaljic,0.02083333333333333,0.7777777777777778,0.8,"[0.02083333333333333,0.7777777777777778,0.8]",0.7860806318812927,0.7696717940877795,"[0.7860806318812927,0.7696717940877795]",3
182,Matea Pavicic,0.08333333333333333,1.0,0.0,"[0.08333333333333333,1.0,0.0]",0.04221856495832891,0.9964944423774729,"[0.04221856495832891,0.9964944423774729]",1
183,Matija Osterc,0.1875,0.9166666666666666,0.2307692307692308,"[0.1875,0.9166666666666666,0.2307692307692308]",0.20847686096216098,0.9366189007576461,"[0.20847686096216098,0.9366189007576461]",1
184,Matija Turkalj,0.10000000000000002,0.9,0.0,"[0.10000000000000002,0.9,0.0]",0.02840338400934314,0.9018364777610534,"[0.02840338400934314,0.9018364777610534]",1
185,Matjazzavrl,0.08333333333333333,0.8571428571428571,0.375,"[0.08333333333333333,0.8571428571428571,0.375]",0.3767910410481393,0.8581096140876557,"[0.3767910410481393,0.8581096140876557]",1
186,Mauro,0.10416666666666667,0.75,0.0,"[0.10416666666666667,0.75,0.0]",0.015675049630158568,0.7556899644853176,"[0.015675049630158568,0.7556899644853176]",1
187,MedoPiki,0.13333333333333333,1.0,0.0,"[0.13333333333333333,1.0,0.0]",0.02303191605202317,1.0064774016201283,"[0.02303191605202317,1.0064774016201283]",1
188,melina lako��,0.6666666666666666,1.0,0.0,"[0.6666666666666666,1.0,0.0]",-0.18162567228190468,1.112962300208453,"[-0.18162567228190468,1.112962300208453]",1
189,mihaelas,0.2916666666666667,1.0,0.1111111111111111,"[0.2916666666666667,1.0,0.1111111111111111]",0.06454736470646463,1.0385625875369744,"[0.06454736470646463,1.0385625875369744]",1
190,Miho,0.047619047619047616,0.8,0.3636363636363637,"[0.047619047619047616,0.8,0.3636363636363637]",0.37579624490263114,0.7949388253862416,"[0.37579624490263114,0.7949388253862416]",0
191,Milan Kura��,0.2777777777777777,0.9166666666666666,0.07692307692307693,"[0.2777777777777777,0.9166666666666666,0.07692307692307693]",0.0322252955569349,0.9539894829197328,"[0.0322252955569349,0.9539894829197328]",1
192,miranF,1.0,1.0,0.0,"[1.0,1.0,0.0]",-0.3095366649906096,1.179515361826156,"[-0.3095366649906096,1.179515361826156]",1
193,Mirela,0.13333333333333333,0.8333333333333334,0.2307692307692308,"[0.13333333333333333,0.8333333333333334,0.2307692307692308]",0.2230793711827001,0.8441493468303489,"[0.2230793711827001,0.8441493468303489]",1
194,Mirjana Pu��karski,0.0119047619047619,1.0,0.875,"[0.0119047619047619,1.0,0.875]",0.8750292786506345,0.9859538650122647,"[0.8750292786506345,0.9859538650122647]",3
195,Mirkomatic,0.0972222222222222,0.9166666666666666,0.2307692307692308,"[0.0972222222222222,0.9166666666666666,0.2307692307692308]",0.24311942148743523,0.9185941132361849,"[0.24311942148743523,0.9185941132361849]",1
196,miroc,0.4166666666666667,0.8,0.16666666666666666,"[0.4166666666666667,0.8,0.16666666666666666]",0.052878064909137434,0.8677849910732223,"[0.052878064909137434,0.8677849910732223]",1
197,Mi��o,0.027777777777777773,1.0,0.75,"[0.027777777777777773,1.0,0.75]",0.7538809625328782,0.9885915165681397,"[0.7538809625328782,0.9885915165681397]",3
198,MojcaDamijan,0.037037037037037035,1.0,0.6153846153846154,"[0.037037037037037035,1.0,0.6153846153846154]",0.626420000132123,0.9898677830347343,"[0.626420000132123,0.9898677830347343]",3
199,Nada,0.9166666666666666,1.0,0.0,"[0.9166666666666666,1.0,0.0]",-0.27755891681343337,1.1628770964217303,"[-0.27755891681343337,1.1628770964217303]",1
200,Nata��a,0.013888888888888895,1.0,0.7142857142857143,"[0.013888888888888895,1.0,0.7142857142857143]",0.7263370682390854,0.9856666032327854,"[0.7263370682390854,0.9856666032327854]",3
201,Nejc Kodric,0.1875,1.0,0.15384615384615385,"[0.1875,1.0,0.15384615384615385]",0.14385538461681044,1.0179464794923796,"[0.14385538461681044,1.0179464794923796]",1
202,Nejc Likar,0.08333333333333333,1.0,0.25,"[0.08333333333333333,1.0,0.25]",0.2723331978882506,0.9975575260864564,"[0.2723331978882506,0.9975575260864564]",1
203,nenad,0.0,1.0,0.8571428571428571,"[0.0,1.0,0.8571428571428571]",0.8631607688952366,0.9835010354038479,"[0.8631607688952366,0.9835010354038479]",3
204,NenadS,0.11666666666666665,1.0,0.25,"[0.11666666666666665,1.0,0.25]",0.25954209861738015,1.0042128322482267,"[0.25954209861738015,1.0042128322482267]",1
205,Neven,0.025000000000000005,0.9166666666666666,0.6923076923076923,"[0.025000000000000005,0.9166666666666666,0.6923076923076923]",0.6956604845475101,0.9061368992971395,"[0.6956604845475101,0.9061368992971395]",3
206,Niko Vukusic,0.027777777777777773,1.0,0.75,"[0.027777777777777773,1.0,0.75]",0.7538809625328782,0.9885915165681397,"[0.7538809625328782,0.9885915165681397]",3
207,niko.mihovilovic,0.007575757575757569,0.9090909090909092,0.4166666666666667,"[0.007575757575757569,0.9090909090909092,0.4166666666666667]",0.4480685139599794,0.8940627184666301,"[0.4480685139599794,0.8940627184666301]",2
208,Nikola Bar��ic,0.20833333333333331,0.0,0.0,"[0.20833333333333331,0.0,0.0]",-0.07994437044294056,0.04159566351106435,"[-0.07994437044294056,0.04159566351106435]",0
209,Nikolaj,0.25,1.0,0.0,"[0.25,1.0,0.0]",-0.02173693139602355,1.0297709731863245,"[-0.02173693139602355,1.0297709731863245]",1
210,Nikoleta,0.03571428571428572,1.0,0.7,"[0.03571428571428572,1.0,0.7]",0.704812536120496,0.9899634965315264,"[0.704812536120496,0.9899634965315264]",3
211,nikonikokaoja,0.0,0.6666666666666666,0.25,"[0.0,0.6666666666666666,0.25]",0.27957884168692515,0.6543005350243483,"[0.27957884168692515,0.6543005350243483]",0
212,Nina1,0.25,1.0,0.0,"[0.25,1.0,0.0]",-0.02173693139602355,1.0297709731863245,"[-0.02173693139602355,1.0297709731863245]",1
213,NinaP,0.25,0.6666666666666666,0.0,"[0.25,0.6666666666666666,0.0]",-0.04646903577452526,0.7031522475286419,"[-0.04646903577452526,0.7031522475286419]",0
214,noordung,0.3333333333333333,1.0,0.0,"[0.3333333333333333,1.0,0.0]",-0.05371467957319977,1.0464092385907502,"[-0.05371467957319977,1.0464092385907502]",1
215,Oaky,0.02380952380952382,1.0,0.7777777777777778,"[0.02380952380952382,1.0,0.7777777777777778]",0.7809720049938462,0.9879173386276574,"[0.7809720049938462,0.9879173386276574]",3
216,Ojiga,0.027777777777777773,1.0,0.75,"[0.027777777777777773,1.0,0.75]",0.7538809625328782,0.9885915165681397,"[0.7538809625328782,0.9885915165681397]",3
217,p2035e,0.125,1.0,0.0,"[0.125,1.0,0.0]",0.026229690869740793,1.0048135750796858,"[0.026229690869740793,1.0048135750796858]",1
218,Paval,0.2777777777777777,1.0,0.0,"[0.2777777777777777,1.0,0.0]",-0.03239618078841558,1.0353170616544662,"[-0.03239618078841558,1.0353170616544662]",1
219,Pavle,0.015151515151515155,1.0,0.8461538461538461,"[0.015151515151515155,1.0,0.8461538461538461]",0.8472317039430263,0.986479445614048,"[0.8472317039430263,0.986479445614048]",3
220,pedro,0.75,1.0,0.2,"[0.75,1.0,0.2]",-0.029511714115143556,1.1304510325800659,"[-0.029511714115143556,1.1304510325800659]",1
221,peri,0.006944444444444438,0.75,0.7692307692307693,"[0.006944444444444438,0.75,0.7692307692307693]",0.7610274469032899,0.7395496816436934,"[0.7610274469032899,0.7395496816436934]",3
222,Pero,0.16666666666666666,1.0,0.1111111111111111,"[0.16666666666666666,1.0,0.1111111111111111]",0.11251398697222899,1.0136051894303357,"[0.11251398697222899,1.0136051894303357]",1
223,Petar,0.05952380952380953,1.0,0.4166666666666667,"[0.05952380952380953,1.0,0.4166666666666667]",0.4348794526540583,0.993512458443562,"[0.4348794526540583,0.993512458443562]",2
224,PeterKogej,0.14583333333333334,0.8,0.18181818181818185,"[0.14583333333333334,0.8,0.18181818181818185]",0.17075208787465243,0.8137750578245345,"[0.17075208787465243,0.8137750578245345]",1
225,PetraP,0.05555555555555556,1.0,0.6,"[0.05555555555555556,1.0,0.6]",0.6051529333825331,0.9934997548108916,"[0.6051529333825331,0.9934997548108916]",2
226,Pina,0.006944444444444438,1.0,0.9230769230769232,"[0.006944444444444438,1.0,0.9230769230769232]",0.9211855300671182,0.9851679312463296,"[0.9211855300671182,0.9851679312463296]",3
227,Pino,0.16666666666666666,1.0,0.2222222222222222,"[0.16666666666666666,1.0,0.2222222222222222]",0.2147871571633053,1.014077671078773,"[0.2147871571633053,1.014077671078773]",1
228,Pirko,0.16666666666666666,1.0,0.16666666666666666,"[0.16666666666666666,1.0,0.16666666666666666]",0.16365057206776715,1.0138414302545542,"[0.16365057206776715,1.0138414302545542]",1
229,Pjerino,0.0,1.0,1.0,"[0.0,1.0,1.0]",0.994654844855192,0.9841085118089814,"[0.994654844855192,0.9841085118089814]",3
230,Pjero,0.010416666666666666,1.0,0.5555555555555556,"[0.010416666666666666,1.0,0.5555555555555556]",0.5815649455687397,0.9842983683907861,"[0.5815649455687397,0.9842983683907861]",2
231,Plavac_mali,0.04166666666666666,1.0,0.6666666666666666,"[0.04166666666666666,1.0,0.6666666666666666]",0.6718464601933749,0.9910101995658829,"[0.6718464601933749,0.9910101995658829]",3
232,plombar,0.07142857142857144,0.75,0.5384615384615384,"[0.07142857142857144,0.75,0.5384615384615384]",0.5238692534938806,0.7514432218342468,"[0.5238692534938806,0.7514432218342468]",2
233,Pokmon,0.05952380952380953,1.0,0.5833333333333334,"[0.05952380952380953,1.0,0.5833333333333334]",0.5882892079406729,0.9942211809162176,"[0.5882892079406729,0.9942211809162176]",2
234,Pokret Otoka,0.0625,1.0,0.5714285714285714,"[0.0625,1.0,0.5714285714285714]",0.5761893058424439,0.9947647816469004,"[0.5761893058424439,0.9947647816469004]",2
235,Polona,0.037037037037037035,0.9166666666666666,0.4615384615384616,"[0.037037037037037035,0.9166666666666666,0.4615384615384616]",0.47862796915754585,0.9075588962609392,"[0.47862796915754585,0.9075588962609392]",2
236,poppy,0.1875,0.9166666666666666,0.0,"[0.1875,0.9166666666666666,0.0]",-0.003936646357766804,0.9356375927185844,"[-0.003936646357766804,0.9356375927185844]",1
237,Primosius,0.027777777777777773,1.0,0.0,"[0.027777777777777773,1.0,0.0]",0.06353706374311306,0.985402265441189,"[0.06353706374311306,0.985402265441189]",1
238,RadoL,0.05952380952380953,1.0,0.5,"[0.05952380952380953,1.0,0.5]",0.5115843302973655,0.9938668196798898,"[0.5115843302973655,0.9938668196798898]",2
239,Ramo,0.015151515151515155,0.8333333333333334,0.8461538461538461,"[0.015151515151515155,0.8333333333333334,0.8461538461538461]",0.8348656517537754,0.8231700827852069,"[0.8348656517537754,0.8231700827852069]",3
240,Rebeka,0.052083333333333336,1.0,0.0,"[0.052083333333333336,1.0,0.0]",0.054210220524769995,0.9902550928508133,"[0.054210220524769995,0.9902550928508133]",1
241,RobiF,0.0,1.0,0.75,"[0.0,1.0,0.75]",0.7645402119252702,0.9830454280999978,"[0.7645402119252702,0.9830454280999978]",3
242,rocco337,0.2916666666666667,1.0,0.2222222222222222,"[0.2916666666666667,1.0,0.2222222222222222]",0.16682053489754095,1.0390350691854116,"[0.16682053489754095,1.0390350691854116]",1
243,Rok321,0.027777777777777773,1.0,0.75,"[0.027777777777777773,1.0,0.75]",0.7538809625328782,0.9885915165681397,"[0.7538809625328782,0.9885915165681397]",3
244,Roki,0.0972222222222222,0.9166666666666666,0.2307692307692308,"[0.0972222222222222,0.9166666666666666,0.2307692307692308]",0.24311942148743523,0.9185941132361849,"[0.24311942148743523,0.9185941132361849]",1
245,rokian,0.027777777777777773,1.0,0.5,"[0.027777777777777773,1.0,0.5]",0.5237663296029564,0.9875284328591561,"[0.5237663296029564,0.9875284328591561]",2
246,roman113,0.4166666666666667,1.0,0.0,"[0.4166666666666667,1.0,0.0]",-0.08569242775037601,1.063047503995176,"[-0.08569242775037601,1.063047503995176]",1
247,Romana,0.06666666666666668,0.75,0.3333333333333333,"[0.06666666666666668,0.75,0.3333333333333333]",0.3368845468831168,0.7496201899986373,"[0.3368845468831168,0.7496201899986373]",0
248,ruzica kovacevic,0.04166666666666666,1.0,0.5,"[0.04166666666666666,1.0,0.5]",0.5184367049067604,0.9903014770932271,"[0.5184367049067604,0.9903014770932271]",2
249,Safet,0.13888888888888887,1.0,0.0,"[0.13888888888888887,1.0,0.0]",0.020900066173544764,1.0075866193137568,"[0.020900066173544764,1.0075866193137568]",1
250,Sailman,0.04166666666666666,1.0,0.6666666666666666,"[0.04166666666666666,1.0,0.6666666666666666]",0.6718464601933749,0.9910101995658829,"[0.6718464601933749,0.9910101995658829]",3
251,Salieri,0.11666666666666665,1.0,0.0,"[0.11666666666666665,1.0,0.0]",0.029427465687458423,1.003149748539243,"[0.029427465687458423,1.003149748539243]",1
252,Sandi,0.016666666666666663,1.0,0.6666666666666666,"[0.016666666666666663,1.0,0.6666666666666666]",0.6814397846465278,0.9860187199445551,"[0.6814397846465278,0.9860187199445551]",3
253,sawyer,0.1875,1.0,0.2307692307692308,"[0.1875,1.0,0.2307692307692308]",0.2146598870567864,1.0182735821720668,"[0.2146598870567864,1.0182735821720668]",1
254,shrike,0.016666666666666663,1.0,0.8333333333333334,"[0.016666666666666663,1.0,0.8333333333333334]",0.8348495399331423,0.9867274424172109,"[0.8348495399331423,0.9867274424172109]",3
255,Silvestar Tokic,0.13333333333333333,1.0,0.38461538461538464,"[0.13333333333333333,1.0,0.38461538461538464]",0.3770544282519027,1.0081129150185646,"[0.3770544282519027,1.0081129150185646]",1
256,��imun Zamberlin,0.006944444444444438,0.9166666666666666,0.8461538461538461,"[0.006944444444444438,0.9166666666666666,0.8461538461538461]",0.8441980015325167,0.9031861471522218,"[0.8441980015325167,0.9031861471522218]",3
257,��katja,0.11111111111111112,0.8333333333333334,0.2857142857142857,"[0.11111111111111112,0.8333333333333334,0.2857142857142857]",0.28218141529659646,0.8399461208270407,"[0.28218141529659646,0.8399461208270407]",1
258,slipke,0.3333333333333333,1.0,0.0,"[0.3333333333333333,1.0,0.0]",-0.05371467957319977,1.0464092385907502,"[-0.05371467957319977,1.0464092385907502]",1
259,Spasic Vladimir,0.08333333333333333,1.0,0.0,"[0.08333333333333333,1.0,0.0]",0.04221856495832891,0.9964944423774729,"[0.04221856495832891,0.9964944423774729]",1
260,splicho,0.25,1.0,0.25,"[0.25,1.0,0.25]",0.20837770153389817,1.030834056895308,"[0.20837770153389817,1.030834056895308]",1
261,staneb,0.027777777777777773,1.0,0.75,"[0.027777777777777773,1.0,0.75]",0.7538809625328782,0.9885915165681397,"[0.7538809625328782,0.9885915165681397]",3
262,Stanojevic,0.05555555555555556,1.0,0.0,"[0.05555555555555556,1.0,0.0]",0.05287781435072098,0.990948353909331,"[0.05287781435072098,0.990948353909331]",1
263,stinfio,0.13333333333333333,0.9166666666666666,0.0,"[0.13333333333333333,0.9166666666666666,0.0]",0.016848889957397743,0.9248227202057077,"[0.016848889957397743,0.9248227202057077]",1
264,stipica,0.07142857142857144,0.3333333333333333,0.38461538461538464,"[0.07142857142857144,0.3333333333333333,0.38461538461538464]",0.35134511814080166,0.34251560940276926,"[0.35134511814080166,0.34251560940276926]",0
265,TAMARA L.,0.006944444444444438,0.9166666666666666,0.8461538461538461,"[0.006944444444444438,0.9166666666666666,0.8461538461538461]",0.8441980015325167,0.9031861471522218,"[0.8441980015325167,0.9031861471522218]",3
266,tasa,0.0625,1.0,0.5714285714285714,"[0.0625,1.0,0.5714285714285714]",0.5761893058424439,0.9947647816469004,"[0.5761893058424439,0.9947647816469004]",2
267,Tatjana,0.08333333333333333,0.6666666666666666,0.5,"[0.08333333333333333,0.6666666666666666,0.5]",0.47771572643967064,0.6720018841377575,"[0.47771572643967064,0.6720018841377575]",2
268,tibor,0.04166666666666666,1.0,0.16666666666666666,"[0.04166666666666666,1.0,0.16666666666666666]",0.2116171943335315,0.9888840321479158,"[0.2116171943335315,0.9888840321479158]",1
269,Tina Kiler,0.0972222222222222,1.0,0.4615384615384616,"[0.0972222222222222,1.0,0.4615384615384616]",0.46171595490198847,1.0012301026896673,"[0.46171595490198847,1.0012301026896673]",2
270,Tja��a,0.027777777777777773,1.0,0.6666666666666666,"[0.027777777777777773,1.0,0.6666666666666666]",0.6771760848895709,0.9882371553318119,"[0.6771760848895709,0.9882371553318119]",3
271,Tojo,0.25,1.0,0.25,"[0.25,1.0,0.25]",0.20837770153389817,1.030834056895308,"[0.20837770153389817,1.030834056895308]",1
272,tomaz1961,0.027777777777777773,0.8181818181818182,0.6666666666666666,"[0.027777777777777773,0.8181818181818182,0.6666666666666666]",0.6636858461376609,0.8100814867912579,"[0.6636858461376609,0.8100814867912579]",2
273,tomba,0.06666666666666668,0.875,0.5555555555555556,"[0.06666666666666668,0.875,0.5555555555555556]",0.5507054264072075,0.8730471754171425,"[0.5507054264072075,0.8730471754171425]",2
274,Tome,0.033333333333333326,0.8333333333333334,0.7142857142857143,"[0.033333333333333326,0.8333333333333334,0.7142857142857143]",0.7065095414751601,0.8262395023316437,"[0.7065095414751601,0.8262395023316437]",3
275,Tomica,0.0,1.0,1.0,"[0.0,1.0,1.0]",0.994654844855192,0.9841085118089814,"[0.994654844855192,0.9841085118089814]",3
276,Tomislav Cipcic,0.027777777777777773,1.0,0.25,"[0.027777777777777773,1.0,0.25]",0.29365169667303476,0.9864653491501726,"[0.29365169667303476,0.9864653491501726]",1
277,TonCa,0.0972222222222222,1.0,0.3076923076923077,"[0.0972222222222222,1.0,0.3076923076923077]",0.3201069500220365,1.000575897330293,"[0.3201069500220365,1.000575897330293]",1
278,Tone,0.25,0.6666666666666666,0.0,"[0.25,0.6666666666666666,0.0]",-0.04646903577452526,0.7031522475286419,"[-0.04646903577452526,0.7031522475286419]",0
279,Toni Petkovic,0.0972222222222222,1.0,0.0,"[0.0972222222222222,1.0,0.0]",0.03688894026213288,0.9992674866115439,"[0.03688894026213288,0.9992674866115439]",1
280,toni88,0.16666666666666666,1.0,0.25,"[0.16666666666666666,1.0,0.25]",0.2403554497110744,1.0141957914908821,"[0.2403554497110744,1.0141957914908821]",1
281,Tpk,0.013888888888888895,0.8333333333333334,0.7142857142857143,"[0.013888888888888895,0.8333333333333334,0.7142857142857143]",0.7139710160498345,0.8223572404039443,"[0.7139710160498345,0.8223572404039443]",3
282,Trojan,0.0,1.0,0.8888888888888888,"[0.0,1.0,0.8888888888888888]",0.8923816746641156,0.9836360301605442,"[0.8923816746641156,0.9836360301605442]",3
283,Urle,0.2777777777777777,1.0,0.07692307692307693,"[0.2777777777777777,1.0,0.07692307692307693]",0.03840832165156033,1.0356441643341534,"[0.03840832165156033,1.0356441643341534]",1
284,Urosv,0.027777777777777773,1.0,0.75,"[0.027777777777777773,1.0,0.75]",0.7538809625328782,0.9885915165681397,"[0.7538809625328782,0.9885915165681397]",3
285,Valentin,0.4583333333333333,0.9166666666666666,0.0,"[0.4583333333333333,0.9166666666666666,0.0]",-0.10786432793358953,0.9897119552829681,"[-0.10786432793358953,0.9897119552829681]",1
286,Vanda,0.125,0.75,0.0,"[0.125,0.75,0.0]",0.007680612585864513,0.759849530836424,"[0.007680612585864513,0.759849530836424]",1
287,vanja123,0.05555555555555556,0.5,0.6,"[0.05555555555555556,0.5,0.6]",0.5680547768147804,0.503571666324368,"[0.5680547768147804,0.503571666324368]",2
288,varga,0.11666666666666665,1.0,0.0,"[0.11666666666666665,1.0,0.0]",0.029427465687458423,1.003149748539243,"[0.029427465687458423,1.003149748539243]",1
289,Vedran,0.00833333333333334,1.0,0.5454545454545454,"[0.00833333333333334,1.0,0.5454545454545454]",0.5730668283467075,0.9838394588785448,"[0.5730668283467075,0.9838394588785448]",2
290,Vedran Nikolic,0.9166666666666666,1.0,0.0,"[0.9166666666666666,1.0,0.0]",-0.27755891681343337,1.1628770964217303,"[-0.27755891681343337,1.1628770964217303]",1
291,Vedran_499,0.033333333333333326,0.5,0.42857142857142855,"[0.033333333333333326,0.5,0.42857142857142855]",0.41878928517674785,0.49840582386369425,"[0.41878928517674785,0.49840582386369425]",2
292,vedrana,0.027777777777777773,0.3333333333333333,0.5,"[0.027777777777777773,0.3333333333333333,0.5]",0.4743021208459531,0.3342909815437914,"[0.4743021208459531,0.3342909815437914]",2
293,vibord,0.07142857142857144,0.9166666666666666,0.15384615384615385,"[0.07142857142857144,0.9166666666666666,0.15384615384615385]",0.1822127934832519,0.9131170712646517,"[0.1822127934832519,0.9131170712646517]",1
294,vid,0.06944444444444442,0.9,0.2727272727272727,"[0.06944444444444442,0.9,0.2727272727272727]",0.2911627033554345,0.8968955081286247,"[0.2911627033554345,0.8968955081286247]",1
295,Vido,0.08333333333333333,0.6666666666666666,0.5,"[0.08333333333333333,0.6666666666666666,0.5]",0.47771572643967064,0.6720018841377575,"[0.47771572643967064,0.6720018841377575]",2
296,Vido Repan��ek,0.027777777777777773,1.0,0.75,"[0.027777777777777773,1.0,0.75]",0.7538809625328782,0.9885915165681397,"[0.7538809625328782,0.9885915165681397]",3
297,Viktor Vic,0.00833333333333334,0.8,0.6363636363636364,"[0.00833333333333334,0.8,0.6363636363636364]",0.6419056140577599,0.7882547993781113,"[0.6419056140577599,0.7882547993781113]",2
298,vini,0.08333333333333333,0.7777777777777778,0.1,"[0.08333333333333333,0.7777777777777778,0.1]",0.11777634854462979,0.7791738587559448,"[0.11777634854462979,0.7791738587559448]",1
299,Vlado,0.0,0.9,0.8181818181818182,"[0.0,0.9,0.8181818181818182]",0.8198791168653348,0.885349742323325,"[0.8198791168653348,0.885349742323325]",3
300,Vlajko,0.1875,1.0,0.15384615384615385,"[0.1875,1.0,0.15384615384615385]",0.14385538461681044,1.0179464794923796,"[0.14385538461681044,1.0179464794923796]",1
301,Vlasta Svetina,0.9166666666666666,0.0,0.0,"[0.9166666666666666,0.0,0.0]",-0.3517552299489385,0.18302091944868312,"[-0.3517552299489385,0.18302091944868312]",0
302,wavemaker,0.08333333333333333,1.0,0.4166666666666667,"[0.08333333333333333,1.0,0.4166666666666667]",0.4257429531748651,0.9982662485591122,"[0.4257429531748651,0.9982662485591122]",2
303,x,0.3333333333333333,1.0,0.0,"[0.3333333333333333,1.0,0.0]",-0.05371467957319977,1.0464092385907502,"[-0.05371467957319977,1.0464092385907502]",1
304,��anetic,0.4583333333333333,1.0,0.07692307692307693,"[0.4583333333333333,1.0,0.07692307692307693]",-0.0308767993989882,1.0716937393770758,"[-0.0308767993989882,1.0716937393770758]",1
305,Zdenko,0.125,0.5,0.2,"[0.125,0.5,0.2]",0.1732232406459256,0.5157359535603491,"[0.1732232406459256,0.5157359535603491]",0
306,Zdenko ��krlj,0.07142857142857144,0.5,0.38461538461538464,"[0.07142857142857144,0.5,0.38461538461538464]",0.3637111703300525,0.5058249722316105,"[0.3637111703300525,0.5058249722316105]",0
307,Zdravko,0.052083333333333336,1.0,0.3076923076923077,"[0.052083333333333336,1.0,0.3076923076923077]",0.3374282302846736,0.9915635035695622,"[0.3374282302846736,0.9915635035695622]",1
308,��ivko Joncic,0.4583333333333333,1.0,0.07692307692307693,"[0.4583333333333333,1.0,0.07692307692307693]",-0.0308767993989882,1.0716937393770758,"[-0.0308767993989882,1.0716937393770758]",1
309,��S,0.25,0.6666666666666666,0.0,"[0.25,0.6666666666666666,0.0]",-0.04646903577452526,0.7031522475286419,"[-0.04646903577452526,0.7031522475286419]",0
310,zvjezdana,0.05555555555555556,1.0,0.4,"[0.05555555555555556,1.0,0.4]",0.4210612270385957,0.9926492878437048,"[0.4210612270385957,0.9926492878437048]",2
311,Zvonimir Matic,0.25,0.0,0.25,"[0.25,0.0,0.25]",0.13418138839839303,0.050977879922260785,"[0.13418138839839303,0.050977879922260785]",0
