,users,totalVidsRatio,intensityNormalized,order,pcaInput,_1,_2,features,probability,prediction
0,003136ec-fd3a-908e-de7e-45301e3b,0.38461538461538464,0.125,0.25,"[0.38461538461538464,0.125,0.25]",0.4246254432708737,-0.03531255931236704,"[0.4246254432708737,-0.03531255931236704]","[0.9999999999983633,5.642187441241414e-16,1.6361106726286493e-12]",0
1,0064c3fd-7e6e-425c-f754-34b889c8,0.4615384615384616,0.4166666666666667,1.0,"[0.4615384615384616,0.4166666666666667,1.0]",1.1128048989946264,0.372942608588389,"[1.1128048989946264,0.372942608588389]","[0.0006016838984132821,0.9989602453435545,0.0004380707580321585]",1
2,0126c792-ca6a-61a6-a96a-42bf5fc1,0.38461538461538464,0.125,0.75,"[0.38461538461538464,0.125,0.75]",0.7437977060070761,0.3492906881349942,"[0.7437977060070761,0.3492906881349942]","[0.0716672820587931,9.009514376148277e-17,0.9283327179412068]",2
3,012d8099-01c6-f99f-55ef-151df7a5,0.4615384615384616,0.08333333333333333,0.4,"[0.4615384615384616,0.08333333333333333,0.4]",0.5342816846625653,0.0653272949804008,"[0.5342816846625653,0.0653272949804008]","[0.9999975463574109,4.1910349971187137e-16,2.453642588639638e-06]",0
4,01d960ae-5d88-45e9-e235-6f68599c,0.9230769230769232,0.9166666666666666,1.0,"[0.9230769230769232,0.9166666666666666,1.0]",1.6361443972790024,-0.061798423550155634,"[1.6361443972790024,-0.061798423550155634]","[3.5973653007420046e-06,0.9947554511106753,0.00524095152402382]",1
5,037820a7-a143-422c-3ebd-3553d373,0.5384615384615384,0.5,0.5,"[0.5384615384615384,0.5,0.5]",0.8808558859724865,-0.08411747754872956,"[0.8808558859724865,-0.08411747754872956]","[0.9999851667883366,6.13550564406756e-16,1.4833211662893716e-05]",0
6,04745589-295d-158e-c6c0-ef24f730,0.3076923076923077,0.0,1.0,"[0.3076923076923077,0.0,1.0]",0.7917210252800373,0.633287723464538,"[0.7917210252800373,0.633287723464538]","[0.00034574213936498246,0.9996533035062491,9.54354385862409e-07]",1
7,04a7d779-f053-b1a3-386e-82d69979,0.5384615384615384,0.5,0.8333333333333334,"[0.5384615384615384,0.5,0.8333333333333334]",1.093637394463288,0.17228468741617792,"[1.093637394463288,0.17228468741617792]","[0.03437095749190468,1.1776835611756274e-16,0.9656290425080952]",2
8,068616a9-816f-e8e4-d737-6ddba1df,0.3076923076923077,0.25,0.6666666666666666,"[0.3076923076923077,0.25,0.6666666666666666]",0.7255768910756993,0.2614541210029965,"[0.7255768910756993,0.2614541210029965]","[0.19668553666798763,1.416542288405604e-16,0.8033144633320123]",2
9,06f2e041-7a2d-a0ab-5f48-fd01f0a2,0.8461538461538461,0.8333333333333334,1.0,"[0.8461538461538461,0.8333333333333334,1.0]",1.5489211475649396,0.010658415139601862,"[1.5489211475649396,0.010658415139601862]","[1.2842456117245658e-05,0.9936777828752263,0.0063093746686563625]",1
10,0781bbba-c179-f93c-1116-8d684911,0.38461538461538464,0.125,0.75,"[0.38461538461538464,0.125,0.75]",0.7437977060070761,0.3492906881349942,"[0.7437977060070761,0.3492906881349942]","[0.0716672820587931,9.009514376148277e-17,0.9283327179412068]",2
11,08ee9ac0-7656-2b25-ce41-b44d758e,0.3076923076923077,0.0,1.0,"[0.3076923076923077,0.0,1.0]",0.7917210252800373,0.633287723464538,"[0.7917210252800373,0.633287723464538]","[0.00034574213936498246,0.9996533035062491,9.54354385862409e-07]",1
12,0a84077c-d3fa-56fc-803c-a863ca7e,0.3076923076923077,0.25,0.6666666666666666,"[0.3076923076923077,0.25,0.6666666666666666]",0.7255768910756993,0.2614541210029965,"[0.7255768910756993,0.2614541210029965]","[0.19668553666798763,1.416542288405604e-16,0.8033144633320123]",2
13,0c9621b0-ff94-77e8-727f-5420882d,0.4615384615384616,0.016666666666666663,1.0,"[0.4615384615384616,0.016666666666666663,1.0]",0.8781851001362845,0.5576329085830034,"[0.8781851001362845,0.5576329085830034]","[0.0005787962787971983,0.9994109475964086,1.0256124794137372e-05]",1
14,0e59235e-e51a-a5cd-e0ba-0fffe847,0.8461538461538461,0.8333333333333334,1.0,"[0.8461538461538461,0.8333333333333334,1.0]",1.5489211475649396,0.010658415139601862,"[1.5489211475649396,0.010658415139601862]","[1.2842456117245658e-05,0.9936777828752263,0.0063093746686563625]",1
15,0f165b85-0670-e6ac-bf14-cf00655a,1.0,0.0972222222222222,1.0,"[1.0,0.0972222222222222,1.0]",1.1938437954030574,0.2825804842757095,"[1.1938437954030574,0.2825804842757095]","[0.03935464808523145,0.7366473086681189,0.2239980432466497]",1
16,101c246c-3f77-d919-ca38-8d19141e,0.3076923076923077,0.25,1.0,"[0.3076923076923077,0.25,1.0]",0.9383583995665009,0.517856285967904,"[0.9383583995665009,0.517856285967904]","[0.0008604971802540113,0.9991115438073418,2.7959012404160257e-05]",1
17,10355f7a-f86a-830c-cbf1-fb3c40b6,0.3076923076923077,0.08333333333333333,0.6666666666666666,"[0.3076923076923077,0.08333333333333333,0.6666666666666666]",0.6278186415513902,0.3384084126674191,"[0.6278186415513902,0.3384084126674191]","[0.12132663429277252,1.4732939374022733e-16,0.8786733657072273]",2
18,135b42ab-ac52-d14a-c37c-6ffeca28,0.6153846153846154,0.5833333333333334,1.0,"[0.6153846153846154,0.5833333333333334,1.0]",1.2872513984227516,0.22802893120887424,"[1.2872513984227516,0.22802893120887424]","[0.0002141269837770462,0.9971661383215707,0.0026197346946522306]",1
19,1459b8fd-ecab-4e30-1fc9-3d649648,0.5384615384615384,0.5,0.3333333333333333,"[0.5384615384615384,0.5,0.3333333333333333]",0.7744651317270858,-0.21231856003118332,"[0.7744651317270858,-0.21231856003118332]","[0.9999999999991365,5.368774229254832e-16,8.630207262128325e-13]",0
20,1496b095-5b5f-4c47-5066-49bcf5d6,0.3076923076923077,0.25,1.0,"[0.3076923076923077,0.25,1.0]",0.9383583995665009,0.517856285967904,"[0.9383583995665009,0.517856285967904]","[0.0008604971802540113,0.9991115438073418,2.7959012404160257e-05]",1
21,14a5fec5-bb5b-cac7-e40e-9a363e5c,0.3076923076923077,0.08333333333333333,0.6666666666666666,"[0.3076923076923077,0.08333333333333333,0.6666666666666666]",0.6278186415513902,0.3384084126674191,"[0.6278186415513902,0.3384084126674191]","[0.12132663429277252,1.4732939374022733e-16,0.8786733657072273]",2
22,14b19a02-38a5-992d-2f4f-aebd2315,0.38461538461538464,0.3333333333333333,0.0,"[0.38461538461538464,0.3333333333333333,0.0]",0.3872371238081589,-0.3238070476165759,"[0.3872371238081589,-0.3238070476165759]","[0.9999999999999977,1.1913111581290083e-15,1.191311158129009e-15]",0
23,16ba8f74-d9b7-c724-98c5-f31f43be,0.4615384615384616,0.016666666666666663,0.8,"[0.4615384615384616,0.016666666666666663,0.8]",0.7505161950418036,0.40379160960405885,"[0.7505161950418036,0.40379160960405885]","[0.08479852188306916,1.610670777208206e-16,0.9152014781169308]",2
24,17b4a5d5-5e2a-5bc2-a4e6-25e3d1d4,0.6153846153846154,0.5833333333333334,0.8571428571428571,"[0.6153846153846154,0.5833333333333334,0.8571428571428571]",1.1960593233552652,0.11814228908105673,"[1.1960593233552652,0.11814228908105673]","[0.021423138228200727,2.0136710620142208e-16,0.9785768617717991]",2
25,195b9f52-3731-37a7-2c74-19d11cb6,0.5384615384615384,0.5,1.0,"[0.5384615384615384,0.5,1.0]",1.200028148708689,0.3004857698986317,"[1.200028148708689,0.3004857698986317]","[0.00039060888435822627,0.9984008896171271,0.001208501498514774]",1
26,196bc15c-4aac-31e9-7c5d-3599ce10,0.38461538461538464,0.125,0.0,"[0.38461538461538464,0.125,0.0]",0.2650393119027725,-0.22761418303604766,"[0.2650393119027725,-0.22761418303604766]","[0.9999999999999961,1.93809475709005e-15,1.938094757090402e-15]",0
27,1acb1c12-47e9-e408-eaf9-8167947a,0.3076923076923077,0.0,1.0,"[0.3076923076923077,0.0,1.0]",0.7917210252800373,0.633287723464538,"[0.7917210252800373,0.633287723464538]","[0.00034574213936498246,0.9996533035062491,9.54354385862409e-07]",1
28,1b1cd7ac-2f24-1493-5d7e-d7873af1,0.3076923076923077,0.0,1.0,"[0.3076923076923077,0.0,1.0]",0.7917210252800373,0.633287723464538,"[0.7917210252800373,0.633287723464538]","[0.00034574213936498246,0.9996533035062491,9.54354385862409e-07]",1
29,1beb31a1-0aea-018e-a7e1-82085ffa,0.3076923076923077,0.25,1.0,"[0.3076923076923077,0.25,1.0]",0.9383583995665009,0.517856285967904,"[0.9383583995665009,0.517856285967904]","[0.0008604971802540113,0.9991115438073418,2.7959012404160257e-05]",1
30,1c09a110-d9c3-2442-9f5d-aee802c0,0.3076923076923077,0.25,0.6666666666666666,"[0.3076923076923077,0.25,0.6666666666666666]",0.7255768910756993,0.2614541210029965,"[0.7255768910756993,0.2614541210029965]","[0.19668553666798763,1.416542288405604e-16,0.8033144633320123]",2
31,1cb07e56-7b73-0087-0a17-3e9c1f88,0.6153846153846154,0.08333333333333333,0.8571428571428571,"[0.6153846153846154,0.08333333333333333,0.8571428571428571]",0.902784574782338,0.3490051640743246,"[0.902784574782338,0.3490051640743246]","[0.08958624372895103,1.7520819702668604e-16,0.9104137562710488]",2
32,1d3ed189-1162-0dd0-bcb2-fda83a50,0.4615384615384616,0.0,0.8,"[0.4615384615384616,0.0,0.8]",0.7407403700893727,0.4114870387705011,"[0.7407403700893727,0.4114870387705011]","[0.08696046143352394,1.7432026441983194e-16,0.913039538566476]",2
33,1d66d118-9cc1-c6cd-c61c-02ca2ddc,0.38461538461538464,0.125,0.75,"[0.38461538461538464,0.125,0.75]",0.7437977060070761,0.3492906881349942,"[0.7437977060070761,0.3492906881349942]","[0.0716672820587931,9.009514376148277e-17,0.9283327179412068]",2
34,1d90b45b-4d8d-42a1-43cd-38e1a241,0.38461538461538464,0.0,0.75,"[0.38461538461538464,0.0,0.75]",0.6704790188638443,0.40700640688331113,"[0.6704790188638443,0.40700640688331113]","[0.07007444627673974,1.364437694779135e-16,0.9299255537232601]",2
35,1e81aa64-c3c9-ee4f-ce3c-c4248be0,0.38461538461538464,0.3333333333333333,0.0,"[0.38461538461538464,0.3333333333333333,0.0]",0.3872371238081589,-0.3238070476165759,"[0.3872371238081589,-0.3238070476165759]","[0.9999999999999977,1.1913111581290083e-15,1.191311158129009e-15]",0
36,1f7f3fd7-7087-1461-cf43-9add2172,0.3076923076923077,0.027777777777777773,0.6666666666666666,"[0.3076923076923077,0.027777777777777773,0.6666666666666666]",0.5952325583766206,0.3640598432222266,"[0.5952325583766206,0.3640598432222266]","[0.10323463901864136,1.622971763709092e-16,0.8967653609813585]",2
37,1f96865d-62d4-b049-1788-cfccf324,0.3076923076923077,0.0,1.0,"[0.3076923076923077,0.0,1.0]",0.7917210252800373,0.633287723464538,"[0.7917210252800373,0.633287723464538]","[0.00034574213936498246,0.9996533035062491,9.54354385862409e-07]",1
38,20e2fc85-7d0f-8a2c-b651-4b811a97,0.4615384615384616,0.08333333333333333,0.4,"[0.4615384615384616,0.08333333333333333,0.4]",0.5342816846625653,0.0653272949804008,"[0.5342816846625653,0.0653272949804008]","[0.9999975463574109,4.1910349971187137e-16,2.453642588639638e-06]",0
39,23e6f6c8-2cd0-ac1c-e8a1-f2338caa,0.9230769230769232,0.9166666666666666,0.9090909090909092,"[0.9230769230769232,0.9166666666666666,0.9090909090909092]",1.578113076781511,-0.13172628672240305,"[1.578113076781511,-0.13172628672240305]","[0.001991641163241513,1.842231272019516e-14,0.99800835883674]",2
40,258d2e1f-e3e8-2612-8285-895fb96d,0.3076923076923077,0.027777777777777773,1.0,"[0.3076923076923077,0.027777777777777773,1.0]",0.8080140668674222,0.6204620081871342,"[0.8080140668674222,0.6204620081871342]","[0.000372154957712071,0.9996264878878497,1.3571544383235837e-06]",1
41,25a03b67-3ce1-77fc-c715-72ba385a,0.9230769230769232,0.08333333333333333,0.9090909090909092,"[0.9230769230769232,0.08333333333333333,0.9090909090909092]",1.0893218291599658,0.25304517159971,"[1.0893218291599658,0.25304517159971]","[0.05080002214619001,2.1824716686378404e-16,0.9491999778538098]",2
42,269144fa-ef0e-c81e-52ff-df9a348a,1.0,0.1875,0.8333333333333334,"[1.0,0.1875,0.8333333333333334]",1.1404054263166574,0.11269582714169346,"[1.1404054263166574,0.11269582714169346]","[0.034805482717186746,1.7159340149102023e-16,0.9651945172828131]",2
43,270174bf-baf8-aab4-48e3-139fcf47,0.3076923076923077,0.08333333333333333,0.3333333333333333,"[0.3076923076923077,0.08333333333333333,0.3333333333333333]",0.41503713306058865,0.08200624770251164,"[0.41503713306058865,0.08200624770251164]","[0.999999901686828,7.385869689928933e-16,9.831317127341065e-08]",0
44,27080783-250a-3521-f816-6e7b29cf,0.38461538461538464,0.0,1.0,"[0.38461538461538464,0.0,1.0]",0.8300651502319454,0.5993080306069918,"[0.8300651502319454,0.5993080306069918]","[0.0004246509099237807,0.9995725726700728,2.7764200033426964e-06]",1
45,2888b741-780e-2c51-0772-617d7c33,1.0,0.4583333333333333,0.5833333333333334,"[1.0,0.4583333333333333,0.5833333333333334]",1.1396764504255583,-0.20465652053667388,"[1.1396764504255583,-0.20465652053667388]","[0.9999310697622822,8.396135160206425e-15,6.893023770940556e-05]",0
46,2c1d08f2-a1ba-6915-db46-1a7721b9,0.38461538461538464,0.3333333333333333,1.0,"[0.38461538461538464,0.3333333333333333,1.0]",1.0255816492805636,0.44539944727814657,"[1.0255816492805636,0.44539944727814657]","[0.0007828140295332404,0.9990923738078803,0.0001248121625865203]",1
47,2c89fe15-af0e-a900-7384-29f556d1,1.0,0.4583333333333333,1.0,"[1.0,0.4583333333333333,1.0]",1.4056533360390604,0.11584618566946048,"[1.4056533360390604,0.11584618566946048]","[0.0002613992876406848,0.976049913652745,0.02368868705961423]",1
48,2ee1d86b-74ed-47f3-5733-61cc4821,0.3076923076923077,0.08333333333333333,1.0,"[0.3076923076923077,0.08333333333333333,1.0]",0.8406001500421918,0.5948105776323267,"[0.8406001500421918,0.5948105776323267]","[0.0004402424467473536,0.9995569648995176,2.7926537350299036e-06]",1
49,2f7f0e40-1234-75db-2bcf-bdfbdfbc,0.4615384615384616,0.0,1.0,"[0.4615384615384616,0.0,1.0]",0.8684092751838536,0.5653283377494456,"[0.8684092751838536,0.5653283377494456]","[0.0005961517552835457,0.9993948457807676,9.002463948764221e-06]",1
50,2fba9116-a20d-ea5f-3980-a0c4226c,0.38461538461538464,0.125,1.0,"[0.38461538461538464,0.125,1.0]",0.9033838373751772,0.5415923118586748,"[0.9033838373751772,0.5415923118586748]","[0.0004752146511770022,0.9995142940887832,1.0491260039890655e-05]",1
51,31a88be4-13ad-06c2-119c-3551a490,0.7692307692307693,0.3333333333333333,1.0,"[0.7692307692307693,0.3333333333333333,1.0]",1.2173022740401043,0.27550098299041587,"[1.2173022740401043,0.27550098299041587]","[0.00042400710971005344,0.9971797001358819,0.0023962927544080403]",1
52,3244a4c0-3f85-3017-5694-2f5647cb,0.5384615384615384,0.0,0.8333333333333334,"[0.5384615384615384,0.0,0.8333333333333334]",0.8003626458903609,0.40314756240944577,"[0.8003626458903609,0.40314756240944577]","[0.10578162189335535,2.1563030035454395e-16,0.8942183781066445]",2
53,32c9bec6-bd73-18c6-9611-148b7b0e,0.6153846153846154,0.25,1.0,"[0.6153846153846154,0.25,1.0]",1.0917348993741336,0.38193751453771946,"[1.0917348993741336,0.38193751453771946]","[0.0004904032188760658,0.9991633423359039,0.0003462544452201071]",1
54,3447bacb-f54d-55c2-592f-3a3ff765,0.6153846153846154,0.25,1.0,"[0.6153846153846154,0.25,1.0]",1.0917348993741336,0.38193751453771946,"[1.0917348993741336,0.38193751453771946]","[0.0004904032188760658,0.9991633423359039,0.0003462544452201071]",1
55,3469f507-2f62-0e43-70e8-0c4bc6e3,0.9230769230769232,0.4166666666666667,0.9090909090909092,"[0.9230769230769232,0.4166666666666667,0.9090909090909092]",1.284838328208584,0.0991365882708648,"[1.284838328208584,0.0991365882708648]","[0.012545780781384517,3.7298272021182917e-16,0.9874542192186152]",2
56,34a3d1d8-74eb-8a4e-0506-b9ca1551,0.3076923076923077,0.08333333333333333,1.0,"[0.3076923076923077,0.08333333333333333,1.0]",0.8406001500421918,0.5948105776323267,"[0.8406001500421918,0.5948105776323267]","[0.0004402424467473536,0.9995569648995176,2.7926537350299036e-06]",1
57,35813a40-7aa6-5336-237b-c93f1759,0.6153846153846154,0.5833333333333334,0.8571428571428571,"[0.6153846153846154,0.5833333333333334,0.8571428571428571]",1.1960593233552652,0.11814228908105673,"[1.1960593233552652,0.11814228908105673]","[0.021423138228200727,2.0136710620142208e-16,0.9785768617717991]",2
58,35ce5334-aefb-9a61-d1c3-7f01a776,0.6153846153846154,0.5833333333333334,1.0,"[0.6153846153846154,0.5833333333333334,1.0]",1.2872513984227516,0.22802893120887424,"[1.2872513984227516,0.22802893120887424]","[0.0002141269837770462,0.9971661383215707,0.0026197346946522306]",1
59,35daa597-4591-5a82-57a9-1fba2635,0.3076923076923077,0.027777777777777773,1.0,"[0.3076923076923077,0.027777777777777773,1.0]",0.8080140668674222,0.6204620081871342,"[0.8080140668674222,0.6204620081871342]","[0.000372154957712071,0.9996264878878497,1.3571544383235837e-06]",1
60,367365a7-8d2a-3b00-f3e3-f877be3c,0.5384615384615384,0.20833333333333331,0.8333333333333334,"[0.5384615384615384,0.20833333333333331,0.8333333333333334]",0.9225604577957472,0.3069546978289175,"[0.9225604577957472,0.3069546978289175]","[0.06418733728274954,1.0738461298689682e-16,0.9358126627172505]",2
61,3681eecc-7864-c1c1-0024-4d4234be,0.7692307692307693,0.75,1.0,"[0.7692307692307693,0.75,1.0]",1.461697897850877,0.08311525382935925,"[1.461697897850877,0.08311525382935925]","[3.879397947086356e-05,0.993980302187128,0.005980903833401294]",1
62,36a67ef1-5f22-7846-3f95-faec67c9,0.3076923076923077,0.0,1.0,"[0.3076923076923077,0.0,1.0]",0.7917210252800373,0.633287723464538,"[0.7917210252800373,0.633287723464538]","[0.00034574213936498246,0.9996533035062491,9.54354385862409e-07]",1
63,37ada581-75c2-560e-2eb3-3db3a231,0.38461538461538464,0.3333333333333333,0.5,"[0.38461538461538464,0.3333333333333333,0.5]",0.7064093865443613,0.060796199830785325,"[0.7064093865443613,0.060796199830785325]","[0.9993728413775044,3.4987257669850074e-16,0.000627158622495162]",0
64,37d73652-37e1-cc5f-6c84-3b9a528c,0.4615384615384616,0.016666666666666663,0.8,"[0.4615384615384616,0.016666666666666663,0.8]",0.7505161950418036,0.40379160960405885,"[0.7505161950418036,0.40379160960405885]","[0.08479852188306916,1.610670777208206e-16,0.9152014781169308]",2
65,380773a6-f975-22c8-187e-e40fe702,0.3076923076923077,0.027777777777777773,0.6666666666666666,"[0.3076923076923077,0.027777777777777773,0.6666666666666666]",0.5952325583766206,0.3640598432222266,"[0.5952325583766206,0.3640598432222266]","[0.10323463901864136,1.622971763709092e-16,0.8967653609813585]",2
66,3be7d5a2-f78e-3472-e5ac-fa27ed08,0.4615384615384616,0.16666666666666666,0.4,"[0.4615384615384616,0.16666666666666666,0.4]",0.5831608094247198,0.026850149148189506,"[0.5831608094247198,0.026850149148189506]","[0.9999992612610918,3.478999201194587e-16,7.387389077572681e-07]",0
67,3c370e25-1bd5-c34b-ec40-31117752,0.3076923076923077,0.25,0.3333333333333333,"[0.3076923076923077,0.25,0.3333333333333333]",0.5127953825848978,0.0050519560380890005,"[0.5127953825848978,0.0050519560380890005]","[0.9999999938955252,4.0357644910643205e-16,6.104474308250457e-09]",0
68,3d524e1d-934c-6d53-022b-983c91c3,0.38461538461538464,0.05555555555555556,1.0,"[0.38461538461538464,0.05555555555555556,1.0]",0.8626512334067151,0.5736566000521842,"[0.8626512334067151,0.5736566000521842]","[0.00043875706196463705,0.9995563022237959,4.940714239483058e-06]",1
69,3d7d0f75-dda5-644d-e527-018ff340,0.8461538461538461,0.14583333333333334,0.7,"[0.8461538461538461,0.14583333333333334,0.7]",0.9541650106354432,0.09733291978692837,"[0.9541650106354432,0.09733291978692837]","[0.3961048950146135,3.767431293573825e-16,0.6038951049853861]",2
70,3db3466c-e5e5-3bc2-d72b-8fa46cd2,0.7692307692307693,0.75,1.0,"[0.7692307692307693,0.75,1.0]",1.461697897850877,0.08311525382935925,"[1.461697897850877,0.08311525382935925]","[3.879397947086356e-05,0.993980302187128,0.005980903833401294]",1
71,3dc06a27-afe4-b105-1f3c-997851c7,0.8461538461538461,0.2222222222222222,0.7,"[0.8461538461538461,0.2222222222222222,0.7]",0.9989708750007515,0.06206220277406804,"[0.9989708750007515,0.06206220277406804]","[0.4647839620909925,5.849020328162006e-16,0.535216037909007]",2
72,3e4346e0-6285-8776-f373-101eac22,0.38461538461538464,0.0,1.0,"[0.38461538461538464,0.0,1.0]",0.8300651502319454,0.5993080306069918,"[0.8300651502319454,0.5993080306069918]","[0.0004246509099237807,0.9995725726700728,2.7764200033426964e-06]",1
73,3e713aeb-dcb2-d6a8-962f-635df3e8,0.38461538461538464,0.3333333333333333,1.0,"[0.38461538461538464,0.3333333333333333,1.0]",1.0255816492805636,0.44539944727814657,"[1.0255816492805636,0.44539944727814657]","[0.0007828140295332404,0.9990923738078803,0.0001248121625865203]",1
74,3fc2e2fe-697a-3255-1a17-4204819d,0.6153846153846154,0.08333333333333333,0.7142857142857143,"[0.6153846153846154,0.08333333333333333,0.7142857142857143]",0.8115924997148516,0.23911852194650707,"[0.8115924997148516,0.23911852194650707]","[0.13558658791196637,1.0226005680828405e-16,0.8644134120880335]",2
75,404bc704-6703-c3c0-815e-55c756c5,0.6153846153846154,0.0,0.8571428571428571,"[0.6153846153846154,0.0,0.8571428571428571]",0.8539054500201835,0.38748230990653587,"[0.8539054500201835,0.38748230990653587]","[0.11583144799269939,2.4284667165511316e-16,0.8841685520073004]",2
76,4196e8ee-e405-a1e1-4a7f-7d9149a5,0.3076923076923077,0.25,1.0,"[0.3076923076923077,0.25,1.0]",0.9383583995665009,0.517856285967904,"[0.9383583995665009,0.517856285967904]","[0.0008604971802540113,0.9991115438073418,2.7959012404160257e-05]",1
77,42779e7e-90bc-7eac-5aa8-a9874f90,0.8461538461538461,0.047619047619047616,1.0,"[0.8461538461538461,0.047619047619047616,1.0]",1.088060828378911,0.37344293298616565,"[1.088060828378911,0.37344293298616565]","[0.012954931677521906,0.9738527313610827,0.013192336961395334]",1
78,427905ff-8519-fc73-90ee-17ecae10,0.38461538461538464,0.3333333333333333,0.75,"[0.38461538461538464,0.3333333333333333,0.75]",0.8659955179124624,0.2530978235544659,"[0.8659955179124624,0.2530978235544659]","[0.07798520280876858,7.588695164982448e-17,0.9220147971912314]",2
79,440d90ef-c7d7-0530-608e-8c0fc440,0.5384615384615384,0.033333333333333326,1.0,"[0.5384615384615384,0.033333333333333326,1.0]",0.9263050500406235,0.515957786559015,"[0.9263050500406235,0.515957786559015]","[0.0008403646060465052,0.9991205842831152,3.905111083829126e-05]",1
80,459f5319-edaf-cd53-126d-fdfb12a5,0.3076923076923077,0.0,1.0,"[0.3076923076923077,0.0,1.0]",0.7917210252800373,0.633287723464538,"[0.7917210252800373,0.633287723464538]","[0.00034574213936498246,0.9996533035062491,9.54354385862409e-07]",1
81,45d78fe4-7d30-3b18-371e-57bb06c7,0.6923076923076923,0.6666666666666666,1.0,"[0.6923076923076923,0.6666666666666666,1.0]",1.3744746481368142,0.15557209251911674,"[1.3744746481368142,0.15557209251911674]","[9.913668266335904e-05,0.9954375973729075,0.004463265944429167]",1
82,461e7201-9b62-2da4-aca6-9bc7e2aa,0.4615384615384616,0.4166666666666667,1.0,"[0.4615384615384616,0.4166666666666667,1.0]",1.1128048989946264,0.372942608588389,"[1.1128048989946264,0.372942608588389]","[0.0006016838984132821,0.9989602453435545,0.0004380707580321585]",1
83,4641102c-f3d3-3878-6d00-1c49a28c,0.8461538461538461,0.14583333333333334,0.7,"[0.8461538461538461,0.14583333333333334,0.7]",0.9541650106354432,0.09733291978692837,"[0.9541650106354432,0.09733291978692837]","[0.3961048950146135,3.767431293573825e-16,0.6038951049853861]",2
84,4a97a9b2-74fe-c9f3-625f-0176bddf,0.4615384615384616,0.016666666666666663,0.8,"[0.4615384615384616,0.016666666666666663,0.8]",0.7505161950418036,0.40379160960405885,"[0.7505161950418036,0.40379160960405885]","[0.08479852188306916,1.610670777208206e-16,0.9152014781169308]",2
85,4b21d918-4ac0-0787-3094-37c9432c,0.8461538461538461,0.2222222222222222,0.6,"[0.8461538461538461,0.2222222222222222,0.6]",0.935136422453511,-0.01485844671540415,"[0.935136422453511,-0.01485844671540415]","[0.9920743137079664,7.837071393103945e-16,0.007925686292032887]",0
86,4bd540f6-e34d-4592-7680-b2735389,0.4615384615384616,0.0,1.0,"[0.4615384615384616,0.0,1.0]",0.8684092751838536,0.5653283377494456,"[0.8684092751838536,0.5653283377494456]","[0.0005961517552835457,0.9993948457807676,9.002463948764221e-06]",1
87,4c4ac589-35f5-76e3-d0a3-fedab6c6,0.6153846153846154,0.027777777777777773,0.7142857142857143,"[0.6153846153846154,0.027777777777777773,0.7142857142857143]",0.779006416540082,0.2647699525013146,"[0.779006416540082,0.2647699525013146]","[0.12153474432620556,9.61253533294905e-17,0.8784652556737943]",2
88,4cc576c8-f218-94be-fef3-4b6fd86e,1.0,0.0972222222222222,0.8333333333333334,"[1.0,0.0972222222222222,0.8333333333333334]",1.0874530411576568,0.1543794017932557,"[1.0874530411576568,0.1543794017932557]","[0.038782462494811196,1.200489952870334e-16,0.9612175375051887]",2
89,4d0232bc-202c-ee3a-e58c-e543848c,0.5384615384615384,0.013888888888888895,1.0,"[0.5384615384615384,0.013888888888888895,1.0]",0.9148999209294542,0.5249357872531977,"[0.9148999209294542,0.5249357872531977]","[0.0009051743106272005,0.9990597576992014,3.506799017143281e-05]",1
90,4debb215-7398-77ba-2243-94adbd31,0.6923076923076923,0.16666666666666666,1.0,"[0.6923076923076923,0.16666666666666666,1.0]",1.081199899563887,0.3864349675123846,"[1.081199899563887,0.3864349675123846]","[0.0010256139802474428,0.9982600372401144,0.0007143487796380926]",1
91,4f3771bf-0850-3813-5de9-d0592e66,0.38461538461538464,0.3333333333333333,0.75,"[0.38461538461538464,0.3333333333333333,0.75]",0.8659955179124624,0.2530978235544659,"[0.8659955179124624,0.2530978235544659]","[0.07798520280876858,7.588695164982448e-17,0.9220147971912314]",2
92,4fa0f410-5265-9be6-be9d-778ee66d,0.38461538461538464,0.3333333333333333,0.75,"[0.38461538461538464,0.3333333333333333,0.75]",0.8659955179124624,0.2530978235544659,"[0.8659955179124624,0.2530978235544659]","[0.07798520280876858,7.588695164982448e-17,0.9220147971912314]",2
93,502b50b6-08fa-b922-9bb6-dbd4d848,0.38461538461538464,0.3333333333333333,1.0,"[0.38461538461538464,0.3333333333333333,1.0]",1.0255816492805636,0.44539944727814657,"[1.0255816492805636,0.44539944727814657]","[0.0007828140295332404,0.9990923738078803,0.0001248121625865203]",1
94,52656cee-d479-aed9-c14a-94a33208,0.3076923076923077,0.25,1.0,"[0.3076923076923077,0.25,1.0]",0.9383583995665009,0.517856285967904,"[0.9383583995665009,0.517856285967904]","[0.0008604971802540113,0.9991115438073418,2.7959012404160257e-05]",1
95,53cb26b0-7222-8eb4-ef0d-29e7a801,0.38461538461538464,0.3333333333333333,0.25,"[0.38461538461538464,0.3333333333333333,0.25]",0.5468232551762601,-0.1315054238928953,"[0.5468232551762601,-0.1315054238928953]","[0.9999999999999755,3.745177995005974e-16,2.4218062268978615e-14]",0
96,5409088d-b542-9cac-7fac-9ab00271,0.9230769230769232,0.25,0.7272727272727273,"[0.9230769230769232,0.25,0.7272727272727273]",1.0710174376892923,0.036235153590792324,"[1.0710174376892923,0.036235153590792324]","[0.32446814682878117,7.512398429826804e-16,0.6755318531712181]",2
97,5414140f-2888-40b9-e1e2-7984f327,0.3076923076923077,0.25,1.0,"[0.3076923076923077,0.25,1.0]",0.9383583995665009,0.517856285967904,"[0.9383583995665009,0.517856285967904]","[0.0008604971802540113,0.9991115438073418,2.7959012404160257e-05]",1
98,54e1c86d-b289-f693-e3a3-5d393778,0.4615384615384616,0.016666666666666663,0.8,"[0.4615384615384616,0.016666666666666663,0.8]",0.7505161950418036,0.40379160960405885,"[0.7505161950418036,0.40379160960405885]","[0.08479852188306916,1.610670777208206e-16,0.9152014781169308]",2
99,54ec8d85-fcb4-2695-6332-e8c53e6e,0.7692307692307693,0.75,1.0,"[0.7692307692307693,0.75,1.0]",1.461697897850877,0.08311525382935925,"[1.461697897850877,0.08311525382935925]","[3.879397947086356e-05,0.993980302187128,0.005980903833401294]",1
100,554558f4-55fd-07df-ddb3-309239ad,0.3076923076923077,0.027777777777777773,1.0,"[0.3076923076923077,0.027777777777777773,1.0]",0.8080140668674222,0.6204620081871342,"[0.8080140668674222,0.6204620081871342]","[0.000372154957712071,0.9996264878878497,1.3571544383235837e-06]",1
101,56a4a9a0-7ab4-0a76-0621-b118321b,0.3076923076923077,0.25,1.0,"[0.3076923076923077,0.25,1.0]",0.9383583995665009,0.517856285967904,"[0.9383583995665009,0.517856285967904]","[0.0008604971802540113,0.9991115438073418,2.7959012404160257e-05]",1
102,57b97824-05f2-21af-72f1-95f7d697,0.6153846153846154,0.13888888888888887,0.5714285714285714,"[0.6153846153846154,0.13888888888888887,0.5714285714285714]",0.7529865078221349,0.10358044926388199,"[0.7529865078221349,0.10358044926388199]","[0.9753840709977587,3.980205288825895e-16,0.024615929002240907]",0
103,57fbd139-416d-e97c-42e1-e3d21786,0.4615384615384616,0.4166666666666667,1.0,"[0.4615384615384616,0.4166666666666667,1.0]",1.1128048989946264,0.372942608588389,"[1.1128048989946264,0.372942608588389]","[0.0006016838984132821,0.9989602453435545,0.0004380707580321585]",1
104,5a064204-6bd4-8b83-adec-4f0196a2,0.38461538461538464,0.02083333333333333,1.0,"[0.38461538461538464,0.02083333333333333,1.0]",0.8422849314224841,0.5896887441489389,"[0.8422849314224841,0.5896887441489389]","[0.00042849279425650143,0.9995680702849609,3.436920782588594e-06]",1
105,5bb4be5d-066c-8d6b-ec52-55325830,0.3076923076923077,0.08333333333333333,0.6666666666666666,"[0.3076923076923077,0.08333333333333333,0.6666666666666666]",0.6278186415513902,0.3384084126674191,"[0.6278186415513902,0.3384084126674191]","[0.12132663429277252,1.4732939374022733e-16,0.8786733657072273]",2
106,5bfa22fd-175f-02d2-c446-36369a81,0.8461538461538461,0.14583333333333334,0.1,"[0.8461538461538461,0.14583333333333334,0.1]",0.5711582953520005,-0.36419097714990506,"[0.5711582953520005,-0.36419097714990506]","[0.9999999999999983,8.513357331710607e-16,8.513357331729335e-16]",0
107,5d557ed3-ce5e-24e4-a66e-aa966d6c,0.3076923076923077,0.027777777777777773,0.6666666666666666,"[0.3076923076923077,0.027777777777777773,0.6666666666666666]",0.5952325583766206,0.3640598432222266,"[0.5952325583766206,0.3640598432222266]","[0.10323463901864136,1.622971763709092e-16,0.8967653609813585]",2
108,5de63720-f52d-3d98-8315-9cffae99,0.38461538461538464,0.3333333333333333,1.0,"[0.38461538461538464,0.3333333333333333,1.0]",1.0255816492805636,0.44539944727814657,"[1.0255816492805636,0.44539944727814657]","[0.0007828140295332404,0.9990923738078803,0.0001248121625865203]",1
109,5e97ad83-2b2c-529e-f831-deac0066,0.38461538461538464,0.125,0.5,"[0.38461538461538464,0.125,0.5]",0.5842115746389749,0.15698906441131358,"[0.5842115746389749,0.15698906441131358]","[0.9945891174136343,4.85765156517262e-16,0.005410882586365185]",0
110,5fad3306-616d-9b57-3411-75efa34d,0.4615384615384616,0.08333333333333333,0.6,"[0.4615384615384616,0.08333333333333333,0.6]",0.6619505897570462,0.2191685939593453,"[0.6619505897570462,0.2191685939593453]","[0.6656420561564173,3.8341632150445226e-16,0.33435794384358236]",0
111,600fadb1-9f64-3bf4-b14c-378c45ae,0.8461538461538461,0.03125,0.9,"[0.8461538461538461,0.03125,0.9]",1.0146251191819617,0.30408029428516353,"[1.0146251191819617,0.30408029428516353]","[0.07875626403563532,2.312083306662635e-16,0.9212437359643645]",2
112,6408c27b-ab13-d145-5b44-24f30202,0.3076923076923077,0.25,1.0,"[0.3076923076923077,0.25,1.0]",0.9383583995665009,0.517856285967904,"[0.9383583995665009,0.517856285967904]","[0.0008604971802540113,0.9991115438073418,2.7959012404160257e-05]",1
113,6613f3e0-2e08-24f1-52ba-bfab8807,0.6923076923076923,0.6666666666666666,0.125,"[0.6923076923076923,0.6666666666666666,0.125]",0.8159231883484601,-0.5174835905137655,"[0.8159231883484601,-0.5174835905137655]","[0.9999999999999903,4.8445677658646075e-15,4.844567765864621e-15]",0
114,6809fd15-56b5-3424-e33d-88eb107c,0.38461538461538464,0.3333333333333333,0.25,"[0.38461538461538464,0.3333333333333333,0.25]",0.5468232551762601,-0.1315054238928953,"[0.5468232551762601,-0.1315054238928953]","[0.9999999999999755,3.745177995005974e-16,2.4218062268978615e-14]",0
115,6a9b69a1-5f2e-6aea-63d9-0e9d77c1,0.5384615384615384,0.013888888888888895,1.0,"[0.5384615384615384,0.013888888888888895,1.0]",0.9148999209294542,0.5249357872531977,"[0.9148999209294542,0.5249357872531977]","[0.0009051743106272005,0.9990597576992014,3.506799017143281e-05]",1
116,6ba67821-cac2-1015-fa83-7a8546b6,0.8461538461538461,0.14583333333333334,0.9,"[0.8461538461538461,0.14583333333333334,0.9]",1.0818339157299244,0.251174218765873,"[1.0818339157299244,0.251174218765873]","[0.049050081476036414,1.9529710483211917e-16,0.9509499185239634]",2
117,6c86b1d0-fd95-c414-78d2-9495251b,0.38461538461538464,0.02083333333333333,0.75,"[0.38461538461538464,0.02083333333333333,0.75]",0.6826988000543829,0.3973871204252583,"[0.6826988000543829,0.3973871204252583]","[0.07023348999689757,1.2527044215007166e-16,0.9297665100031023]",2
118,6cb1567b-ce14-1c63-5c79-2d56cd65,0.6923076923076923,0.6666666666666666,1.0,"[0.6923076923076923,0.6666666666666666,1.0]",1.3744746481368142,0.15557209251911674,"[1.3744746481368142,0.15557209251911674]","[9.913668266335904e-05,0.9954375973729075,0.004463265944429167]",1
119,6e25573c-8b7b-a2e7-a782-480ddb63,0.3076923076923077,0.027777777777777773,0.3333333333333333,"[0.3076923076923077,0.027777777777777773,0.3333333333333333]",0.382451049885819,0.10765767825731914,"[0.382451049885819,0.10765767825731914]","[0.9999997539657928,9.826987953315513e-16,2.4603420633181345e-07]",0
120,6f168bc8-c816-a359-ba88-da8c663d,0.6153846153846154,0.25,0.7142857142857143,"[0.6153846153846154,0.25,0.7142857142857143]",0.9093507492391607,0.16216423028208443,"[0.9093507492391607,0.16216423028208443]","[0.19021154677987273,1.6008927975857394e-16,0.809788453220127]",2
121,6f359ebe-9f0a-2bae-a27a-c4ec1712,0.4615384615384616,0.08333333333333333,1.0,"[0.4615384615384616,0.08333333333333333,1.0]",0.9172883999460082,0.5268511919172343,"[0.9172883999460082,0.5268511919172343]","[0.0005272674529823054,0.9994550913216315,1.7641225386228326e-05]",1
122,6f99bc0c-a871-5dd6-80cb-22296ada,0.3076923076923077,0.25,1.0,"[0.3076923076923077,0.25,1.0]",0.9383583995665009,0.517856285967904,"[0.9383583995665009,0.517856285967904]","[0.0008604971802540113,0.9991115438073418,2.7959012404160257e-05]",1
123,70eacff4-a340-e4fd-746a-807b58c3,0.9230769230769232,0.25,1.0,"[0.9230769230769232,0.25,1.0]",1.2451113991817662,0.2460187431075348,"[1.2451113991817662,0.2460187431075348]","[0.0023154127197352273,0.9739472768515164,0.023737310428748427]",1
124,74105285-3bd1-71b2-bb2b-df56e6f7,0.3076923076923077,0.08333333333333333,1.0,"[0.3076923076923077,0.08333333333333333,1.0]",0.8406001500421918,0.5948105776323267,"[0.8406001500421918,0.5948105776323267]","[0.0004402424467473536,0.9995569648995176,2.7926537350299036e-06]",1
125,74df8aff-e884-bc0d-7710-a23afc0d,0.38461538461538464,0.3333333333333333,0.75,"[0.38461538461538464,0.3333333333333333,0.75]",0.8659955179124624,0.2530978235544659,"[0.8659955179124624,0.2530978235544659]","[0.07798520280876858,7.588695164982448e-17,0.9220147971912314]",2
126,7550652e-a184-e590-1205-03d91e86,0.38461538461538464,0.0,1.0,"[0.38461538461538464,0.0,1.0]",0.8300651502319454,0.5993080306069918,"[0.8300651502319454,0.5993080306069918]","[0.0004246509099237807,0.9995725726700728,2.7764200033426964e-06]",1
127,755f4b52-e48e-eda7-42c0-2dabd3cf,0.4615384615384616,0.016666666666666663,0.6,"[0.4615384615384616,0.016666666666666663,0.6]",0.6228472899473226,0.24995031062511436,"[0.6228472899473226,0.24995031062511436]","[0.5658891677732948,3.9709848669103636e-16,0.4341108322267048]",0
128,75bece44-7ed0-9de1-f411-854abe3b,0.3076923076923077,0.027777777777777773,0.6666666666666666,"[0.3076923076923077,0.027777777777777773,0.6666666666666666]",0.5952325583766206,0.3640598432222266,"[0.5952325583766206,0.3640598432222266]","[0.10323463901864136,1.622971763709092e-16,0.8967653609813585]",2
129,76223a87-2695-2b9d-ac3d-b8a7f469,1.0,1.0,1.0,"[1.0,1.0,1.0]",1.723367646993065,-0.13425526223991302,"[1.723367646993065,-0.13425526223991302]","[8.521046711209728e-07,0.9965733829897349,0.0034257649055940056]",1
130,77d5ac07-0cfc-ac01-e741-58dae777,0.6153846153846154,0.05000000000000001,0.2857142857142857,"[0.6153846153846154,0.05000000000000001,0.2857142857142857]",0.5184646246075306,-0.07515054610406091,"[0.5184646246075306,-0.07515054610406091]","[0.9999999999972653,3.82452831962104e-16,2.7343184111823452e-12]",0
131,78928b9d-af19-1353-e439-c5b1d36f,0.38461538461538464,0.3333333333333333,0.5,"[0.38461538461538464,0.3333333333333333,0.5]",0.7064093865443613,0.060796199830785325,"[0.7064093865443613,0.060796199830785325]","[0.9993728413775044,3.4987257669850074e-16,0.000627158622495162]",0
132,78f08216-f3b9-62f6-7676-e8f9b3e2,0.38461538461538464,0.05555555555555556,0.5,"[0.38461538461538464,0.05555555555555556,0.5]",0.5434789706705128,0.189053352604823,"[0.5434789706705128,0.189053352604823]","[0.98910138411486,6.155974799229187e-16,0.010898615885139368]",0
133,7b7820c3-5040-cdf4-4448-bacd9426,0.6923076923076923,0.6666666666666666,0.625,"[0.6923076923076923,0.6666666666666666,0.625]",1.1350954510846625,-0.13288034306640417,"[1.1350954510846625,-0.13288034306640417]","[0.99397356330456,5.9373357658215895e-15,0.006026436695433995]",0
134,7c6856f2-bacb-4be2-61d0-ba4bf284,0.38461538461538464,0.02083333333333333,0.75,"[0.38461538461538464,0.02083333333333333,0.75]",0.6826988000543829,0.3973871204252583,"[0.6826988000543829,0.3973871204252583]","[0.07023348999689757,1.2527044215007166e-16,0.9297665100031023]",2
135,7d0acedd-f795-6e39-b508-3eea42ac,0.5384615384615384,0.0,0.8333333333333334,"[0.5384615384615384,0.0,0.8333333333333334]",0.8003626458903609,0.40314756240944577,"[0.8003626458903609,0.40314756240944577]","[0.10578162189335535,2.1563030035454395e-16,0.8942183781066445]",2
136,8095dea5-2414-2dd8-96a5-94762161,0.38461538461538464,0.05555555555555556,0.5,"[0.38461538461538464,0.05555555555555556,0.5]",0.5434789706705128,0.189053352604823,"[0.5434789706705128,0.189053352604823]","[0.98910138411486,6.155974799229187e-16,0.010898615885139368]",0
137,80e6c3aa-f56c-4679-d623-79d6fd2d,0.3076923076923077,0.0,0.3333333333333333,"[0.3076923076923077,0.0,0.3333333333333333]",0.36615800829843415,0.12048339353472293,"[0.36615800829843415,0.12048339353472293]","[0.9999996114480346,1.1515388042077016e-15,3.8855196419044604e-07]",0
138,823fb65f-7880-5b1e-2c81-c7fdda61,0.38461538461538464,0.3333333333333333,1.0,"[0.38461538461538464,0.3333333333333333,1.0]",1.0255816492805636,0.44539944727814657,"[1.0255816492805636,0.44539944727814657]","[0.0007828140295332404,0.9990923738078803,0.0001248121625865203]",1
139,85d4f155-5a13-7eb1-4d96-5c0b6e30,1.0,0.4583333333333333,0.9166666666666666,"[1.0,0.4583333333333333,0.9166666666666666]",1.35245795891636,0.051745644428233595,"[1.35245795891636,0.051745644428233595]","[0.00789730121051929,6.497555620227195e-16,0.99210269878948]",2
140,889c7103-b73e-f33a-594f-f207a4cd,0.8461538461538461,0.8333333333333334,1.0,"[0.8461538461538461,0.8333333333333334,1.0]",1.5489211475649396,0.010658415139601862,"[1.5489211475649396,0.010658415139601862]","[1.2842456117245658e-05,0.9936777828752263,0.0063093746686563625]",1
141,8a2e2082-7444-5533-6931-1b05fd88,0.5384615384615384,0.20833333333333331,0.8333333333333334,"[0.5384615384615384,0.20833333333333331,0.8333333333333334]",0.9225604577957472,0.3069546978289175,"[0.9225604577957472,0.3069546978289175]","[0.06418733728274954,1.0738461298689682e-16,0.9358126627172505]",2
142,8a68d73e-17f5-4571-ef15-e1d03878,0.7692307692307693,0.3333333333333333,1.0,"[0.7692307692307693,0.3333333333333333,1.0]",1.2173022740401043,0.27550098299041587,"[1.2173022740401043,0.27550098299041587]","[0.00042400710971005344,0.9971797001358819,0.0023962927544080403]",1
143,8a6d88da-00af-01eb-e85b-db817e28,0.6153846153846154,0.13888888888888887,0.5714285714285714,"[0.6153846153846154,0.13888888888888887,0.5714285714285714]",0.7529865078221349,0.10358044926388199,"[0.7529865078221349,0.10358044926388199]","[0.9753840709977587,3.980205288825895e-16,0.024615929002240907]",0
144,8ae29d55-64a1-1cf2-962b-4a35e380,0.7692307692307693,0.125,0.5555555555555556,"[0.7692307692307693,0.125,0.5555555555555556]",0.8113957841469825,0.029824294284400865,"[0.8113957841469825,0.029824294284400865]","[0.9975868752087657,4.2644160010960965e-16,0.002413124791233918]",0
145,8bdf5cb3-35c1-f6f1-e618-f641fcc2,1.0,0.2777777777777777,1.0,"[1.0,0.2777777777777777,1.0]",1.299748565721059,0.19921333497258498,"[1.299748565721059,0.19921333497258498]","[0.003027291371896972,0.9265531033674219,0.07041960526068106]",1
146,8c7bdf99-8cda-02c4-7ccf-ad45ef8a,1.0,0.4583333333333333,0.9166666666666666,"[1.0,0.4583333333333333,0.9166666666666666]",1.35245795891636,0.051745644428233595,"[1.35245795891636,0.051745644428233595]","[0.00789730121051929,6.497555620227195e-16,0.99210269878948]",2
147,8cedbb4b-6088-0b3c-fc04-ad8ce093,0.6923076923076923,0.2916666666666667,1.0,"[0.6923076923076923,0.2916666666666667,1.0]",1.1545185867071188,0.32871924876406766,"[1.1545185867071188,0.32871924876406766]","[0.00046376449826623445,0.9985882616262858,0.0009479738754479938]",1
148,8f38fcd5-8798-9850-2359-5268418e,0.6153846153846154,0.08333333333333333,1.0,"[0.6153846153846154,0.08333333333333333,1.0]",0.9939766498498244,0.4588918062021421,"[0.9939766498498244,0.4588918062021421]","[0.0010775977936905465,0.9987504728922957,0.00017192931401377115]",1
149,9187a2a4-6ffb-f4f5-f012-df8a1141,0.3076923076923077,0.0,1.0,"[0.3076923076923077,0.0,1.0]",0.7917210252800373,0.633287723464538,"[0.7917210252800373,0.633287723464538]","[0.00034574213936498246,0.9996533035062491,9.54354385862409e-07]",1
150,921196a3-13fa-e4ce-3af8-6cbdc712,0.7692307692307693,0.19444444444444445,0.2222222222222222,"[0.7692307692307693,0.19444444444444445,0.2222222222222222]",0.6393468796246431,-0.2586421588740162,"[0.6393468796246431,-0.2586421588740162]","[0.999999999999999,4.954674124455275e-16,4.96480945454318e-16]",0
151,92d86eda-129e-0d8c-0a73-835acef9,0.3076923076923077,0.25,1.0,"[0.3076923076923077,0.25,1.0]",0.9383583995665009,0.517856285967904,"[0.9383583995665009,0.517856285967904]","[0.0008604971802540113,0.9991115438073418,2.7959012404160257e-05]",1
152,9627fef7-14c0-4a88-0954-9cf43b68,0.6923076923076923,0.2916666666666667,1.0,"[0.6923076923076923,0.2916666666666667,1.0]",1.1545185867071188,0.32871924876406766,"[1.1545185867071188,0.32871924876406766]","[0.00046376449826623445,0.9985882616262858,0.0009479738754479938]",1
153,97372a43-0a6d-3145-e63f-0202242e,0.4615384615384616,0.16666666666666666,0.8,"[0.4615384615384616,0.16666666666666666,0.8]",0.8384986196136818,0.3345327471060785,"[0.8384986196136818,0.3345327471060785]","[0.06860156191840426,9.511555920062432e-17,0.9313984380815956]",2
154,979eea52-4e76-7700-5136-517b6799,0.8461538461538461,0.14583333333333334,0.0,"[0.8461538461538461,0.14583333333333334,0.0]",0.50732384280476,-0.4411116266393773,"[0.50732384280476,-0.4411116266393773]","[0.9999999999999969,1.5385285682834793e-15,1.5385285682834793e-15]",0
155,97f93288-c344-0f1f-19c0-14aff5aa,0.6923076923076923,0.02380952380952382,0.75,"[0.6923076923076923,0.02380952380952382,0.75]",0.8378209828892352,0.26009416521535195,"[0.8378209828892352,0.26009416521535195]","[0.08642265396826088,7.831233289857807e-17,0.913577346031739]",2
156,98599cc0-703a-b3be-34dc-7bcf7e6a,0.6153846153846154,0.5833333333333334,1.0,"[0.6153846153846154,0.5833333333333334,1.0]",1.2872513984227516,0.22802893120887424,"[1.2872513984227516,0.22802893120887424]","[0.0002141269837770462,0.9971661383215707,0.0026197346946522306]",1
157,987749e2-fc0f-96db-2aa7-7df33e6d,0.3076923076923077,0.08333333333333333,0.3333333333333333,"[0.3076923076923077,0.08333333333333333,0.3333333333333333]",0.41503713306058865,0.08200624770251164,"[0.41503713306058865,0.08200624770251164]","[0.999999901686828,7.385869689928933e-16,9.831317127341065e-08]",0
158,991dbd0d-8c68-1ed6-f469-0348585f,0.5384615384615384,0.0,1.0,"[0.5384615384615384,0.0,1.0]",0.9067534001357617,0.5313486448918996,"[0.9067534001357617,0.5313486448918996]","[0.0009564871790339748,0.9990109823099024,3.25305110635719e-05]",1
159,9946a658-3dc0-f680-6e04-89182b0f,0.4615384615384616,0.16666666666666666,0.8,"[0.4615384615384616,0.16666666666666666,0.8]",0.8384986196136818,0.3345327471060785,"[0.8384986196136818,0.3345327471060785]","[0.06860156191840426,9.511555920062432e-17,0.9313984380815956]",2
160,999f9f91-e880-70f1-00d3-e8994609,0.6153846153846154,0.05000000000000001,0.8571428571428571,"[0.6153846153846154,0.05000000000000001,0.8571428571428571]",0.8832329248774762,0.3643960224072091,"[0.8832329248774762,0.3643960224072091]","[0.09926241264106861,1.9735303993370165e-16,0.9007375873589312]",2
161,99d9bce0-1f7d-da02-6d84-afe0122e,0.5384615384615384,0.20833333333333331,0.6666666666666666,"[0.5384615384615384,0.20833333333333331,0.6666666666666666]",0.8161697035503465,0.17875361534646372,"[0.8161697035503465,0.17875361534646372]","[0.37110495233589497,2.215540261729852e-16,0.6288950476641049]",2
162,9c5c43e2-3def-6e8f-844e-4ee72d08,0.6153846153846154,0.05000000000000001,1.0,"[0.6153846153846154,0.05000000000000001,1.0]",0.9744249999449626,0.4742826645350266,"[0.9744249999449626,0.4742826645350266]","[0.0012995440010108575,0.9985472173501897,0.00015323864879948764]",1
163,9cc2cc33-730e-86eb-e910-ff1ec6fd,0.3076923076923077,0.25,1.0,"[0.3076923076923077,0.25,1.0]",0.9383583995665009,0.517856285967904,"[0.9383583995665009,0.517856285967904]","[0.0008604971802540113,0.9991115438073418,2.7959012404160257e-05]",1
164,9dfba79f-46d5-9b68-3a28-dff09283,0.3076923076923077,0.08333333333333333,1.0,"[0.3076923076923077,0.08333333333333333,1.0]",0.8406001500421918,0.5948105776323267,"[0.8406001500421918,0.5948105776323267]","[0.0004402424467473536,0.9995569648995176,2.7926537350299036e-06]",1
165,9e184ea2-45e6-abdb-90a9-fb5b011b,0.9230769230769232,0.11666666666666665,0.5454545454545454,"[0.9230769230769232,0.11666666666666665,0.5454545454545454]",0.8767481970748621,-0.04205713942216466,"[0.8767481970748621,-0.04205713942216466]","[0.9997630559998782,5.703003156082615e-16,0.00023694400012125798]",0
166,9f9f9fdf-92e7-af14-0692-647f88c2,0.6153846153846154,0.5833333333333334,1.0,"[0.6153846153846154,0.5833333333333334,1.0]",1.2872513984227516,0.22802893120887424,"[1.2872513984227516,0.22802893120887424]","[0.0002141269837770462,0.9971661383215707,0.0026197346946522306]",1
167,a070cc15-8fb3-b7eb-834d-d191a652,0.3076923076923077,0.08333333333333333,0.6666666666666666,"[0.3076923076923077,0.08333333333333333,0.6666666666666666]",0.6278186415513902,0.3384084126674191,"[0.6278186415513902,0.3384084126674191]","[0.12132663429277252,1.4732939374022733e-16,0.8786733657072273]",2
168,a134cb86-69ed-3ceb-ab8b-42799b5f,0.5384615384615384,0.20833333333333331,0.5,"[0.5384615384615384,0.20833333333333331,0.5]",0.7097789493049457,0.050552532864010014,"[0.7097789493049457,0.050552532864010014]","[0.9996343521378144,3.456632603579123e-16,0.00036564786218537456]",0
169,a1ac05b8-d131-07d0-f419-28c0d19a,1.0,0.4583333333333333,0.08333333333333333,"[1.0,0.4583333333333333,0.08333333333333333]",0.8205041876893561,-0.5892597679840351,"[0.8205041876893561,-0.5892597679840351]","[0.9999999999999793,1.0349243076076563e-14,1.0349243076076563e-14]",0
170,a1b9f7ef-402c-6b05-11c1-33d65f47,0.6153846153846154,0.5833333333333334,1.0,"[0.6153846153846154,0.5833333333333334,1.0]",1.2872513984227516,0.22802893120887424,"[1.2872513984227516,0.22802893120887424]","[0.0002141269837770462,0.9971661383215707,0.0026197346946522306]",1
171,a3ec40af-975f-ba01-2db3-3caa97d9,1.0,0.2777777777777777,0.08333333333333333,"[1.0,0.2777777777777777,0.08333333333333333]",0.7145994173713546,-0.5058926186809106,"[0.7145994173713546,-0.5058926186809106]","[0.9999999999999942,2.859491666622595e-15,2.859491666622595e-15]",0
172,a4793f2a-58de-2b33-168f-32424641,0.3076923076923077,0.25,0.6666666666666666,"[0.3076923076923077,0.25,0.6666666666666666]",0.7255768910756993,0.2614541210029965,"[0.7255768910756993,0.2614541210029965]","[0.19668553666798763,1.416542288405604e-16,0.8033144633320123]",2
173,a52f2bc6-a117-0f22-9ee9-126d536e,0.8461538461538461,0.8333333333333334,1.0,"[0.8461538461538461,0.8333333333333334,1.0]",1.5489211475649396,0.010658415139601862,"[1.5489211475649396,0.010658415139601862]","[1.2842456117245658e-05,0.9936777828752263,0.0063093746686563625]",1
174,a55e8048-fa92-f072-72e3-bbf2ba61,0.4615384615384616,0.0,1.0,"[0.4615384615384616,0.0,1.0]",0.8684092751838536,0.5653283377494456,"[0.8684092751838536,0.5653283377494456]","[0.0005961517552835457,0.9993948457807676,9.002463948764221e-06]",1
175,a7010942-2bf9-c022-3897-796a718f,0.38461538461538464,0.125,0.75,"[0.38461538461538464,0.125,0.75]",0.7437977060070761,0.3492906881349942,"[0.7437977060070761,0.3492906881349942]","[0.0716672820587931,9.009514376148277e-17,0.9283327179412068]",2
176,a898d118-8b18-a02c-ae58-2a774d5f,0.5384615384615384,0.20833333333333331,0.3333333333333333,"[0.5384615384615384,0.20833333333333331,0.3333333333333333]",0.6033881950595449,-0.07764854961844375,"[0.6033881950595449,-0.07764854961844375]","[0.9999999998533902,3.2507244358476325e-16,1.4660940974863233e-10]",0
177,a932ede5-1443-cb58-2838-6a6efc0a,0.4615384615384616,0.0,1.0,"[0.4615384615384616,0.0,1.0]",0.8684092751838536,0.5653283377494456,"[0.8684092751838536,0.5653283377494456]","[0.0005961517552835457,0.9993948457807676,9.002463948764221e-06]",1
178,a96e9db0-5940-66d7-4a98-2379b34d,0.38461538461538464,0.05555555555555556,0.75,"[0.38461538461538464,0.05555555555555556,0.75]",0.7030651020386139,0.38135497632850357,"[0.7030651020386139,0.38135497632850357]","[0.07059218724792043,1.1022637788954274e-16,0.9294078127520795]",2
179,a98a0de3-d8ed-675c-b2d4-ac776c7b,0.4615384615384616,0.0,1.0,"[0.4615384615384616,0.0,1.0]",0.8684092751838536,0.5653283377494456,"[0.8684092751838536,0.5653283377494456]","[0.0005961517552835457,0.9993948457807676,9.002463948764221e-06]",1
180,a997f5a7-10f2-8566-1c1d-559b423c,1.0,0.2777777777777777,1.0,"[1.0,0.2777777777777777,1.0]",1.299748565721059,0.19921333497258498,"[1.299748565721059,0.19921333497258498]","[0.003027291371896972,0.9265531033674219,0.07041960526068106]",1
181,abcc36e1-adfa-f564-04d4-d632273a,0.4615384615384616,0.04166666666666666,0.8,"[0.4615384615384616,0.04166666666666666,0.8]",0.76517993247045,0.39224846585439543,"[0.76517993247045,0.39224846585439543]","[0.08170436827129768,1.441565615580379e-16,0.9182956317287021]",2
182,abda0840-539e-d7ad-7f3c-e3005350,0.5384615384615384,0.0625,0.6666666666666666,"[0.5384615384615384,0.0625,0.6666666666666666]",0.730631235216576,0.24608862055283354,"[0.730631235216576,0.24608862055283354]","[0.24639632586420415,1.6454689731044796e-16,0.7536036741357958]",2
183,abe4e05a-6e7f-9b91-6fc2-255d8ca8,0.3076923076923077,0.08333333333333333,0.6666666666666666,"[0.3076923076923077,0.08333333333333333,0.6666666666666666]",0.6278186415513902,0.3384084126674191,"[0.6278186415513902,0.3384084126674191]","[0.12132663429277252,1.4732939374022733e-16,0.8786733657072273]",2
184,ad50ec3a-b5fa-441c-dff6-68962309,0.3076923076923077,0.25,0.0,"[0.3076923076923077,0.25,0.0]",0.3000138740940962,-0.2513502089268185,"[0.3000138740940962,-0.2513502089268185]","[0.9999999999999969,1.5694602741917359e-15,1.5694602741918444e-15]",0
185,af4c2645-6fb3-16d2-5660-862ba713,0.7692307692307693,0.75,1.0,"[0.7692307692307693,0.75,1.0]",1.461697897850877,0.08311525382935925,"[1.461697897850877,0.08311525382935925]","[3.879397947086356e-05,0.993980302187128,0.005980903833401294]",1
186,af82af91-5c05-62ed-d5f4-ab452057,0.6153846153846154,0.25,1.0,"[0.6153846153846154,0.25,1.0]",1.0917348993741336,0.38193751453771946,"[1.0917348993741336,0.38193751453771946]","[0.0004904032188760658,0.9991633423359039,0.0003462544452201071]",1
187,b203a259-8fca-f544-f793-7196165c,0.6153846153846154,0.5833333333333334,1.0,"[0.6153846153846154,0.5833333333333334,1.0]",1.2872513984227516,0.22802893120887424,"[1.2872513984227516,0.22802893120887424]","[0.0002141269837770462,0.9971661383215707,0.0026197346946522306]",1
188,b341bfef-bd17-e48f-e3c6-71e45a3b,0.6153846153846154,0.5833333333333334,0.42857142857142855,"[0.6153846153846154,0.5833333333333334,0.42857142857142855]",0.922483098152806,-0.21151763730239576,"[0.922483098152806,-0.21151763730239576]","[0.9999999978297572,1.1426810280688684e-15,2.1702417148212976e-09]",0
189,b37edebf-8ae7-aa45-24a6-a71ab0cf,0.3076923076923077,0.0,1.0,"[0.3076923076923077,0.0,1.0]",0.7917210252800373,0.633287723464538,"[0.7917210252800373,0.633287723464538]","[0.00034574213936498246,0.9996533035062491,9.54354385862409e-07]",1
190,b3ed71c3-f69d-be41-8e55-61063ba5,0.3076923076923077,0.25,1.0,"[0.3076923076923077,0.25,1.0]",0.9383583995665009,0.517856285967904,"[0.9383583995665009,0.517856285967904]","[0.0008604971802540113,0.9991115438073418,2.7959012404160257e-05]",1
191,b4317fab-f533-bf46-11da-30745ab3,0.3076923076923077,0.08333333333333333,1.0,"[0.3076923076923077,0.08333333333333333,1.0]",0.8406001500421918,0.5948105776323267,"[0.8406001500421918,0.5948105776323267]","[0.0004402424467473536,0.9995569648995176,2.7926537350299036e-06]",1
192,b51ab28b-c73d-4a8a-b819-1193d14b,0.8461538461538461,0.047619047619047616,0.9,"[0.8461538461538461,0.047619047619047616,0.9]",1.0242263758316708,0.29652228349669346,"[1.0242263758316708,0.29652228349669346]","[0.07359554808244789,2.232126022170665e-16,0.9264044519175518]",2
193,b543862d-e79a-96e0-43de-2a3df236,0.38461538461538464,0.02083333333333333,1.0,"[0.38461538461538464,0.02083333333333333,1.0]",0.8422849314224841,0.5896887441489389,"[0.8422849314224841,0.5896887441489389]","[0.00042849279425650143,0.9995680702849609,3.436920782588594e-06]",1
194,bbed801c-180e-99dc-7c6b-4a6ce07e,0.3076923076923077,0.0,1.0,"[0.3076923076923077,0.0,1.0]",0.7917210252800373,0.633287723464538,"[0.7917210252800373,0.633287723464538]","[0.00034574213936498246,0.9996533035062491,9.54354385862409e-07]",1
195,bc165eba-99d1-fcf2-3c18-7b8ddbe3,0.6923076923076923,0.16666666666666666,0.125,"[0.6923076923076923,0.16666666666666666,0.125]",0.5226484397755329,-0.28662071552049756,"[0.5226484397755329,-0.28662071552049756]","[0.9999999999999988,6.157622919372113e-16,6.15762298998319e-16]",0
196,bc59fb83-de20-c8dc-0046-06b5a884,0.4615384615384616,0.4166666666666667,1.0,"[0.4615384615384616,0.4166666666666667,1.0]",1.1128048989946264,0.372942608588389,"[1.1128048989946264,0.372942608588389]","[0.0006016838984132821,0.9989602453435545,0.0004380707580321585]",1
197,bd5f2e42-b664-0cc9-37b0-15736f11,0.9230769230769232,0.25,1.0,"[0.9230769230769232,0.25,1.0]",1.2451113991817662,0.2460187431075348,"[1.2451113991817662,0.2460187431075348]","[0.0023154127197352273,0.9739472768515164,0.023737310428748427]",1
198,bd68cd15-7a72-7240-6a6d-11fdf386,0.5384615384615384,0.11111111111111112,0.8333333333333334,"[0.5384615384615384,0.11111111111111112,0.8333333333333334]",0.8655348122399003,0.3518447012998307,"[0.8655348122399003,0.3518447012998307]","[0.08067641334090582,1.3750593856824362e-16,0.919323586659094]",2
199,bde2c3b9-096f-3106-3105-39e3c690,0.6923076923076923,0.16666666666666666,0.875,"[0.6923076923076923,0.16666666666666666,0.875]",1.0014068338798363,0.29028415565054433,"[1.0014068338798363,0.29028415565054433]","[0.063742806127841,1.5844649757742836e-16,0.9362571938721588]",2
200,be606175-e63e-f12e-d947-27baefe1,1.0,0.4583333333333333,1.0,"[1.0,0.4583333333333333,1.0]",1.4056533360390604,0.11584618566946048,"[1.4056533360390604,0.11584618566946048]","[0.0002613992876406848,0.976049913652745,0.02368868705961423]",1
201,be7e4626-8ea8-e4e7-bd98-df4d6b7e,0.38461538461538464,0.05555555555555556,0.75,"[0.38461538461538464,0.05555555555555556,0.75]",0.7030651020386139,0.38135497632850357,"[0.7030651020386139,0.38135497632850357]","[0.07059218724792043,1.1022637788954274e-16,0.9294078127520795]",2
202,be8f96e0-decb-0d0f-f5a0-da9a731a,0.38461538461538464,0.0,1.0,"[0.38461538461538464,0.0,1.0]",0.8300651502319454,0.5993080306069918,"[0.8300651502319454,0.5993080306069918]","[0.0004246509099237807,0.9995725726700728,2.7764200033426964e-06]",1
203,bf2d4ca4-7b76-c83f-c25b-69db4d40,0.8461538461538461,0.375,1.0,"[0.8461538461538461,0.375,1.0]",1.2800859613730897,0.22228271721676407,"[1.2800859613730897,0.22228271721676407]","[0.0003744430329382068,0.9940378786070064,0.005587678360055365]",1
204,c0a279eb-433f-7d20-4fe4-30c7bf1d,0.5384615384615384,0.5,0.3333333333333333,"[0.5384615384615384,0.5,0.3333333333333333]",0.7744651317270858,-0.21231856003118332,"[0.7744651317270858,-0.21231856003118332]","[0.9999999999991365,5.368774229254832e-16,8.630207262128325e-13]",0
205,c0e4f1b6-286e-9a62-9b55-08b882ec,1.0,0.025000000000000005,1.0,"[1.0,0.025000000000000005,1.0]",1.1514818872758568,0.31592734399695926,"[1.1514818872758568,0.31592734399695926]","[0.10165445056864045,0.5732613842188498,0.3250841652125097]",1
206,c0f2c451-9f22-3dc5-b0ab-d6747910,0.7692307692307693,0.75,1.0,"[0.7692307692307693,0.75,1.0]",1.461697897850877,0.08311525382935925,"[1.461697897850877,0.08311525382935925]","[3.879397947086356e-05,0.993980302187128,0.005980903833401294]",1
207,c1b850ff-362a-890f-0c23-014773bb,0.9230769230769232,0.4166666666666667,1.0,"[0.9230769230769232,0.4166666666666667,1.0]",1.3428696487060752,0.16906445144311222,"[1.3428696487060752,0.16906445144311222]","[0.00031891631188625617,0.9876802247861679,0.012000858901945832]",1
208,c1d60570-2cbc-37b1-9e8a-4883bae7,1.0,0.2777777777777777,0.9166666666666666,"[1.0,0.2777777777777777,0.9166666666666666]",1.2465531885983585,0.1351127937313581,"[1.2465531885983585,0.1351127937313581]","[0.016774838004792122,3.054175158782927e-16,0.9832251619952076]",2
209,c24334a0-477a-6656-021d-668ba57f,0.5384615384615384,0.5,1.0,"[0.5384615384615384,0.5,1.0]",1.200028148708689,0.3004857698986317,"[1.200028148708689,0.3004857698986317]","[0.00039060888435822627,0.9984008896171271,0.001208501498514774]",1
210,c3385c79-a01d-377d-9eac-6cf460e9,0.6153846153846154,0.25,1.0,"[0.6153846153846154,0.25,1.0]",1.0917348993741336,0.38193751453771946,"[1.0917348993741336,0.38193751453771946]","[0.0004904032188760658,0.9991633423359039,0.0003462544452201071]",1
211,c9f74898-df82-973e-76ca-08186d7c,0.4615384615384616,0.4166666666666667,1.0,"[0.4615384615384616,0.4166666666666667,1.0]",1.1128048989946264,0.372942608588389,"[1.1128048989946264,0.372942608588389]","[0.0006016838984132821,0.9989602453435545,0.0004380707580321585]",1
212,cc1e5f29-a1bd-4a13-5c8d-dbcaa11b,0.4615384615384616,0.16666666666666666,1.0,"[0.4615384615384616,0.16666666666666666,1.0]",0.9661675247081627,0.488374046085023,"[0.9661675247081627,0.488374046085023]","[0.0004963411329375782,0.9994672387117498,3.642015531258538e-05]",1
213,cd63ab01-8f40-afeb-0b3d-ca6de10f,1.0,1.0,0.9166666666666666,"[1.0,1.0,0.9166666666666666]",1.6701722698703647,-0.1983558034811399,"[1.6701722698703647,-0.1983558034811399]","[0.0010763863425371954,1.1743361861709926e-13,0.9989236136573454]",2
214,ce280b9f-f7cf-eef4-dd34-fdc44bfe,0.3076923076923077,0.08333333333333333,0.6666666666666666,"[0.3076923076923077,0.08333333333333333,0.6666666666666666]",0.6278186415513902,0.3384084126674191,"[0.6278186415513902,0.3384084126674191]","[0.12132663429277252,1.4732939374022733e-16,0.8786733657072273]",2
215,ce4913ec-b21e-60b6-d455-4bc5b2b4,0.3076923076923077,0.027777777777777773,0.6666666666666666,"[0.3076923076923077,0.027777777777777773,0.6666666666666666]",0.5952325583766206,0.3640598432222266,"[0.5952325583766206,0.3640598432222266]","[0.10323463901864136,1.622971763709092e-16,0.8967653609813585]",2
216,ceff0481-0e5a-e1d8-5361-b5ba2a52,0.6923076923076923,0.02380952380952382,0.875,"[0.6923076923076923,0.02380952380952382,0.875]",0.9176140485732858,0.3562449770771923,"[0.9176140485732858,0.3562449770771923]","[0.10548730012143209,2.321429593204934e-16,0.8945126998785676]",2
217,cf23b843-3219-15e7-f878-361bbfeb,0.4615384615384616,0.4166666666666667,0.8,"[0.4615384615384616,0.4166666666666667,0.8]",0.9851359939001454,0.21910130960944452,"[0.9851359939001454,0.21910130960944452]","[0.05129781477797604,8.318583003924063e-17,0.9487021852220239]",2
218,d0fe3bbe-eeeb-e784-986f-51c01c74,0.4615384615384616,0.0,1.0,"[0.4615384615384616,0.0,1.0]",0.8684092751838536,0.5653283377494456,"[0.8684092751838536,0.5653283377494456]","[0.0005961517552835457,0.9993948457807676,9.002463948764221e-06]",1
219,d240496b-e2cf-209d-80f4-6a24fbd7,0.8461538461538461,0.2222222222222222,1.0,"[0.8461538461538461,0.2222222222222222,1.0]",1.1904742326424729,0.29282415124248484,"[1.1904742326424729,0.29282415124248484]","[0.0017468121505877063,0.9906589351440629,0.00759425270534947]",1
220,d2a78c5a-c501-ea53-1bcf-2fedb47d,0.6923076923076923,0.02380952380952382,0.5,"[0.6923076923076923,0.02380952380952382,0.5]",0.678234851521134,0.06779254149167135,"[0.678234851521134,0.06779254149167135]","[0.9995958872476742,3.477510520628925e-16,0.00040411275232549545]",0
221,d41a406c-81b7-dca2-962a-a408e155,0.3076923076923077,0.25,1.0,"[0.3076923076923077,0.25,1.0]",0.9383583995665009,0.517856285967904,"[0.9383583995665009,0.517856285967904]","[0.0008604971802540113,0.9991115438073418,2.7959012404160257e-05]",1
222,d424420a-72ee-7166-ac7e-9b96c0e6,0.6153846153846154,0.05000000000000001,0.7142857142857143,"[0.6153846153846154,0.05000000000000001,0.7142857142857143]",0.7920408498099898,0.2545093802793916,"[0.7920408498099898,0.2545093802793916]","[0.12693820595801872,9.801193430056356e-17,0.8730617940419813]",2
223,d48858c6-80ce-2e95-a74a-8d955a9e,0.38461538461538464,0.125,1.0,"[0.38461538461538464,0.125,1.0]",0.9033838373751772,0.5415923118586748,"[0.9033838373751772,0.5415923118586748]","[0.0004752146511770022,0.9995142940887832,1.0491260039890655e-05]",1
224,d4ca59b9-1058-6388-4cc5-e58c2290,0.4615384615384616,0.0,1.0,"[0.4615384615384616,0.0,1.0]",0.8684092751838536,0.5653283377494456,"[0.8684092751838536,0.5653283377494456]","[0.0005961517552835457,0.9993948457807676,9.002463948764221e-06]",1
225,d5d7fee4-5428-bea3-17aa-30fb97f1,0.38461538461538464,0.05555555555555556,0.75,"[0.38461538461538464,0.05555555555555556,0.75]",0.7030651020386139,0.38135497632850357,"[0.7030651020386139,0.38135497632850357]","[0.07059218724792043,1.1022637788954274e-16,0.9294078127520795]",2
226,d6458839-e410-c16f-44d7-7aad9b6b,0.8461538461538461,0.8333333333333334,1.0,"[0.8461538461538461,0.8333333333333334,1.0]",1.5489211475649396,0.010658415139601862,"[1.5489211475649396,0.010658415139601862]","[1.2842456117245658e-05,0.9936777828752263,0.0063093746686563625]",1
227,d80b6775-ae61-8dae-98ce-99412037,0.3076923076923077,0.25,1.0,"[0.3076923076923077,0.25,1.0]",0.9383583995665009,0.517856285967904,"[0.9383583995665009,0.517856285967904]","[0.0008604971802540113,0.9991115438073418,2.7959012404160257e-05]",1
228,d89aba44-424b-9d5d-5dd4-f1fbabf1,0.8461538461538461,0.8333333333333334,1.0,"[0.8461538461538461,0.8333333333333334,1.0]",1.5489211475649396,0.010658415139601862,"[1.5489211475649396,0.010658415139601862]","[1.2842456117245658e-05,0.9936777828752263,0.0063093746686563625]",1
229,d92b593e-555f-9b3b-4007-752ea02c,0.6153846153846154,0.5833333333333334,1.0,"[0.6153846153846154,0.5833333333333334,1.0]",1.2872513984227516,0.22802893120887424,"[1.2872513984227516,0.22802893120887424]","[0.0002141269837770462,0.9971661383215707,0.0026197346946522306]",1
230,d964c832-c32d-77ff-672a-1cf12f7e,0.6923076923076923,0.6666666666666666,0.875,"[0.6923076923076923,0.6666666666666666,0.875]",1.2946815824527635,0.059421280657276476,"[1.2946815824527635,0.059421280657276476]","[0.01244758714734952,4.233277983454635e-16,0.9875524128526502]",2
231,daf25c41-8b84-6414-7646-b7df2abd,0.6153846153846154,0.5833333333333334,1.0,"[0.6153846153846154,0.5833333333333334,1.0]",1.2872513984227516,0.22802893120887424,"[1.2872513984227516,0.22802893120887424]","[0.0002141269837770462,0.9971661383215707,0.0026197346946522306]",1
232,db0c804a-a6ad-cb9d-d037-84256d49,0.3076923076923077,0.25,0.0,"[0.3076923076923077,0.25,0.0]",0.3000138740940962,-0.2513502089268185,"[0.3000138740940962,-0.2513502089268185]","[0.9999999999999969,1.5694602741917359e-15,1.5694602741918444e-15]",0
233,db98a0d9-3d4f-4219-b27d-74a44a01,0.38461538461538464,0.0,1.0,"[0.38461538461538464,0.0,1.0]",0.8300651502319454,0.5993080306069918,"[0.8300651502319454,0.5993080306069918]","[0.0004246509099237807,0.9995725726700728,2.7764200033426964e-06]",1
234,dd30c478-d26e-3f37-f395-b912bead,0.6923076923076923,0.6666666666666666,1.0,"[0.6923076923076923,0.6666666666666666,1.0]",1.3744746481368142,0.15557209251911674,"[1.3744746481368142,0.15557209251911674]","[9.913668266335904e-05,0.9954375973729075,0.004463265944429167]",1
235,de14f7c6-1844-4e1b-bb5c-16ceef86,0.38461538461538464,0.0,1.0,"[0.38461538461538464,0.0,1.0]",0.8300651502319454,0.5993080306069918,"[0.8300651502319454,0.5993080306069918]","[0.0004246509099237807,0.9995725726700728,2.7764200033426964e-06]",1
236,dfc849d9-7793-4345-d533-579da01b,0.8461538461538461,0.14583333333333334,1.0,"[0.8461538461538461,0.14583333333333334,1.0]",1.1456683682771647,0.3280948682553452,"[1.1456683682771647,0.3280948682553452]","[0.004071361919161147,0.9864968907244772,0.009431747356361642]",1
237,e091c85e-d8a5-ed63-dfdb-631d4614,0.3076923076923077,0.0,1.0,"[0.3076923076923077,0.0,1.0]",0.7917210252800373,0.633287723464538,"[0.7917210252800373,0.633287723464538]","[0.00034574213936498246,0.9996533035062491,9.54354385862409e-07]",1
238,e3485d79-4f92-1fff-4e64-56943e9b,0.7692307692307693,0.125,0.7777777777777778,"[0.7692307692307693,0.125,0.7777777777777778]",0.9532501231408502,0.20075907092767253,"[0.9532501231408502,0.20075907092767253]","[0.07112874549101672,8.745582776700848e-17,0.9288712545089831]",2
239,e65e8c36-5f2d-131d-9602-cd643f97,0.6153846153846154,0.25,0.0,"[0.6153846153846154,0.25,0.0]",0.45339037390172876,-0.387268980357003,"[0.45339037390172876,-0.387268980357003]","[0.9999999999999974,1.2523980054619532e-15,1.2523980054619532e-15]",0
240,e74ddfe8-97b1-613e-1495-f884f58c,0.3076923076923077,0.0,1.0,"[0.3076923076923077,0.0,1.0]",0.7917210252800373,0.633287723464538,"[0.7917210252800373,0.633287723464538]","[0.00034574213936498246,0.9996533035062491,9.54354385862409e-07]",1
241,e84ee6a5-b0be-fe4d-cee9-c9846350,0.3076923076923077,0.25,0.6666666666666666,"[0.3076923076923077,0.25,0.6666666666666666]",0.7255768910756993,0.2614541210029965,"[0.7255768910756993,0.2614541210029965]","[0.19668553666798763,1.416542288405604e-16,0.8033144633320123]",2
242,e88cc767-fc0d-54d4-243a-4479ebf9,0.5384615384615384,0.20833333333333331,1.0,"[0.5384615384615384,0.20833333333333331,1.0]",1.028951212041148,0.43515578031137125,"[1.028951212041148,0.43515578031137125]","[0.0005015894373569597,0.9993815831800841,0.00011682738255894057]",1
243,e8f759fe-33ca-af05-511a-3b4aa7f5,0.3076923076923077,0.25,1.0,"[0.3076923076923077,0.25,1.0]",0.9383583995665009,0.517856285967904,"[0.9383583995665009,0.517856285967904]","[0.0008604971802540113,0.9991115438073418,2.7959012404160257e-05]",1
244,e9822752-a8af-cf42-1ddc-d2518ca8,0.6923076923076923,0.16666666666666666,0.75,"[0.6923076923076923,0.16666666666666666,0.75]",0.9216137681957859,0.19413334378870395,"[0.9216137681957859,0.19413334378870395]","[0.09990506696306199,9.959635217159617e-17,0.900094933036938]",2
245,e996ed9e-cf46-2cad-2e67-5688856d,1.0,0.1875,1.0,"[1.0,0.1875,1.0]",1.2467961805620582,0.24089690962414723,"[1.2467961805620582,0.24089690962414723]","[0.0109783590081104,0.8619406920965093,0.1270809488953804]",1
246,e99d6a57-d572-b7f6-34cf-3ac76f24,0.4615384615384616,0.0,1.0,"[0.4615384615384616,0.0,1.0]",0.8684092751838536,0.5653283377494456,"[0.8684092751838536,0.5653283377494456]","[0.0005961517552835457,0.9993948457807676,9.002463948764221e-06]",1
247,eabfeaaa-351b-e551-fd2b-3e6d0f45,0.38461538461538464,0.3333333333333333,0.75,"[0.38461538461538464,0.3333333333333333,0.75]",0.8659955179124624,0.2530978235544659,"[0.8659955179124624,0.2530978235544659]","[0.07798520280876858,7.588695164982448e-17,0.9220147971912314]",2
248,eb9864df-c827-4027-9de4-5829eee9,0.8461538461538461,0.14583333333333334,0.4,"[0.8461538461538461,0.14583333333333334,0.4]",0.7626616529937218,-0.13342902868148832,"[0.7626616529937218,-0.13342902868148832]","[0.999999998579773,4.1059995051474566e-16,1.4202266463786874e-09]",0
249,eba3b0ea-3aeb-a6e3-8df6-742db8a0,0.5384615384615384,0.20833333333333331,1.0,"[0.5384615384615384,0.20833333333333331,1.0]",1.028951212041148,0.43515578031137125,"[1.028951212041148,0.43515578031137125]","[0.0005015894373569597,0.9993815831800841,0.00011682738255894057]",1
250,ebdd7e01-09f4-dbf1-8a08-602d0001,0.3076923076923077,0.027777777777777773,1.0,"[0.3076923076923077,0.027777777777777773,1.0]",0.8080140668674222,0.6204620081871342,"[0.8080140668674222,0.6204620081871342]","[0.000372154957712071,0.9996264878878497,1.3571544383235837e-06]",1
251,ed71098a-9600-3bac-4cca-70ce0496,0.3076923076923077,0.0,1.0,"[0.3076923076923077,0.0,1.0]",0.7917210252800373,0.633287723464538,"[0.7917210252800373,0.633287723464538]","[0.00034574213936498246,0.9996533035062491,9.54354385862409e-07]",1
252,ed71bd28-a732-78c0-de66-e32f77c8,0.3076923076923077,0.0,1.0,"[0.3076923076923077,0.0,1.0]",0.7917210252800373,0.633287723464538,"[0.7917210252800373,0.633287723464538]","[0.00034574213936498246,0.9996533035062491,9.54354385862409e-07]",1
253,edcaf7c0-7593-61d2-f4e9-689b8340,0.4615384615384616,0.16666666666666666,0.6,"[0.4615384615384616,0.16666666666666666,0.6]",0.7108297145192009,0.180691448127134,"[0.7108297145192009,0.180691448127134]","[0.7732968053744534,3.789555533546086e-16,0.22670319462554614]",0
254,ef41223d-f80f-838d-f944-d7c278c7,0.38461538461538464,0.125,1.0,"[0.38461538461538464,0.125,1.0]",0.9033838373751772,0.5415923118586748,"[0.9033838373751772,0.5415923118586748]","[0.0004752146511770022,0.9995142940887832,1.0491260039890655e-05]",1
255,ef70bde5-8a4d-68a0-4f26-e5253d2c,0.3076923076923077,0.25,0.6666666666666666,"[0.3076923076923077,0.25,0.6666666666666666]",0.7255768910756993,0.2614541210029965,"[0.7255768910756993,0.2614541210029965]","[0.19668553666798763,1.416542288405604e-16,0.8033144633320123]",2
256,f2a9ccb0-9831-6d2a-6254-8f0366c9,0.4615384615384616,0.16666666666666666,1.0,"[0.4615384615384616,0.16666666666666666,1.0]",0.9661675247081627,0.488374046085023,"[0.9661675247081627,0.488374046085023]","[0.0004963411329375782,0.9994672387117498,3.642015531258538e-05]",1
257,f309c633-16b6-7dc6-6a93-65789e3f,0.4615384615384616,0.4166666666666667,1.0,"[0.4615384615384616,0.4166666666666667,1.0]",1.1128048989946264,0.372942608588389,"[1.1128048989946264,0.372942608588389]","[0.0006016838984132821,0.9989602453435545,0.0004380707580321585]",1
258,f4bf52fc-cffa-0f52-f4f9-2eff92fc,0.3076923076923077,0.25,0.0,"[0.3076923076923077,0.25,0.0]",0.3000138740940962,-0.2513502089268185,"[0.3000138740940962,-0.2513502089268185]","[0.9999999999999969,1.5694602741917359e-15,1.5694602741918444e-15]",0
259,f5196f35-183f-1d55-1883-5fef618e,0.3076923076923077,0.08333333333333333,1.0,"[0.3076923076923077,0.08333333333333333,1.0]",0.8406001500421918,0.5948105776323267,"[0.8406001500421918,0.5948105776323267]","[0.0004402424467473536,0.9995569648995176,2.7926537350299036e-06]",1
260,f6956137-aec3-29d6-ad64-d870e209,0.5384615384615384,0.033333333333333326,1.0,"[0.5384615384615384,0.033333333333333326,1.0]",0.9263050500406235,0.515957786559015,"[0.9263050500406235,0.515957786559015]","[0.0008403646060465052,0.9991205842831152,3.905111083829126e-05]",1
261,f6c2c059-c90e-1566-cc25-b0823249,0.7692307692307693,0.75,1.0,"[0.7692307692307693,0.75,1.0]",1.461697897850877,0.08311525382935925,"[1.461697897850877,0.08311525382935925]","[3.879397947086356e-05,0.993980302187128,0.005980903833401294]",1
262,f6cd37ab-4add-fb6f-20c2-2374f109,0.38461538461538464,0.3333333333333333,1.0,"[0.38461538461538464,0.3333333333333333,1.0]",1.0255816492805636,0.44539944727814657,"[1.0255816492805636,0.44539944727814657]","[0.0007828140295332404,0.9990923738078803,0.0001248121625865203]",1
263,f83fd099-8c89-2894-3a91-bb38be88,0.6153846153846154,0.13888888888888887,1.0,"[0.6153846153846154,0.13888888888888887,1.0]",1.026562733024594,0.43324037564733453,"[1.026562733024594,0.43324037564733453]","[0.0008062817772523845,0.9989815574892259,0.00021216073352175544]",1
264,f8c2bef5-12f7-05a2-39e8-43daff7b,0.4615384615384616,0.04166666666666666,0.4,"[0.4615384615384616,0.04166666666666666,0.4]",0.5098421222814881,0.08456586789650647,"[0.5098421222814881,0.08456586789650647]","[0.9999955453876773,4.766109898872627e-16,4.454612322234659e-06]",0
265,f8f5aa96-ff9b-eb8f-c3dc-06293d3f,0.3076923076923077,0.08333333333333333,0.6666666666666666,"[0.3076923076923077,0.08333333333333333,0.6666666666666666]",0.6278186415513902,0.3384084126674191,"[0.6278186415513902,0.3384084126674191]","[0.12132663429277252,1.4732939374022733e-16,0.8786733657072273]",2
266,fb1d6ed7-6e3b-21ed-c1d0-d1456834,0.38461538461538464,0.3333333333333333,1.0,"[0.38461538461538464,0.3333333333333333,1.0]",1.0255816492805636,0.44539944727814657,"[1.0255816492805636,0.44539944727814657]","[0.0007828140295332404,0.9990923738078803,0.0001248121625865203]",1
267,fcb83a6e-9298-b96c-29e5-c217b27f,0.5384615384615384,0.11111111111111112,0.8333333333333334,"[0.5384615384615384,0.11111111111111112,0.8333333333333334]",0.8655348122399003,0.3518447012998307,"[0.8655348122399003,0.3518447012998307]","[0.08067641334090582,1.3750593856824362e-16,0.919323586659094]",2
268,ff3d026c-5e45-1835-2b58-e6308d38,0.3076923076923077,0.25,0.6666666666666666,"[0.3076923076923077,0.25,0.6666666666666666]",0.7255768910756993,0.2614541210029965,"[0.7255768910756993,0.2614541210029965]","[0.19668553666798763,1.416542288405604e-16,0.8033144633320123]",2
269,ff549000-a9c8-4964-1ece-6923a32e,0.38461538461538464,0.05555555555555556,1.0,"[0.38461538461538464,0.05555555555555556,1.0]",0.8626512334067151,0.5736566000521842,"[0.8626512334067151,0.5736566000521842]","[0.00043875706196463705,0.9995563022237959,4.940714239483058e-06]",1
